obf_true,cfr,readable,source,opcode,direction,base,pkg2007
A,A,AchievementMessageHandler,ai,,,,
AA,aa_1,aa_1,auto,,,,
AB,ab_1,ab_1,auto,,,,
AC,ac_0,ac_0,auto,,,,
AD,ad_1,ad_1,auto,,,,
AE,ae_1,ae_1,auto,,,,
AF,af_0,af_0,auto,,,,
AG,ag_2,ag_2,auto,,,,
AH,ah_1,ah_1,auto,,,,
AI,AI,AI,auto,,,,
AJ,AJ,AJ,auto,,,,
AK,ak_0,ak_0,auto,,,,
AL,al_0,al_0,auto,,,,
AM,AM,AM,auto,,,,
AN,an_1,an_1,auto,,,,
AO,ao_2,ProxyMessageHandler,ai,,,,
AP,AP,AP,auto,,,,
AQ,aq_1,aq_1,auto,,,,
AR,ar_1,ar_1,auto,,,,
AS,AS,AS,auto,,,,
AT,at_2,at_2,auto,,,,
AU,AU,AU,auto,,,,
AV,AV,AV,auto,,,,
AW,AW,AW,auto,,,,
AX,ax_2,ChannelMembersMessage,opcode_map,3138,S2C,ael_2,com.ankamagames.baseImpl.client.proxyclient.base.network.protocol.message.chat.serverToClient
AY,ay_1,ay_1,auto,,,,
AZ,az_2,az_2,auto,,,,
Aa,aa_0,aa_0,auto,,,,
Ab,Ab,C2SMessage4518,ai,,,,
Ac,Ac,Ac,auto,,,,
Ad,Ad,Ad,auto,,,,
Ae,ae_0,ae_0,auto,,,,
Af,Af,Af,auto,,,,
Ag,ag_1,ag_1,auto,,,,
Ah,ah_0,ah_0,auto,,,,
Ai,ai_0,ai_0,auto,,,,
Aj,aj_0,aj_0,auto,,,,
Ak,ak_1,ak_1,auto,,,,
Al,al_1,al_1,auto,,,,
Am,am_0,am_0,auto,,,,
An,An,An,auto,,,,
Ao,ao_1,ao_1,auto,,,,
Ap,ap_0,ap_0,auto,,,,
Aq,Aq,Aq,auto,,,,
Ar,ar_0,TeamPresetListMessage,opcode_map,6030,S2C,ael_2,com.ankamagames.dofusarena.client.network.protocol.message.game.serverToClient.teamManagement
As,as_1,GiveUpFightRequestMessage,opcode_map,8151,C2S,so_0,com.ankamagames.dofusarena.client.network.protocol.message.game.clientToServer.fight
At,at_1,at_1,auto,,,,
Au,au_2,TeamMateSetReadyForPlacementRequestMessage,opcode_map,8011,C2S,so_0,com.ankamagames.dofusarena.client.network.protocol.message.game.clientToServer.fight
Av,av_2,av_2,auto,,,,
Aw,aw_2,aw_2,auto,,,,
Ax,Ax,Ax,auto,,,,
Ay,ay_2,ay_2,auto,,,,
Az,az_0,CoachCreationResultMessage,opcode_map,2050,S2C,ael_2,com.ankamagames.dofusarena.client.network.protocol.message.world.serverToClient
B,B,B,auto,,,,
BA,ba_1,ba_1,auto,,,,
BB,bb_1,bb_1,auto,,,,
BC,bc_0,bc_0,auto,,,,
BD,bd_1,bd_1,auto,,,,
BE,be_0,be_0,auto,,,,
BF,bf_0,bf_0,auto,,,,
BG,bg_2,bg_2,auto,,,,
BH,bh_2,bh_2,auto,,,,
BI,bi_2,C2SMessage28605,ai,,,,
BJ,bj_2,bj_2,auto,,,,
BK,bk_0,bk_0,auto,,,,
BL,bl_2,bl_2,auto,,,,
BM,bm_2,bm_2,auto,,,,
BN,bn_0,bn_0,auto,,,,
BO,bo_0,bo_0,auto,,,,
BP,BP,BP,auto,,,,
BQ,BQ,BQ,auto,,,,
BR,br_1,br_1,auto,,,,
BS,bs_0,bs_0,auto,,,,
BT,BT,BT,auto,,,,
BU,bu_1,ClientAuthenticationMessage,opcode_map,1025,C2S,so_0,com.ankamagames.dofusarena.client.network.protocol.message.connection.clientToServer
BV,BV,BV,auto,,,,
BW,bw_2,bw_2,auto,,,,
BX,bx_1,S2CMessage2307,ai,,,,
BY,BY,BY,auto,,,,
BZ,bz_2,bz_2,auto,,,,
Ba,ba_2,ba_2,auto,,,,
Bb,Bb,Bb,auto,,,,
Bc,Bc,Bc,auto,,,,
Bd,bd_0,bd_0,auto,,,,
Be,be_1,be_1,auto,,,,
Bf,Bf,Bf,auto,,,,
Bg,Bg,Bg,auto,,,,
Bh,bh_0,bh_0,auto,,,,
Bi,bi_0,bi_0,auto,,,,
Bj,bj_1,bj_1,auto,,,,
Bk,Bk,Bk,auto,,,,
Bl,bl_1,C2SMessage26303,ai,,,,
Bm,bm_1,C2SMessage23101,ai,,,,
Bn,bn_1,bn_1,auto,,,,
Bo,bo_1,ProxyMessageHandler_1,ai,,,,
Bp,bp_0,bp_0,auto,,,,
Bq,bq_0,bq_0,auto,,,,
Br,br_2,br_2,auto,,,,
Bs,Bs,ChannelLeaveMessage,opcode_map,3132,S2C,ael_2,com.ankamagames.baseImpl.client.proxyclient.base.network.protocol.message.chat.serverToClient
Bt,bt_0,C2SMessage28609,ai,,,,
Bu,bu_2,bu_2,auto,,,,
Bv,bv_0,bv_0,auto,,,,
Bw,bw_1,bw_1,auto,,,,
Bx,bx_0,bx_0,auto,,,,
By,by_1,ChannelFlagsMessage,opcode_map,3128,S2C,ael_2,com.ankamagames.baseImpl.client.proxyclient.base.network.protocol.message.chat.serverToClient
Bz,bz_1,bz_1,auto,,,,
C,C,C,auto,,,,
CA,ca_0,ca_0,auto,,,,
CB,cb_2,cb_2,auto,,,,
CC,cc_1,cc_1,auto,,,,
CD,cd_0,cd_0,auto,,,,
CE,ce_2,ce_2,auto,,,,
CF,cf_2,cf_2,auto,,,,
CG,CG,CG,auto,,,,
CH,ch_1,ch_1,auto,,,,
CI,CI,CI,auto,,,,
CJ,cj_0,ProxyMessageHandler_2,ai,,,,
CK,ck_1,ck_1,auto,,,,
CL,cl_1,cl_1,auto,,,,
CM,cm_0,cm_0,auto,,,,
CN,CN,CN,auto,,,,
CO,co_0,co_0,auto,,,,
CP,cp_0,ExchangeMessageHandler,ai,,,,
CQ,cq_1,cq_1,auto,,,,
CR,cr_0,cr_0,auto,,,,
CS,cs_0,cs_0,auto,,,,
CT,ct_2,ct_2,auto,,,,
CU,CU,NoInstanceServerAvailableMessage,opcode_map,5000,S2C,ael_2,com.ankamagames.dofusarena.client.network.protocol.message.game.serverToClient.serverStatus
CV,cv_2,cv_2,auto,,,,
CW,cw_0,cw_0,auto,,,,
CX,cx_1,ProxyMessage19000,ai,,,,
CY,cy_0,cy_0,auto,,,,
CZ,cz_2,cz_2,auto,,,,
Ca,ca_1,ca_1,auto,,,,
Cb,cb_1,cb_1,auto,,,,
Cc,Cc,Cc,auto,,,,
Cd,cd_1,cd_1,auto,,,,
Ce,ce_1,TeamMessageHandler,ai,,,,
Cf,cf_1,cf_1,auto,,,,
Cg,cg_2,cg_2,auto,,,,
Ch,ch_2,ch_2,auto,,,,
Ci,ci_0,ci_0,auto,,,,
Cj,cj_1,cj_1,auto,,,,
Ck,ck_2,C2SMessage27514,ai,,,,
Cl,cl_2,cl_2,auto,,,,
Cm,Cm,Cm,auto,,,,
Cn,cn_0,cn_0,auto,,,,
Co,Co,ProxyMessage24000,ai,,,,
Cp,Cp,Cp,auto,,,,
Cq,cq_0,cq_0,auto,,,,
Cr,cr_2,cr_2,auto,,,,
Cs,Cs,Cs,auto,,,,
Ct,Ct,Ct,auto,,,,
Cu,cu_0,cu_0,auto,,,,
Cv,cv_1,cv_1,auto,,,,
Cw,cw_2,cw_2,auto,,,,
Cx,cx_0,cx_0,auto,,,,
Cy,cy_1,cy_1,auto,,,,
Cz,cz_1,cz_1,auto,,,,
D,D,D,auto,,,,
DA,da_2,da_2,auto,,,,
DB,db_2,db_2,auto,,,,
DC,dc_1,dc_1,auto,,,,
DD,dd_2,dd_2,auto,,,,
DE,de_2,de_2,auto,,,,
DF,DF,DF,auto,,,,
DG,dg_0,S2CMessage28630,ai,,,,
DH,dh_1,dh_1,auto,,,,
DI,di_2,di_2,auto,,,,
DJ,dj_0,dj_0,auto,,,,
DK,dk_2,dk_2,auto,,,,
DL,dl_1,dl_1,auto,,,,
DM,DM,DM,auto,,,,
DN,dn_0,dn_0,auto,,,,
DO,do_2,CombatMessageHandler,ai,,,,
DP,dp_0,C2SMessage27500,ai,,,,
DQ,DQ,DeletionFighterInformationMessage,opcode_map,6002,S2C,ael_2,com.ankamagames.dofusarena.client.network.protocol.message.game.serverToClient.teamManagement
DR,DR,S2CMessage28612,ai,,,,
DS,DS,DS,auto,,,,
DT,dt_2,dt_2,auto,,,,
DU,du_1,du_1,auto,,,,
DV,DV,DV,auto,,,,
DW,dw_1,TeamMateSetReadyForObservationMessage,opcode_map,8024,S2C,ael_2,com.ankamagames.dofusarena.client.network.protocol.message.game.serverToClient.fight
DX,dx_2,TeamMessageHandler_1,ai,,,,
DY,dy_2,S2CMessage6025,ai,,,,
DZ,dz_2,dz_2,auto,,,,
Da,da_0,da_0,auto,,,,
Db,Db,ProxyMessage16604,ai,,,,
Dc,dc_0,dc_0,auto,,,,
Dd,dd_0,dd_0,auto,,,,
De,de_0,S2CMessage28610,ai,,,,
Df,df_2,df_2,auto,,,,
Dg,Dg,Dg,auto,,,,
Dh,dh_0,NotificationFriendOnlineMessage,opcode_map,3148,S2C,ael_2,com.ankamagames.baseImpl.client.proxyclient.base.network.protocol.message.chat.serverToClient
Di,di_1,di_1,auto,,,,
Dj,Dj,Dj,auto,,,,
Dk,dk_0,dk_0,auto,,,,
Dl,dl_2,dl_2,auto,,,,
Dm,dm_1,dm_1,auto,,,,
Dn,dn_1,dn_1,auto,,,,
Do,do_0,do_0,auto,,,,
Dp,dp_2,dp_2,auto,,,,
Dq,dq_2,dq_2,auto,,,,
Dr,dr_1,dr_1,auto,,,,
Ds,ds_2,TournamentMessageHandler,ai,,,,
Dt,dt_1,dt_1,auto,,,,
Du,Du,Du,auto,,,,
Dv,dv_1,dv_1,auto,,,,
Dw,Dw,Dw,auto,,,,
Dx,dx_0,dx_0,auto,,,,
Dy,dy_1,dy_1,auto,,,,
Dz,dz_0,dz_0,auto,,,,
E,E,E,auto,,,,
EA,EA,EA,auto,,,,
EB,eb_1,eb_1,auto,,,,
EC,ec_2,ec_2,auto,,,,
ED,ed_0,ed_0,auto,,,,
EE,ee_2,ee_2,auto,,,,
EF,ef_0,ef_0,auto,,,,
EG,eg_1,eg_1,auto,,,,
EH,eh_0,eh_0,auto,,,,
EI,ei_1,ei_1,auto,,,,
EJ,ej_1,ej_1,auto,,,,
EK,ek_2,ek_2,auto,,,,
EL,el_2,el_2,auto,,,,
EM,EM,EM,auto,,,,
EN,en_0,en_0,auto,,,,
EO,EO,EO,auto,,,,
EP,ep_1,ep_1,auto,,,,
EQ,eq_1,S2CMessage27528,ai,,,,
ER,ER,ER,auto,,,,
ES,es_2,es_2,auto,,,,
ET,et_1,et_1,auto,,,,
EU,eu_2,eu_2,auto,,,,
EV,EV,EV,auto,,,,
EW,ew_1,ew_1,auto,,,,
EX,ex_0,ex_0,auto,,,,
EY,EY,EY,auto,,,,
EZ,ez_1,ez_1,auto,,,,
Ea,ea_1,ea_1,auto,,,,
Eb,eb_0,eb_0,auto,,,,
Ec,ec_1,ec_1,auto,,,,
Ed,Ed,Ed,auto,,,,
Ee,ee_0,ee_0,auto,,,,
Ef,ef_1,ef_1,auto,,,,
Eg,eg_2,eg_2,auto,,,,
Eh,Eh,S2CMessage15003,ai,,,,
Ei,Ei,Ei,auto,,,,
Ej,Ej,Ej,auto,,,,
Ek,ek_1,ek_1,auto,,,,
El,el_0,el_0,auto,,,,
Em,em_1,em_1,auto,,,,
En,en_2,en_2,auto,,,,
Eo,eo_0,eo_0,auto,,,,
Ep,ep_2,ep_2,auto,,,,
Eq,Eq,Eq,auto,,,,
Er,er_0,er_0,auto,,,,
Es,Es,Es,auto,,,,
Et,et_2,et_2,auto,,,,
Eu,eu_1,eu_1,auto,,,,
Ev,ev_2,ev_2,auto,,,,
Ew,Ew,Ew,auto,,,,
Ex,ex_2,ex_2,auto,,,,
Ey,ey_1,ey_1,auto,,,,
Ez,ez_2,MemberNotFoundMessage,opcode_map,3208,S2C,ael_2,com.ankamagames.baseImpl.client.proxyclient.base.network.protocol.message.chat.serverToClient.errorMessage
F,F,C2SMessage539,ai,,,,
FA,fa_2,fa_2,auto,,,,
FB,fb_1,fb_1,auto,,,,
FC,fc_1,fc_1,auto,,,,
FD,fd_0,fd_0,auto,,,,
FE,fe_1,fe_1,auto,,,,
FF,ff_2,ff_2,auto,,,,
FG,fg_0,fg_0,auto,,,,
FH,fh_0,CoachInventoryUpdateRequestMessage,opcode_map,5203,C2S,so_0,com.ankamagames.dofusarena.client.network.protocol.message.game.clientToServer.coachManagement
FI,fi_2,fi_2,auto,,,,
FJ,fj_0,fj_0,auto,,,,
FK,fk_1,fk_1,auto,,,,
FL,fl_1,fl_1,auto,,,,
FM,fm_0,fm_0,auto,,,,
FN,fn_2,fn_2,auto,,,,
FO,FO,FO,auto,,,,
FP,fp_0,GameMessageDispatcher,framework,,,,
FQ,fq_0,fq_0,auto,,,,
FR,fr_2,fr_2,auto,,,,
FS,fs_0,fs_0,auto,,,,
FT,ft_0,IgnoreAddedMessage,opcode_map,3158,S2C,ael_2,com.ankamagames.baseImpl.client.proxyclient.base.network.protocol.message.chat.serverToClient
FU,fu_1,fu_1,auto,,,,
FV,fv_1,fv_1,auto,,,,
FW,fw_0,fw_0,auto,,,,
FX,FX,FX,auto,,,,
FY,fy_0,fy_0,auto,,,,
FZ,fz_2,fz_2,auto,,,,
Fa,Fa,Fa,auto,,,,
Fb,fb_0,fb_0,auto,,,,
Fc,Fc,Fc,auto,,,,
Fd,Fd,Fd,auto,,,,
Fe,fe_0,fe_0,auto,,,,
Ff,ff_1,ff_1,auto,,,,
Fg,fg_1,fg_1,auto,,,,
Fh,Fh,Fh,auto,,,,
Fi,fi_1,fi_1,auto,,,,
Fj,fj_2,fj_2,auto,,,,
Fk,fk_2,fk_2,auto,,,,
Fl,fl_0,fl_0,auto,,,,
Fm,Fm,Fm,auto,,,,
Fn,Fn,Fn,auto,,,,
Fo,fo_2,fo_2,auto,,,,
Fp,fp_2,ProxyMessage1,ai,,,,
Fq,Fq,Fq,auto,,,,
Fr,fr_1,fr_1,auto,,,,
Fs,fs_2,fs_2,auto,,,,
Ft,ft_2,ft_2,auto,,,,
Fu,Fu,Fu,auto,,,,
Fv,fv_2,fv_2,auto,,,,
Fw,Fw,Fw,auto,,,,
Fx,fx_1,fx_1,auto,,,,
Fy,fy_2,fy_2,auto,,,,
Fz,fz_1,fz_1,auto,,,,
G,G,G,auto,,,,
GA,ga_2,ga_2,auto,,,,
GB,gb_1,gb_1,auto,,,,
GC,gc_1,gc_1,auto,,,,
GD,GD,GD,auto,,,,
GE,GE,GE,auto,,,,
GF,gf_1,gf_1,auto,,,,
GG,gg_2,gg_2,auto,,,,
GH,gh_1,gh_1,auto,,,,
GI,gi_2,gi_2,auto,,,,
GJ,gj_0,gj_0,auto,,,,
GK,gk_1,gk_1,auto,,,,
GL,gl_1,gl_1,auto,,,,
GM,gm_0,gm_0,auto,,,,
GN,GN,GN,auto,,,,
GO,go_1,ChatMessage16385,ai,,,,
GP,gp_2,gp_2,auto,,,,
GQ,gq_2,gq_2,auto,,,,
GR,gr_1,gr_1,auto,,,,
GS,gs_0,gs_0,auto,,,,
GT,GT,GT,auto,,,,
GU,gu_1,gu_1,auto,,,,
GV,GV,GV,auto,,,,
GW,gw_0,gw_0,auto,,,,
GX,gx_1,gx_1,auto,,,,
GY,GY,GY,auto,,,,
GZ,GZ,GZ,auto,,,,
Ga,Ga,Ga,auto,,,,
Gb,Gb,Gb,auto,,,,
Gc,gc_0,C2SMessage27527,ai,,,,
Gd,gd_2,gd_2,auto,,,,
Ge,ge_2,ge_2,auto,,,,
Gf,Gf,Gf,auto,,,,
Gg,gg_1,gg_1,auto,,,,
Gh,gh_0,gh_0,auto,,,,
Gi,gi_1,gi_1,auto,,,,
Gj,gj_2,gj_2,auto,,,,
Gk,Gk,Gk,auto,,,,
Gl,gl_0,gl_0,auto,,,,
Gm,gm_1,gm_1,auto,,,,
Gn,gn_0,gn_0,auto,,,,
Go,go_0,go_0,auto,,,,
Gp,Gp,Gp,auto,,,,
Gq,gq_1,gq_1,auto,,,,
Gr,Gr,Gr,auto,,,,
Gs,Gs,C2SMessage4512,ai,,,,
Gt,gt_0,gt_0,auto,,,,
Gu,gu_0,gu_0,auto,,,,
Gv,gv_0,gv_0,auto,,,,
Gw,gw_1,gw_1,auto,,,,
Gx,Gx,Gx,auto,,,,
Gy,gy_0,gy_0,auto,,,,
Gz,gz_1,GameMessageFactory,framework,,,,
H,h_0,S2CMessage556,ai,,,,
HA,HA,HA,auto,,,,
HB,HB,HB,auto,,,,
HC,HC,HC,auto,,,,
HD,hd_1,hd_1,auto,,,,
HE,he_0,he_0,auto,,,,
HF,hf_1,hf_1,auto,,,,
HG,hg_1,ProxyMessageHandler_3,ai,,,,
HH,hh_1,hh_1,auto,,,,
HI,hi_2,hi_2,auto,,,,
HJ,HJ,S2CMessage2411,ai,,,,
HK,hk_0,hk_0,auto,,,,
HL,HL,HL,auto,,,,
HM,hm_1,CoachMessageHandler,ai,,,,
HN,hn_2,hn_2,auto,,,,
HO,ho_1,ho_1,auto,,,,
HP,HP,HP,auto,,,,
HQ,HQ,HQ,auto,,,,
HR,hr_1,hr_1,auto,,,,
HS,hs_0,hs_0,auto,,,,
HT,ht_0,ht_0,auto,,,,
HU,hu_1,hu_1,auto,,,,
HV,HV,HV,auto,,,,
HW,HW,HW,auto,,,,
HX,hx_0,hx_0,auto,,,,
HY,hy_1,hy_1,auto,,,,
HZ,hz_2,hz_2,auto,,,,
Ha,ha_1,ha_1,auto,,,,
Hb,hb_2,hb_2,auto,,,,
Hc,hc_0,hc_0,auto,,,,
Hd,hd_0,hd_0,auto,,,,
He,he_1,he_1,auto,,,,
Hf,Hf,OpponentSearchInProgressMessage,opcode_map,2304,S2C,ael_2,com.ankamagames.dofusarena.client.network.protocol.message.world.serverToClient
Hg,hg_0,hg_0,auto,,,,
Hh,Hh,Hh,auto,,,,
Hi,hi_0,hi_0,auto,,,,
Hj,hj_0,hj_0,auto,,,,
Hk,hk_1,C2SMessage26301,ai,,,,
Hl,hl_2,hl_2,auto,,,,
Hm,hm_2,hm_2,auto,,,,
Hn,hn_0,hn_0,auto,,,,
Ho,ho_2,ho_2,auto,,,,
Hp,hp_2,hp_2,auto,,,,
Hq,hq_0,hq_0,auto,,,,
Hr,hr_0,hr_0,auto,,,,
Hs,Hs,Hs,auto,,,,
Ht,Ht,Ht,auto,,,,
Hu,Hu,Hu,auto,,,,
Hv,hv_1,hv_1,auto,,,,
Hw,hw_0,hw_0,auto,,,,
Hx,hx_1,hx_1,auto,,,,
Hy,hy_0,hy_0,auto,,,,
Hz,hz_0,hz_0,auto,,,,
I,i_0,i_0,auto,,,,
IA,IA,IA,auto,,,,
IB,ib_0,ib_0,auto,,,,
IC,ic_0,ic_0,auto,,,,
ID,id_0,id_0,auto,,,,
IE,ie_0,ie_0,auto,,,,
IF,if_1,if_1,auto,,,,
IG,ig_0,ig_0,auto,,,,
IH,IH,IH,auto,,,,
II,ii_2,ii_2,auto,,,,
IJ,ij_1,S2CMessage27503,ai,,,,
IK,ik_2,ik_2,auto,,,,
IL,IL,S2CMessage28650,ai,,,,
IM,im_0,im_0,auto,,,,
IN,in_2,in_2,auto,,,,
IO,io_1,io_1,auto,,,,
IP,IP,IP,auto,,,,
IQ,iq_1,iq_1,auto,,,,
IR,ir_1,ir_1,auto,,,,
IS,IS,IS,auto,,,,
IT,it_0,it_0,auto,,,,
IU,IU,IU,auto,,,,
IV,IV,IV,auto,,,,
IW,iw_2,iw_2,auto,,,,
IX,ix_2,ix_2,auto,,,,
IY,iy_1,iy_1,auto,,,,
IZ,iz_1,iz_1,auto,,,,
Ia,ia_1,ia_1,auto,,,,
Ib,Ib,Ib,auto,,,,
Ic,ic_1,ic_1,auto,,,,
Id,id_2,id_2,auto,,,,
Ie,ie_2,ie_2,auto,,,,
If,If,C_If,auto,,,,
Ig,ig_1,ig_1,auto,,,,
Ih,ih_0,ih_0,auto,,,,
Ii,Ii,Ii,auto,,,,
Ij,ij_0,ij_0,auto,,,,
Ik,Ik,Ik,auto,,,,
Il,il_0,S2CMessage204,ai,,,,
Im,Im,Im,auto,,,,
In,in_0,in_0,auto,,,,
Io,Io,Io,auto,,,,
Ip,ip_2,ip_2,auto,,,,
Iq,iq_0,iq_0,auto,,,,
Ir,Ir,Ir,auto,,,,
Is,is_2,is_2,auto,,,,
It,it_2,it_2,auto,,,,
Iu,iu_0,iu_0,auto,,,,
Iv,iv_0,iv_0,auto,,,,
Iw,Iw,Iw,auto,,,,
Ix,Ix,Ix,auto,,,,
Iy,Iy,Iy,auto,,,,
Iz,iz_0,iz_0,auto,,,,
J,J,J,auto,,,,
JA,ja_1,ja_1,auto,,,,
JB,jb_0,jb_0,auto,,,,
JC,jc_0,jc_0,auto,,,,
JD,jd_1,jd_1,auto,,,,
JE,je_1,je_1,auto,,,,
JF,jf_1,jf_1,auto,,,,
JG,JG,JG,auto,,,,
JH,jh_0,jh_0,auto,,,,
JI,ji_1,ji_1,auto,,,,
JJ,jj_0,jj_0,auto,,,,
JK,jk_0,jk_0,auto,,,,
JL,jl_1,jl_1,auto,,,,
JM,jm_1,jm_1,auto,,,,
JN,jn_0,jn_0,auto,,,,
JO,JO,JO,auto,,,,
JP,jp_1,jp_1,auto,,,,
JQ,jq_0,jq_0,auto,,,,
JR,jr_1,jr_1,auto,,,,
JS,js_2,js_2,auto,,,,
JT,jt_2,FighterInformationListMessage,opcode_map,6006,S2C,ael_2,com.ankamagames.dofusarena.client.network.protocol.message.game.serverToClient.teamManagement
JU,ju_0,ju_0,auto,,,,
JV,jv_0,jv_0,auto,,,,
JW,jw_1,jw_1,auto,,,,
JX,JX,JX,auto,,,,
JY,JY,C2SMessage4701,ai,,,,
JZ,jz_0,jz_0,auto,,,,
Ja,ja_0,S2CMessage102,ai,,,,
Jb,jb_2,jb_2,auto,,,,
Jc,Jc,C2SMessage23000,ai,,,,
Jd,jd_0,jd_0,auto,,,,
Je,Je,Je,auto,,,,
Jf,jf_0,NotificationIgnoreOfflineMessage,opcode_map,3166,S2C,ael_2,com.ankamagames.baseImpl.client.proxyclient.base.network.protocol.message.chat.serverToClient
Jg,jg_1,NewTableTurnBeginMessage,opcode_map,8100,S2C,ue_0,com.ankamagames.dofusarena.client.network.protocol.message.game.serverToClient.fight
Jh,jh_1,jh_1,auto,,,,
Ji,ji_0,ji_0,auto,,,,
Jj,jj_2,jj_2,auto,,,,
Jk,Jk,Jk,auto,,,,
Jl,jl_0,jl_0,auto,,,,
Jm,jm_2,jm_2,auto,,,,
Jn,jn_1,jn_1,auto,,,,
Jo,jo_0,jo_0,auto,,,,
Jp,jp_2,jp_2,auto,,,,
Jq,jq_2,jq_2,auto,,,,
Jr,jr_0,jr_0,auto,,,,
Js,js_0,js_0,auto,,,,
Jt,jt_1,jt_1,auto,,,,
Ju,Ju,Ju,auto,,,,
Jv,jv_1,jv_1,auto,,,,
Jw,jw_0,S2CMessage27509,ai,,,,
Jx,jx_0,jx_0,auto,,,,
Jy,jy_0,jy_0,auto,,,,
Jz,jz_1,jz_1,auto,,,,
K,k_0,k_0,auto,,,,
KA,ka_2,ka_2,auto,,,,
KB,kb_1,kb_1,auto,,,,
KC,kc_0,kc_0,auto,,,,
KD,kd_0,ProxyMessage16617,ai,,,,
KE,ke_1,ke_1,auto,,,,
KF,kf_1,kf_1,auto,,,,
KG,kg_1,kg_1,auto,,,,
KH,kh_2,kh_2,auto,,,,
KI,KI,KI,auto,,,,
KJ,kj_0,kj_0,auto,,,,
KK,KK,KK,auto,,,,
KL,KL,S2CMessage23008,ai,,,,
KM,km_1,km_1,auto,,,,
KN,KN,KN,auto,,,,
KO,ko_2,ko_2,auto,,,,
KP,kp_0,kp_0,auto,,,,
KQ,kq_0,kq_0,auto,,,,
KR,KR,KR,auto,,,,
KS,ks_2,ks_2,auto,,,,
KT,kt_0,kt_0,auto,,,,
KU,KU,KU,auto,,,,
KV,kv_0,kv_0,auto,,,,
KW,KW,KW,auto,,,,
KX,KX,KX,auto,,,,
KY,ky_0,ky_0,auto,,,,
KZ,kz_0,kz_0,auto,,,,
Ka,ka_0,ka_0,auto,,,,
Kb,kb_0,kb_0,auto,,,,
Kc,kc_2,kc_2,auto,,,,
Kd,kd_1,kd_1,auto,,,,
Ke,ke_2,ke_2,auto,,,,
Kf,Kf,Kf,auto,,,,
Kg,kg_0,kg_0,auto,,,,
Kh,kh_1,kh_1,auto,,,,
Ki,ki_0,ki_0,auto,,,,
Kj,kj_1,kj_1,auto,,,,
Kk,kk_2,kk_2,auto,,,,
Kl,kl_1,kl_1,auto,,,,
Km,km_2,km_2,auto,,,,
Kn,kn_1,kn_1,auto,,,,
Ko,Ko,C2SMessage557,ai,,,,
Kp,kp_2,kp_2,auto,,,,
Kq,kq_2,S2CMessage2601,ai,,,,
Kr,kr_2,kr_2,auto,,,,
Ks,ks_1,ks_1,auto,,,,
Kt,Kt,Kt,auto,,,,
Ku,ku_0,ku_0,auto,,,,
Kv,kv_2,ExchangeMessageHandler_1,ai,,,,
Kw,kw_2,FighterTurnBeginMessage,opcode_map,8104,S2C,ue_0,com.ankamagames.dofusarena.client.network.protocol.message.game.serverToClient.fight
Kx,kx_0,kx_0,auto,,,,
Ky,Ky,Ky,auto,,,,
Kz,kz_1,FriendAddedMessage,opcode_map,3156,S2C,ael_2,com.ankamagames.baseImpl.client.proxyclient.base.network.protocol.message.chat.serverToClient
L,l_0,l_0,auto,,,,
LA,la_0,la_0,auto,,,,
LB,lb_2,lb_2,auto,,,,
LC,lc_0,lc_0,auto,,,,
LD,LD,LD,auto,,,,
LE,le_2,le_2,auto,,,,
LF,lf_2,lf_2,auto,,,,
LG,lg_2,lg_2,auto,,,,
LH,lh_1,GuildMessageHandler,ai,,,,
LI,li_1,li_1,auto,,,,
LJ,lj_0,lj_0,auto,,,,
LK,lk_1,lk_1,auto,,,,
LL,ll_0,ll_0,auto,,,,
LM,LM,LM,auto,,,,
LN,ln_2,ln_2,auto,,,,
LO,lo_2,lo_2,auto,,,,
LP,lp_1,lp_1,auto,,,,
LQ,lq_1,lq_1,auto,,,,
LR,lr_0,lr_0,auto,,,,
LS,LS,LS,auto,,,,
LT,lt_1,lt_1,auto,,,,
LU,lu_0,lu_0,auto,,,,
LV,lv_0,lv_0,auto,,,,
LW,lw_2,lw_2,auto,,,,
LX,LX,LX,auto,,,,
LY,ly_2,ly_2,auto,,,,
LZ,lz_0,lz_0,auto,,,,
La,La,La,auto,,,,
Lb,Lb,Lb,auto,,,,
Lc,lc_2,lc_2,auto,,,,
Ld,ld_2,ld_2,auto,,,,
Le,Le,Le,auto,,,,
Lf,lf_1,lf_1,auto,,,,
Lg,lg_1,lg_1,auto,,,,
Lh,lh_2,lh_2,auto,,,,
Li,li_0,li_0,auto,,,,
Lj,lj_2,lj_2,auto,,,,
Lk,lk_0,S2CMessage6027,ai,,,,
Ll,Ll,Ll,auto,,,,
Lm,lm_0,lm_0,auto,,,,
Ln,ln_0,ln_0,auto,,,,
Lo,lo_0,lo_0,auto,,,,
Lp,lp_2,lp_2,auto,,,,
Lq,lq_2,lq_2,auto,,,,
Lr,Lr,Lr,auto,,,,
Ls,ls_2,ls_2,auto,,,,
Lt,lt_2,lt_2,auto,,,,
Lu,lu_2,lu_2,auto,,,,
Lv,lv_1,lv_1,auto,,,,
Lw,Lw,Lw,auto,,,,
Lx,lx_2,lx_2,auto,,,,
Ly,Ly,Ly,auto,,,,
Lz,Lz,Lz,auto,,,,
M,M,S2CMessage23108,ai,,,,
MA,ma_0,ma_0,auto,,,,
MB,MB,MB,auto,,,,
MC,MC,MC,auto,,,,
MD,md_2,md_2,auto,,,,
ME,me_1,me_1,auto,,,,
MF,mf_1,mf_1,auto,,,,
MG,mg_2,mg_2,auto,,,,
MH,mh_2,mh_2,auto,,,,
MI,mi_2,mi_2,auto,,,,
MJ,MJ,MJ,auto,,,,
MK,mk_1,mk_1,auto,,,,
ML,ml_0,ml_0,auto,,,,
MM,MM,MM,auto,,,,
MN,MN,MN,auto,,,,
MO,MO,MO,auto,,,,
MP,MP,AddIgnoreMessage,opcode_map,3131,C2S,so_0,com.ankamagames.baseImpl.client.proxyclient.base.network.protocol.message.chat.clientToServer
MQ,mq_2,mq_2,auto,,,,
MR,MR,MR,auto,,,,
MS,ms_1,ms_1,auto,,,,
MT,mt_1,mt_1,auto,,,,
MU,mu_2,mu_2,auto,,,,
MV,mv_1,mv_1,auto,,,,
MW,mw_1,mw_1,auto,,,,
MX,mx_1,C2SMessage551,ai,,,,
MY,MY,MY,auto,,,,
MZ,mz_2,mz_2,auto,,,,
Ma,Ma,Ma,auto,,,,
Mb,mb_0,mb_0,auto,,,,
Mc,mc_0,mc_0,auto,,,,
Md,md_0,md_0,auto,,,,
Me,me_0,me_0,auto,,,,
Mf,Mf,Mf,auto,,,,
Mg,Mg,Mg,auto,,,,
Mh,mh_0,mh_0,auto,,,,
Mi,mi_0,mi_0,auto,,,,
Mj,mj_0,mj_0,auto,,,,
Mk,mk_0,mk_0,auto,,,,
Ml,ml_1,ml_1,auto,,,,
Mm,mm_1,mm_1,auto,,,,
Mn,mn_1,mn_1,auto,,,,
Mo,mo_2,C2SMessage5450,ai,,,,
Mp,mp_1,mp_1,auto,,,,
Mq,mq_0,ProxyMessageHandler_4,ai,,,,
Mr,mr_2,mr_2,auto,,,,
Ms,Ms,Ms,auto,,,,
Mt,mt_0,mt_0,auto,,,,
Mu,mu_0,mu_0,auto,,,,
Mv,mv_2,mv_2,auto,,,,
Mw,mw_0,mw_0,auto,,,,
Mx,mx_2,mx_2,auto,,,,
My,my_0,my_0,auto,,,,
Mz,Mz,Mz,auto,,,,
N,n_0,n_0,auto,,,,
NA,na_2,na_2,auto,,,,
NB,nb_0,CombatMessageHandler_1,ai,,,,
NC,NC,NC,auto,,,,
ND,ND,ND,auto,,,,
NE,NE,NE,auto,,,,
NF,nf_0,nf_0,auto,,,,
NG,NG,NG,auto,,,,
NH,nh_0,nh_0,auto,,,,
NI,ni_2,ni_2,auto,,,,
NJ,nj_2,nj_2,auto,,,,
NK,nk_1,nk_1,auto,,,,
NL,nl_0,nl_0,auto,,,,
NM,NM,NM,auto,,,,
NN,NN,S2CMessage5401,ai,,,,
NO,no_2,ActorMessageHandler,ai,,,,
NP,np_0,np_0,auto,,,,
NQ,nq_1,nq_1,auto,,,,
NR,nr_1,nr_1,auto,,,,
NS,ns_2,ns_2,auto,,,,
NT,nt_2,nt_2,auto,,,,
NU,nu_1,nu_1,auto,,,,
NV,nv_2,nv_2,auto,,,,
NW,nw_0,nw_0,auto,,,,
NX,nx_0,nx_0,auto,,,,
NY,NY,NY,auto,,,,
NZ,nz_2,ConnectionMessageHandler,ai,,,,
Na,na_1,na_1,auto,,,,
Nb,nb_1,nb_1,auto,,,,
Nc,nc_1,nc_1,auto,,,,
Nd,nd_0,nd_0,auto,,,,
Ne,ne_2,ne_2,auto,,,,
Nf,nf_1,nf_1,auto,,,,
Ng,ng_2,S2CMessage28602,ai,,,,
Nh,Nh,Nh,auto,,,,
Ni,ni_1,ni_1,auto,,,,
Nj,nj_0,nj_0,auto,,,,
Nk,nk_0,nk_0,auto,,,,
Nl,Nl,Nl,auto,,,,
Nm,nm_1,nm_1,auto,,,,
Nn,nn_1,nn_1,auto,,,,
No,no_0,no_0,auto,,,,
Np,np_2,np_2,auto,,,,
Nq,nq_2,nq_2,auto,,,,
Nr,Nr,C2SMessage555,ai,,,,
Ns,ns_1,ns_1,auto,,,,
Nt,nt_1,nt_1,auto,,,,
Nu,nu_0,nu_0,auto,,,,
Nv,nv_1,nv_1,auto,,,,
Nw,nw_2,nw_2,auto,,,,
Nx,nx_1,S2CMessage26310,ai,,,,
Ny,ny_0,ny_0,auto,,,,
Nz,nz_1,nz_1,auto,,,,
O,o_0,o_0,auto,,,,
OA,oa_1,oa_1,auto,,,,
OB,OB,C2SMessage22097,ai,,,,
OC,oc_0,oc_0,auto,,,,
OD,OD,OD,auto,,,,
OE,OE,OE,auto,,,,
OF,of_2,of_2,auto,,,,
OG,og_1,og_1,auto,,,,
OH,OH,OH,auto,,,,
OI,OI,OI,auto,,,,
OJ,OJ,S2CMessage6029,ai,,,,
OK,OK,OK,auto,,,,
OL,OL,OL,auto,,,,
OM,om_2,om_2,auto,,,,
ON,on_1,on_1,auto,,,,
OO,oo_2,oo_2,auto,,,,
OP,op_2,op_2,auto,,,,
OQ,oq_2,oq_2,auto,,,,
OR,or_1,or_1,auto,,,,
OS,OS,OS,auto,,,,
OT,ot_2,DeleteFighterInformationRequestMessage,opcode_map,6003,C2S,so_0,com.ankamagames.dofusarena.client.network.protocol.message.game.clientToServer.teamManagement
OU,ou_1,ou_1,auto,,,,
OV,ov_0,ov_0,auto,,,,
OW,OW,OW,auto,,,,
OX,ox_1,ox_1,auto,,,,
OY,oy_0,oy_0,auto,,,,
OZ,OZ,OZ,auto,,,,
Oa,Oa,Oa,auto,,,,
Ob,ob_1,ob_1,auto,,,,
Oc,Oc,Oc,auto,,,,
Od,od_2,od_2,auto,,,,
Oe,oe_0,oe_0,auto,,,,
Of,of_0,of_0,auto,,,,
Og,og_2,og_2,auto,,,,
Oh,oh_1,oh_1,auto,,,,
Oi,oi_0,oi_0,auto,,,,
Oj,oj_2,oj_2,auto,,,,
Ok,ok_1,ok_1,auto,,,,
Ol,ol_2,ol_2,auto,,,,
Om,Om,Om,auto,,,,
On,On,On,auto,,,,
Oo,Oo,Oo,auto,,,,
Op,op_0,op_0,auto,,,,
Oq,oq_0,oq_0,auto,,,,
Or,Or,S2CMessage5113,ai,,,,
Os,os_0,os_0,auto,,,,
Ot,ot_1,ot_1,auto,,,,
Ou,Ou,Ou,auto,,,,
Ov,ov_1,ov_1,auto,,,,
Ow,ow_0,ow_0,auto,,,,
Ox,ox_0,ox_0,auto,,,,
Oy,oy_1,oy_1,auto,,,,
Oz,oz_0,oz_0,auto,,,,
P,P,P,auto,,,,
PA,PA,PA,auto,,,,
PB,PB,PB,auto,,,,
PC,pc_2,pc_2,auto,,,,
PD,pd_0,pd_0,auto,,,,
PE,pe_2,ProxyMessageHandler_5,ai,,,,
PF,pf_0,pf_0,auto,,,,
PG,pg_1,ExchangeMessageHandler_2,ai,,,,
PH,PH,PH,auto,,,,
PI,pi_0,pi_0,auto,,,,
PJ,PJ,PJ,auto,,,,
PK,pk_0,pk_0,auto,,,,
PL,pl_2,ProxyMessageHandler_6,ai,,,,
PM,pm_2,pm_2,auto,,,,
PN,pn_2,PropertyQueryMessage,opcode_map,12,C2S,axX,com.ankamagames.framework.kernel.impl.admin.messages.clientToServer
PO,PO,PO,auto,,,,
PP,pp_2,pp_2,auto,,,,
PQ,pq_1,CoachMessageHandler_1,ai,,,,
PR,pr_2,pr_2,auto,,,,
PS,ps_1,ps_1,auto,,,,
PT,PT,PT,auto,,,,
PU,PU,ProxyMessage0,ai,,,,
PV,PV,ProxyMessage16600,ai,,,,
PW,pw_1,pw_1,auto,,,,
PX,px_1,px_1,auto,,,,
PY,PY,PY,auto,,,,
PZ,PZ,PZ,auto,,,,
Pa,pa_0,pa_0,auto,,,,
Pb,pb_1,pb_1,auto,,,,
Pc,pc_0,pc_0,auto,,,,
Pd,pd_2,pd_2,auto,,,,
Pe,pe_0,pe_0,auto,,,,
Pf,Pf,Pf,auto,,,,
Pg,Pg,C2SMessage2308,ai,,,,
Ph,ph_2,ph_2,auto,,,,
Pi,Pi,Pi,auto,,,,
Pj,pj_2,pj_2,auto,,,,
Pk,pk_1,pk_1,auto,,,,
Pl,pl_1,PlayerStatisticsReportMessage,opcode_map,2400,S2C,ael_2,com.ankamagames.dofusarena.client.network.protocol.message.world.serverToClient
Pm,Pm,Pm,auto,,,,
Pn,pn_0,pn_0,auto,,,,
Po,po_0,po_0,auto,,,,
Pp,pp_1,pp_1,auto,,,,
Pq,Pq,Pq,auto,,,,
Pr,Pr,Pr,auto,,,,
Ps,ps_2,ps_2,auto,,,,
Pt,pt_2,pt_2,auto,,,,
Pu,pu_2,pu_2,auto,,,,
Pv,pv_2,pv_2,auto,,,,
Pw,pw_0,pw_0,auto,,,,
Px,px_0,px_0,auto,,,,
Py,py_2,py_2,auto,,,,
Pz,pz_1,pz_1,auto,,,,
Q,q_0,q_0,auto,,,,
QA,qa_2,qa_2,auto,,,,
QB,QB,QB,auto,,,,
QC,QC,QC,auto,,,,
QD,QD,QD,auto,,,,
QE,qe_0,qe_0,auto,,,,
QF,QF,QF,auto,,,,
QG,QG,QG,auto,,,,
QH,qh_1,qh_1,auto,,,,
QI,QI,QI,auto,,,,
QJ,qj_1,qj_1,auto,,,,
QK,qk_1,qk_1,auto,,,,
QL,ql_0,ql_0,auto,,,,
QM,qm_0,qm_0,auto,,,,
QN,QN,QN,auto,,,,
QO,qo_1,qo_1,auto,,,,
QP,qp_0,qp_0,auto,,,,
QQ,qq_2,qq_2,auto,,,,
QR,qr_1,qr_1,auto,,,,
QS,qs_0,qs_0,auto,,,,
QT,qt_0,qt_0,auto,,,,
QU,qu_2,ChatMessageHandler,ai,,,,
QV,qv_2,qv_2,auto,,,,
QW,qw_0,qw_0,auto,,,,
QX,qx_2,qx_2,auto,,,,
QY,qy_2,qy_2,auto,,,,
QZ,QZ,AddFriendMessage,opcode_map,3129,C2S,so_0,com.ankamagames.baseImpl.client.proxyclient.base.network.protocol.message.chat.clientToServer
Qa,Qa,Qa,auto,,,,
Qb,qb_1,qb_1,auto,,,,
Qc,qc_0,qc_0,auto,,,,
Qd,qd_2,qd_2,auto,,,,
Qe,qe_1,qe_1,auto,,,,
Qf,qf_0,qf_0,auto,,,,
Qg,qg_2,ActorMessageHandler_1,ai,,,,
Qh,qh_2,qh_2,auto,,,,
Qi,qi_2,qi_2,auto,,,,
Qj,qj_2,qj_2,auto,,,,
Qk,qk_0,qk_0,auto,,,,
Ql,ql_1,ql_1,auto,,,,
Qm,qm_1,qm_1,auto,,,,
Qn,qn_0,CombatMessageHandler_2,ai,,,,
Qo,qo_2,qo_2,auto,,,,
Qp,qp_1,C2SMessage6013,ai,,,,
Qq,qq_1,qq_1,auto,,,,
Qr,qr_0,qr_0,auto,,,,
Qs,qs_1,qs_1,auto,,,,
Qt,qt_2,qt_2,auto,,,,
Qu,qu_1,qu_1,auto,,,,
Qv,qv_1,qv_1,auto,,,,
Qw,qw_2,qw_2,auto,,,,
Qx,qx_1,qx_1,auto,,,,
Qy,qy_1,qy_1,auto,,,,
Qz,qz_0,qz_0,auto,,,,
R,R,R,auto,,,,
RA,ra_1,ra_1,auto,,,,
RB,rb_2,CoachMessageHandler_2,ai,,,,
RC,rc_2,rc_2,auto,,,,
RD,rd_2,rd_2,auto,,,,
RE,RE,RE,auto,,,,
RF,rf_0,rf_0,auto,,,,
RG,rg_0,rg_0,auto,,,,
RH,rh_1,rh_1,auto,,,,
RI,ri_1,ri_1,auto,,,,
RJ,rj_0,rj_0,auto,,,,
RK,rk_0,rk_0,auto,,,,
RL,rl_0,rl_0,auto,,,,
RM,rm_2,rm_2,auto,,,,
RN,rn_2,rn_2,auto,,,,
RO,RO,RO,auto,,,,
RP,RP,RP,auto,,,,
RQ,rq_2,S2CMessage8121,ai,,,,
RR,rr_1,C2SMessage15506,ai,,,,
RS,rs_1,rs_1,auto,,,,
RT,rt_0,rt_0,auto,,,,
RU,RU,RU,auto,,,,
RV,rv_0,rv_0,auto,,,,
RW,rw_0,rw_0,auto,,,,
RX,rx_1,rx_1,auto,,,,
RY,ry_2,ry_2,auto,,,,
RZ,rz_0,rz_0,auto,,,,
Ra,ra_0,ra_0,auto,,,,
Rb,rb_0,rb_0,auto,,,,
Rc,rc_0,rc_0,auto,,,,
Rd,rd_0,rd_0,auto,,,,
Re,re_1,re_1,auto,,,,
Rf,rf_1,rf_1,auto,,,,
Rg,rg_2,rg_2,auto,,,,
Rh,rh_2,rh_2,auto,,,,
Ri,ri_2,ri_2,auto,,,,
Rj,rj_2,rj_2,auto,,,,
Rk,rk_2,rk_2,auto,,,,
Rl,rl_1,rl_1,auto,,,,
Rm,rm_1,rm_1,auto,,,,
Rn,rn_0,rn_0,auto,,,,
Ro,ro_0,ro_0,auto,,,,
Rp,rp_0,rp_0,auto,,,,
Rq,Rq,Rq,auto,,,,
Rr,Rr,Rr,auto,,,,
Rs,rs_0,rs_0,auto,,,,
Rt,rt_2,rt_2,auto,,,,
Ru,ru_1,ru_1,auto,,,,
Rv,rv_1,rv_1,auto,,,,
Rw,rw_1,rw_1,auto,,,,
Rx,Rx,Rx,auto,,,,
Ry,ry_0,ry_0,auto,,,,
Rz,rz_1,rz_1,auto,,,,
S,S,CombatMessageHandler_3,ai,,,,
SA,sa_0,sa_0,auto,,,,
SB,sb_0,UiEventBus,framework,,,,
SC,sc_0,sc_0,auto,,,,
SD,sd_0,sd_0,auto,,,,
SE,se_1,se_1,auto,,,,
SF,SF,SF,auto,,,,
SG,sg_2,FighterCardUseRequestMessage,opcode_map,8107,C2S,so_0,com.ankamagames.dofusarena.client.network.protocol.message.game.clientToServer.fight
SH,sh_0,C2SMessage515,ai,,,,
SI,si_1,si_1,auto,,,,
SJ,SJ,SJ,auto,,,,
SK,SK,SK,auto,,,,
SL,sl_0,sl_0,auto,,,,
SM,sm_2,sm_2,auto,,,,
SN,sn_1,sn_1,auto,,,,
SO,SO,SO,auto,,,,
SP,sp_0,sp_0,auto,,,,
SQ,SQ,SQ,auto,,,,
SR,sr_2,sr_2,auto,,,,
SS,ss_2,ss_2,auto,,,,
ST,ST,ST,auto,,,,
SU,su_0,su_0,auto,,,,
SV,sv_0,sv_0,auto,,,,
SW,sw_1,sw_1,auto,,,,
SX,sx_1,sx_1,auto,,,,
SY,sy_2,sy_2,auto,,,,
SZ,sz_1,sz_1,auto,,,,
Sa,sa_2,sa_2,auto,,,,
Sb,sb_2,sb_2,auto,,,,
Sc,sc_1,sc_1,auto,,,,
Sd,sd_1,sd_1,auto,,,,
Se,Se,Se,auto,,,,
Sf,sf_2,sf_2,auto,,,,
Sg,Sg,Sg,auto,,,,
Sh,sh_2,sh_2,auto,,,,
Si,si_2,si_2,auto,,,,
Sj,sj_2,sj_2,auto,,,,
Sk,sk_1,sk_1,auto,,,,
Sl,sl_2,sl_2,auto,,,,
Sm,Sm,Sm,auto,,,,
Sn,sn_2,sn_2,auto,,,,
So,so_0,OutputOnlyProxyMessage,framework,,,,
Sp,sp_1,sp_1,auto,,,,
Sq,sq_1,sq_1,auto,,,,
Sr,sr_1,sr_1,auto,,,,
Ss,Ss,Ss,auto,,,,
St,st_2,st_2,auto,,,,
Su,su_1,su_1,auto,,,,
Sv,sv_1,sv_1,auto,,,,
Sw,sw_0,sw_0,auto,,,,
Sx,sx_0,sx_0,auto,,,,
Sy,sy_1,sy_1,auto,,,,
Sz,Sz,Sz,auto,,,,
T,T,T,auto,,,,
TA,ta_0,ta_0,auto,,,,
TB,TB,TB,auto,,,,
TC,tc_0,tc_0,auto,,,,
TD,td_1,td_1,auto,,,,
TE,te_1,te_1,auto,,,,
TF,tf_0,tf_0,auto,,,,
TG,tg_2,tg_2,auto,,,,
TH,th_2,th_2,auto,,,,
TI,ti_2,ti_2,auto,,,,
TJ,TJ,FighterTurnEndMessage,opcode_map,8106,S2C,ue_0,com.ankamagames.dofusarena.client.network.protocol.message.game.serverToClient.fight
TK,TK,TK,auto,,,,
TL,tl_0,tl_0,auto,,,,
TM,tm_2,tm_2,auto,,,,
TN,TN,TN,auto,,,,
TO,to_2,to_2,auto,,,,
TP,TP,TP,auto,,,,
TQ,tq_1,tq_1,auto,,,,
TR,tr_1,tr_1,auto,,,,
TS,ts_2,ts_2,auto,,,,
TT,tt_2,S2CMessage202,ai,,,,
TU,tu_0,tu_0,auto,,,,
TV,TV,TV,auto,,,,
TW,tw_0,ItemExchangeInvitationAnswerMessage,opcode_map,5103,C2S,so_0,com.ankamagames.dofusarena.client.network.protocol.message.game.clientToServer.exchange
TX,tx_0,tx_0,auto,,,,
TY,ty_1,ty_1,auto,,,,
TZ,tz_0,tz_0,auto,,,,
Ta,ta_1,ta_1,auto,,,,
Tb,tb_1,tb_1,auto,,,,
Tc,Tc,Tc,auto,,,,
Td,td_0,td_0,auto,,,,
Te,Te,Te,auto,,,,
Tf,tf_2,tf_2,auto,,,,
Tg,Tg,Tg,auto,,,,
Th,th_1,ActorDespawnMessage,opcode_map,4098,S2C,ael_2,com.ankamagames.dofusarena.client.network.protocol.message.game.serverToClient.actor
Ti,ti_1,ti_1,auto,,,,
Tj,tj_2,OpponentSearchCancelResultMessage,opcode_map,2306,S2C,ael_2,com.ankamagames.dofusarena.client.network.protocol.message.world.serverToClient
Tk,tk_0,tk_0,auto,,,,
Tl,tl_2,tl_2,auto,,,,
Tm,Tm,Tm,auto,,,,
Tn,tn_0,tn_0,auto,,,,
To,to_1,to_1,auto,,,,
Tp,tp_2,tp_2,auto,,,,
Tq,tq_2,tq_2,auto,,,,
Tr,tr_0,tr_0,auto,,,,
Ts,Ts,Ts,auto,,,,
Tt,tt_0,StartActionMessage,opcode_map,8040,S2C,ael_2,com.ankamagames.dofusarena.client.network.protocol.message.game.serverToClient.fight
Tu,tu_2,tu_2,auto,,,,
Tv,tv_2,tv_2,auto,,,,
Tw,Tw,Tw,auto,,,,
Tx,Tx,C2SMessage22093,ai,,,,
Ty,Ty,Ty,auto,,,,
Tz,tz_2,tz_2,auto,,,,
U,U,U,auto,,,,
UA,ua_0,ua_0,auto,,,,
UB,ub_0,ub_0,auto,,,,
UC,UC,UC,auto,,,,
UD,UD,UD,auto,,,,
UE,ue_2,ue_2,auto,,,,
UF,UF,UF,auto,,,,
UG,ug_2,ug_2,auto,,,,
UH,UH,UH,auto,,,,
UI,UI,UI,auto,,,,
UJ,uj_0,S2CMessage27507,ai,,,,
UK,uk_2,uk_2,auto,,,,
UL,ul_2,ul_2,auto,,,,
UM,um_0,um_0,auto,,,,
UN,un_0,un_0,auto,,,,
UO,uo_1,ItemExchangeInvitationMessage,opcode_map,5102,S2C,ael_2,com.ankamagames.dofusarena.client.network.protocol.message.game.serverToClient.exchange
UP,up_1,up_1,auto,,,,
UQ,uq_1,uq_1,auto,,,,
UR,ur_0,ur_0,auto,,,,
US,us_1,us_1,auto,,,,
UT,ut_1,ut_1,auto,,,,
UU,uu_0,uu_0,auto,,,,
UV,UV,UV,auto,,,,
UW,uw_2,S2CMessage28622,ai,,,,
UX,UX,UX,auto,,,,
UY,uy_0,uy_0,auto,,,,
UZ,uz_1,uz_1,auto,,,,
Ua,ua_1,ua_1,auto,,,,
Ub,ub_2,ub_2,auto,,,,
Uc,uc_1,uc_1,auto,,,,
Ud,ud_2,ud_2,auto,,,,
Ue,Ue,Ue,auto,,,,
Uf,uf_1,uf_1,auto,,,,
Ug,ug_0,ug_0,auto,,,,
Uh,uh_1,uh_1,auto,,,,
Ui,ui_0,ui_0,auto,,,,
Uj,Uj,Uj,auto,,,,
Uk,Uk,ResultMessage,opcode_map,1024,S2C,ael_2,com.ankamagames.baseImpl.common.clientAndServer.protocol.sql
Ul,Ul,ItemExchangeInvitationConfirmationMessage,opcode_map,5104,S2C,ael_2,com.ankamagames.dofusarena.client.network.protocol.message.game.serverToClient.exchange
Um,um_2,um_2,auto,,,,
Un,un_2,un_2,auto,,,,
Uo,Uo,Uo,auto,,,,
Up,up_2,up_2,auto,,,,
Uq,uq_0,uq_0,auto,,,,
Ur,Ur,Ur,auto,,,,
Us,us_2,us_2,auto,,,,
Ut,ut_0,ut_0,auto,,,,
Uu,uu_1,uu_1,auto,,,,
Uv,uv_1,uv_1,auto,,,,
Uw,uw_1,uw_1,auto,,,,
Ux,ux_0,ux_0,auto,,,,
Uy,Uy,ChannelMemberFlagsMessage,opcode_map,3134,S2C,ael_2,com.ankamagames.baseImpl.client.proxyclient.base.network.protocol.message.chat.serverToClient
Uz,Uz,Uz,auto,,,,
V,V,V,auto,,,,
VA,va_2,va_2,auto,,,,
VB,vb_1,vb_1,auto,,,,
VC,vc_1,vc_1,auto,,,,
VD,vd_0,vd_0,auto,,,,
VE,ve_2,ve_2,auto,,,,
VF,vf_2,vf_2,auto,,,,
VG,vg_0,vg_0,auto,,,,
VH,vh_1,vh_1,auto,,,,
VI,vi_1,vi_1,auto,,,,
VJ,VJ,VJ,auto,,,,
VK,VK,VK,auto,,,,
VL,vl_2,vl_2,auto,,,,
VM,vm_0,vm_0,auto,,,,
VN,vn_0,vn_0,auto,,,,
VO,vo_2,vo_2,auto,,,,
VP,vp_1,vp_1,auto,,,,
VQ,vq_0,vq_0,auto,,,,
VR,vr_0,vr_0,auto,,,,
VS,vs_1,vs_1,auto,,,,
VT,vt_0,vt_0,auto,,,,
VU,vu_0,vu_0,auto,,,,
VV,vv_2,vv_2,auto,,,,
VW,vw_0,vw_0,auto,,,,
VX,vx_1,vx_1,auto,,,,
VY,vy_1,vy_1,auto,,,,
VZ,vz_1,vz_1,auto,,,,
Va,va_1,va_1,auto,,,,
Vb,Vb,Vb,auto,,,,
Vc,vc_0,vc_0,auto,,,,
Vd,vd_1,vd_1,auto,,,,
Ve,Ve,S2CMessage105,ai,,,,
Vf,vf_1,vf_1,auto,,,,
Vg,vg_1,C2SMessage27504,ai,,,,
Vh,vh_2,vh_2,auto,,,,
Vi,vi_0,vi_0,auto,,,,
Vj,vj_2,vj_2,auto,,,,
Vk,vk_0,vk_0,auto,,,,
Vl,vl_1,vl_1,auto,,,,
Vm,Vm,Vm,auto,,,,
Vn,vn_1,vn_1,auto,,,,
Vo,vo_1,vo_1,auto,,,,
Vp,vp_0,vp_0,auto,,,,
Vq,vq_2,vq_2,auto,,,,
Vr,vr_2,ExchangeMessage16801,ai,,,,
Vs,vs_0,vs_0,auto,,,,
Vt,vt_2,vt_2,auto,,,,
Vu,vu_1,MatchmakingMessageHandler,ai,,,,
Vv,vv_0,vv_0,auto,,,,
Vw,Vw,Vw,auto,,,,
Vx,vx_2,vx_2,auto,,,,
Vy,vy_2,vy_2,auto,,,,
Vz,Vz,Vz,auto,,,,
W,W,W,auto,,,,
WA,wa_1,wa_1,auto,,,,
WB,wb_0,wb_0,auto,,,,
WC,wc_2,S2CMessage8250,ai,,,,
WD,wd_0,ItemExchangeSetReadyMessage,opcode_map,5107,C2S,pv_2,com.ankamagames.dofusarena.client.network.protocol.message.game.clientToServer.exchange
WE,WE,CombatMessageHandler_4,ai,,,,
WF,WF,WF,auto,,,,
WG,WG,WG,auto,,,,
WH,wh_0,ChatUserFlagsMessage,opcode_map,3142,S2C,ael_2,com.ankamagames.baseImpl.client.proxyclient.base.network.protocol.message.chat.serverToClient
WI,wi_2,wi_2,auto,,,,
WJ,wj_1,wj_1,auto,,,,
WK,WK,WK,auto,,,,
WL,WL,WL,auto,,,,
WM,wm_2,wm_2,auto,,,,
WN,WN,WN,auto,,,,
WO,WO,WO,auto,,,,
WP,WP,WP,auto,,,,
WQ,wq_2,wq_2,auto,,,,
WR,WR,WR,auto,,,,
WS,ws_0,ws_0,auto,,,,
WT,wt_2,S2CMessage15005,ai,,,,
WU,WU,WU,auto,,,,
WV,wv_2,S2CMessage2261,ai,,,,
WW,ww_1,ww_1,auto,,,,
WX,wx_1,wx_1,auto,,,,
WY,WY,WY,auto,,,,
WZ,wz_0,wz_0,auto,,,,
Wa,wa_0,wa_0,auto,,,,
Wb,Wb,Wb,auto,,,,
Wc,wc_0,wc_0,auto,,,,
Wd,Wd,Wd,auto,,,,
We,we_0,we_0,auto,,,,
Wf,wf_0,wf_0,auto,,,,
Wg,wg_1,wg_1,auto,,,,
Wh,Wh,Wh,auto,,,,
Wi,Wi,Wi,auto,,,,
Wj,wj_0,wj_0,auto,,,,
Wk,wk_2,wk_2,auto,,,,
Wl,wl_0,wl_0,auto,,,,
Wm,Wm,Wm,auto,,,,
Wn,wn_1,wn_1,auto,,,,
Wo,wo_0,wo_0,auto,,,,
Wp,wp_1,wp_1,auto,,,,
Wq,Wq,Wq,auto,,,,
Wr,wr_1,wr_1,auto,,,,
Ws,ws_1,ws_1,auto,,,,
Wt,Wt,Wt,auto,,,,
Wu,wu_0,wu_0,auto,,,,
Wv,Wv,Wv,auto,,,,
Ww,ww_0,ww_0,auto,,,,
Wx,wx_0,wx_0,auto,,,,
Wy,wy_1,wy_1,auto,,,,
Wz,Wz,Wz,auto,,,,
X,x_0,C2SMessage26331,ai,,,,
XA,xa_1,xa_1,auto,,,,
XB,xb_0,xb_0,auto,,,,
XC,XC,XC,auto,,,,
XD,XD,XD,auto,,,,
XE,xe_2,ActorSpawnMessage,opcode_map,4096,S2C,ael_2,com.ankamagames.dofusarena.client.network.protocol.message.game.serverToClient.actor
XF,xf_1,xf_1,auto,,,,
XG,xg_2,xg_2,auto,,,,
XH,xh_0,xh_0,auto,,,,
XI,xi_0,xi_0,auto,,,,
XJ,xj_0,xj_0,auto,,,,
XK,xk_2,xk_2,auto,,,,
XL,xl_2,xl_2,auto,,,,
XM,xm_1,xm_1,auto,,,,
XN,xn_1,xn_1,auto,,,,
XO,xo_0,xo_0,auto,,,,
XP,XP,XP,auto,,,,
XQ,xq_0,xq_0,auto,,,,
XR,xr_1,xr_1,auto,,,,
XS,xs_2,xs_2,auto,,,,
XT,xt_0,xt_0,auto,,,,
XU,xu_2,xu_2,auto,,,,
XV,XV,XV,auto,,,,
XW,XW,XW,auto,,,,
XX,xx_0,xx_0,auto,,,,
XY,xy_1,xy_1,auto,,,,
XZ,xz_0,xz_0,auto,,,,
Xa,xa_2,xa_2,auto,,,,
Xb,xb_2,xb_2,auto,,,,
Xc,xc_0,xc_0,auto,,,,
Xd,xd_0,xd_0,auto,,,,
Xe,Xe,Xe,auto,,,,
Xf,xf_2,xf_2,auto,,,,
Xg,Xg,Xg,auto,,,,
Xh,Xh,Xh,auto,,,,
Xi,Xi,Xi,auto,,,,
Xj,xj_1,xj_1,auto,,,,
Xk,Xk,UserPrivateContentMessage,opcode_map,3155,C2S,so_0,com.ankamagames.baseImpl.client.proxyclient.base.network.protocol.message.chat.clientToServer
Xl,xl_1,xl_1,auto,,,,
Xm,xm_2,xm_2,auto,,,,
Xn,xn_2,S2CMessage27513,ai,,,,
Xo,xo_1,xo_1,auto,,,,
Xp,xp_2,xp_2,auto,,,,
Xq,xq_2,xq_2,auto,,,,
Xr,xr_2,xr_2,auto,,,,
Xs,xs_1,xs_1,auto,,,,
Xt,xt_1,xt_1,auto,,,,
Xu,Xu,Xu,auto,,,,
Xv,xv_1,xv_1,auto,,,,
Xw,xw_0,xw_0,auto,,,,
Xx,xx_2,xx_2,auto,,,,
Xy,xy_0,xy_0,auto,,,,
Xz,Xz,Xz,auto,,,,
Y,y_0,y_0,auto,,,,
YA,YA,YA,auto,,,,
YB,yb_1,yb_1,auto,,,,
YC,yc_1,yc_1,auto,,,,
YD,yd_0,yd_0,auto,,,,
YE,ye_2,ye_2,auto,,,,
YF,yf_1,yf_1,auto,,,,
YG,yg_2,yg_2,auto,,,,
YH,yh_1,yh_1,auto,,,,
YI,YI,YI,auto,,,,
YJ,yj_1,yj_1,auto,,,,
YK,yk_1,yk_1,auto,,,,
YL,yl_0,yl_0,auto,,,,
YM,ym_1,ym_1,auto,,,,
YN,YN,YN,auto,,,,
YO,YO,YO,auto,,,,
YP,YP,EndFightMessage,opcode_map,8300,S2C,ue_0,com.ankamagames.dofusarena.client.network.protocol.message.game.serverToClient.fight
YQ,yq_0,yq_0,auto,,,,
YR,YR,YR,auto,,,,
YS,ys_1,TeamPresetListRequestMessage,opcode_map,6031,C2S,so_0,com.ankamagames.dofusarena.client.network.protocol.message.game.clientToServer.teamManagement
YT,YT,YT,auto,,,,
YU,YU,YU,auto,,,,
YV,yv_2,yv_2,auto,,,,
YW,yw_1,yw_1,auto,,,,
YX,yx_2,yx_2,auto,,,,
YY,YY,YY,auto,,,,
YZ,yz_2,CoachEquipmentUpdateMessage,opcode_map,5202,S2C,ael_2,com.ankamagames.dofusarena.client.network.protocol.message.game.serverToClient.coachManagement
Ya,ya_2,ya_2,auto,,,,
Yb,yb_2,yb_2,auto,,,,
Yc,yc_0,yc_0,auto,,,,
Yd,yd_1,yd_1,auto,,,,
Ye,ye_0,ye_0,auto,,,,
Yf,yf_2,yf_2,auto,,,,
Yg,yg_0,yg_0,auto,,,,
Yh,yh_2,yh_2,auto,,,,
Yi,yi_1,yi_1,auto,,,,
Yj,yj_0,yj_0,auto,,,,
Yk,Yk,Yk,auto,,,,
Yl,yl_2,yl_2,auto,,,,
Ym,ym_2,ym_2,auto,,,,
Yn,yn_1,yn_1,auto,,,,
Yo,yo_0,yo_0,auto,,,,
Yp,yp_2,yp_2,auto,,,,
Yq,Yq,S2CMessage28620,ai,,,,
Yr,yr_2,yr_2,auto,,,,
Ys,ys_2,ys_2,auto,,,,
Yt,yt_1,yt_1,auto,,,,
Yu,yu_2,yu_2,auto,,,,
Yv,yv_0,yv_0,auto,,,,
Yw,yw_0,yw_0,auto,,,,
Yx,yx_1,yx_1,auto,,,,
Yy,yy_0,ConnectionMessageHandler_1,ai,,,,
Yz,yz_0,yz_0,auto,,,,
Z,Z,Z,auto,,,,
ZA,za_1,za_1,auto,,,,
ZB,zb_0,zb_0,auto,,,,
ZC,ZC,ZC,auto,,,,
ZD,zd_1,zd_1,auto,,,,
ZE,ze_1,ze_1,auto,,,,
ZF,zf_2,zf_2,auto,,,,
ZG,zg_1,zg_1,auto,,,,
ZH,zh_1,zh_1,auto,,,,
ZI,zi_1,zi_1,auto,,,,
ZJ,zj_2,zj_2,auto,,,,
ZK,zk_1,zk_1,auto,,,,
ZL,zl_1,zl_1,auto,,,,
ZM,zm_0,zm_0,auto,,,,
ZN,zn_0,zn_0,auto,,,,
ZO,zo_0,zo_0,auto,,,,
ZP,zp_2,zp_2,auto,,,,
ZQ,zq_1,S2CMessage8122,ai,,,,
ZR,zr_2,zr_2,auto,,,,
ZS,zs_0,zs_0,auto,,,,
ZT,ZT,ZT,auto,,,,
ZU,zu_2,zu_2,auto,,,,
ZV,zv_1,zv_1,auto,,,,
ZW,zw_1,zw_1,auto,,,,
ZX,zx_0,zx_0,auto,,,,
ZY,zy_1,zy_1,auto,,,,
ZZ,zz_0,C2SMessage27525,ai,,,,
Za,za_0,za_0,auto,,,,
Zb,Zb,Zb,auto,,,,
Zc,zc_1,zc_1,auto,,,,
Zd,zd_2,zd_2,auto,,,,
Ze,Ze,Ze,auto,,,,
Zf,zf_1,zf_1,auto,,,,
Zg,zg_0,zg_0,auto,,,,
Zh,zh_0,zh_0,auto,,,,
Zi,Zi,Zi,auto,,,,
Zj,zj_1,zj_1,auto,,,,
Zk,zk_2,zk_2,auto,,,,
Zl,zl_0,zl_0,auto,,,,
Zm,zm_2,zm_2,auto,,,,
Zn,zn_1,zn_1,auto,,,,
Zo,zo_2,ProxyMessage0_1,ai,,,,
Zp,zp_0,zp_0,auto,,,,
Zq,Zq,Zq,auto,,,,
Zr,zr_1,zr_1,auto,,,,
Zs,zs_1,zs_1,auto,,,,
Zt,zt_2,zt_2,auto,,,,
Zu,Zu,C2SMessage5470,ai,,,,
Zv,zv_2,zv_2,auto,,,,
Zw,zw_2,zw_2,auto,,,,
Zx,zx_2,zx_2,auto,,,,
Zy,zy_2,zy_2,auto,,,,
Zz,zz_1,zz_1,auto,,,,
a,a_0,a_0,auto,,,,
aA,aa_2,C2SMessage27508,ai,,,,
aAA,aaa_2,aaa_2,auto,,,,
aAB,aab_2,aab_2,auto,,,,
aAC,aac_2,aac_2,auto,,,,
aAD,aAD,CloseCombatMessage,opcode_map,8112,S2C,ue_0,com.ankamagames.dofusarena.client.network.protocol.message.game.serverToClient.action
aAE,aae_1,aae_1,auto,,,,
aAF,aAF,aAF,auto,,,,
aAG,aag_1,aag_1,auto,,,,
aAH,aah_2,aah_2,auto,,,,
aAI,aai_0,aai_0,auto,,,,
aAJ,aaj_2,aaj_2,auto,,,,
aAK,aak_1,aak_1,auto,,,,
aAL,aal_2,aal_2,auto,,,,
aAM,aam_0,aam_0,auto,,,,
aAN,aAN,aAN,auto,,,,
aAO,aao_0,aao_0,auto,,,,
aAP,aap_1,aap_1,auto,,,,
aAQ,aAQ,aAQ,auto,,,,
aAR,aar_2,aar_2,auto,,,,
aAS,aas_2,aas_2,auto,,,,
aAT,aat_1,aat_1,auto,,,,
aAU,aAU,aAU,auto,,,,
aAV,aav_2,aav_2,auto,,,,
aAW,aaw_2,aaw_2,auto,,,,
aAX,aax_1,aax_1,auto,,,,
aAY,aAY,aAY,auto,,,,
aAZ,aAZ,aAZ,auto,,,,
aAa,aaa_1,aaa_1,auto,,,,
aAb,aab_0,aab_0,auto,,,,
aAc,aac_1,aac_1,auto,,,,
aAd,aad_1,DeleteTeamPresetRequestMessage,opcode_map,6023,C2S,so_0,com.ankamagames.dofusarena.client.network.protocol.message.game.clientToServer.teamManagement
aAe,aAe,aAe,auto,,,,
aAf,aaf_1,FriendListMessage,opcode_map,3144,S2C,ael_2,com.ankamagames.baseImpl.client.proxyclient.base.network.protocol.message.chat.serverToClient
aAg,aag_2,aag_2,auto,,,,
aAh,aah_0,aah_0,auto,,,,
aAi,aAi,aAi,auto,,,,
aAj,aaj_1,aaj_1,auto,,,,
aAk,aak_0,aak_0,auto,,,,
aAl,aal_1,aal_1,auto,,,,
aAm,aam_1,aam_1,auto,,,,
aAn,aan_1,aan_1,auto,,,,
aAo,aao_2,aao_2,auto,,,,
aAp,aap_2,ChatMessageHandler_1,ai,,,,
aAq,aaq_0,aaq_0,auto,,,,
aAr,aar_0,aar_0,auto,,,,
aAs,aas_0,aas_0,auto,,,,
aAt,aat_2,FightCreationMessage,opcode_map,8000,S2C,ael_2,com.ankamagames.dofusarena.client.network.protocol.message.game.serverToClient.fight
aAu,aau_2,aau_2,auto,,,,
aAv,aav_0,aav_0,auto,,,,
aAw,aaw_0,EndPlacementMessage,opcode_map,8028,S2C,ael_2,com.ankamagames.dofusarena.client.network.protocol.message.game.serverToClient.fight
aAx,aax_2,aax_2,auto,,,,
aAy,aay_1,aay_1,auto,,,,
aAz,aaz_0,aaz_0,auto,,,,
aB,ab_0,ab_0,auto,,,,
aBA,aba_2,aba_2,auto,,,,
aBB,abb_1,ProxyMessageHandler_7,ai,,,,
aBC,aBC,aBC,auto,,,,
aBD,abd_0,abd_0,auto,,,,
aBE,abe_1,abe_1,auto,,,,
aBF,abf_2,abf_2,auto,,,,
aBG,abg_1,abg_1,auto,,,,
aBH,aBH,aBH,auto,,,,
aBI,abi_0,abi_0,auto,,,,
aBJ,abj_0,S2CMessage108,ai,,,,
aBK,aBK,aBK,auto,,,,
aBL,abl_2,abl_2,auto,,,,
aBM,abm_2,abm_2,auto,,,,
aBN,abn_0,C2SMessage23001,ai,,,,
aBO,abo_0,C2SMessage553,ai,,,,
aBP,abp_0,abp_0,auto,,,,
aBQ,abq_2,abq_2,auto,,,,
aBR,aBR,aBR,auto,,,,
aBS,abs_0,abs_0,auto,,,,
aBT,aBT,aBT,auto,,,,
aBU,abu_2,abu_2,auto,,,,
aBV,aBV,aBV,auto,,,,
aBW,aBW,aBW,auto,,,,
aBX,aBX,aBX,auto,,,,
aBY,aby_0,aby_0,auto,,,,
aBZ,aBZ,S2CMessage8400,ai,,,,
aBa,aba_1,aba_1,auto,,,,
aBb,abb_2,abb_2,auto,,,,
aBc,abc_2,abc_2,auto,,,,
aBd,abd_1,abd_1,auto,,,,
aBe,abe_0,abe_0,auto,,,,
aBf,abf_0,abf_0,auto,,,,
aBg,aBg,aBg,auto,,,,
aBh,abh_0,IgnoreListMessage,opcode_map,3146,S2C,ael_2,com.ankamagames.baseImpl.client.proxyclient.base.network.protocol.message.chat.serverToClient
aBi,aBi,aBi,auto,,,,
aBj,abj_1,abj_1,auto,,,,
aBk,abk_1,abk_1,auto,,,,
aBl,abl_0,abl_0,auto,,,,
aBm,abm_0,abm_0,auto,,,,
aBn,aBn,aBn,auto,,,,
aBo,abo_2,abo_2,auto,,,,
aBp,aBp,aBp,auto,,,,
aBq,abq_0,abq_0,auto,,,,
aBr,abr_2,abr_2,auto,,,,
aBs,abs_2,abs_2,auto,,,,
aBt,abt_1,abt_1,auto,,,,
aBu,abu_1,ProxyMessage30001,ai,,,,
aBv,abv_2,ExchangeMessageHandler_3,ai,,,,
aBw,abw_1,abw_1,auto,,,,
aBx,abx_1,abx_1,auto,,,,
aBy,aby_1,aby_1,auto,,,,
aBz,abz_1,abz_1,auto,,,,
aC,ac_2,ac_2,auto,,,,
aCA,aca_0,aca_0,auto,,,,
aCB,acb_1,acb_1,auto,,,,
aCC,acc_2,S2CMessage206,ai,,,,
aCD,acd_1,acd_1,auto,,,,
aCE,ace_1,ace_1,auto,,,,
aCF,acf_2,acf_2,auto,,,,
aCG,acg_2,acg_2,auto,,,,
aCH,aCH,aCH,auto,,,,
aCI,aCI,aCI,auto,,,,
aCJ,acj_0,acj_0,auto,,,,
aCK,ack_2,ack_2,auto,,,,
aCL,acl_2,acl_2,auto,,,,
aCM,acm_2,acm_2,auto,,,,
aCN,acn_2,S2CMessage28634,ai,,,,
aCO,aco_1,aco_1,auto,,,,
aCP,aCP,aCP,auto,,,,
aCQ,acq_2,acq_2,auto,,,,
aCR,acr_0,acr_0,auto,,,,
aCS,acs_0,acs_0,auto,,,,
aCT,act_0,act_0,auto,,,,
aCU,acu_0,acu_0,auto,,,,
aCV,aCV,aCV,auto,,,,
aCW,aCW,aCW,auto,,,,
aCX,acx_0,acx_0,auto,,,,
aCY,acy_0,acy_0,auto,,,,
aCZ,aCZ,aCZ,auto,,,,
aCa,aca_1,aca_1,auto,,,,
aCb,aCb,aCb,auto,,,,
aCc,aCc,aCc,auto,,,,
aCd,aCd,aCd,auto,,,,
aCe,ace_2,ace_2,auto,,,,
aCf,acf_0,acf_0,auto,,,,
aCg,acg_0,acg_0,auto,,,,
aCh,ach_0,ach_0,auto,,,,
aCi,aci_0,aci_0,auto,,,,
aCj,acj_2,acj_2,auto,,,,
aCk,aCk,aCk,auto,,,,
aCl,acl_0,acl_0,auto,,,,
aCm,acm_1,acm_1,auto,,,,
aCn,acn_0,acn_0,auto,,,,
aCo,aCo,aCo,auto,,,,
aCp,acp_2,acp_2,auto,,,,
aCq,acq_0,acq_0,auto,,,,
aCr,aCr,aCr,auto,,,,
aCs,acs_2,acs_2,auto,,,,
aCt,act_2,act_2,auto,,,,
aCu,aCu,aCu,auto,,,,
aCv,acv_2,acv_2,auto,,,,
aCw,acw_2,acw_2,auto,,,,
aCx,acx_2,acx_2,auto,,,,
aCy,acy_2,acy_2,auto,,,,
aCz,acz_0,acz_0,auto,,,,
aD,ad_2,ad_2,auto,,,,
aDA,ada_1,S2CMessage23102,ai,,,,
aDB,adb_0,adb_0,auto,,,,
aDC,adc_2,adc_2,auto,,,,
aDD,add_2,C2SMessage519,ai,,,,
aDE,ade_0,S2CMessage22000,ai,,,,
aDF,adf_2,adf_2,auto,,,,
aDG,adg_2,adg_2,auto,,,,
aDH,adh_2,adh_2,auto,,,,
aDI,aDI,aDI,auto,,,,
aDJ,aDJ,aDJ,auto,,,,
aDK,adk_0,adk_0,auto,,,,
aDL,adl_2,adl_2,auto,,,,
aDM,aDM,aDM,auto,,,,
aDN,aDN,aDN,auto,,,,
aDO,ado_0,ado_0,auto,,,,
aDP,adp_1,adp_1,auto,,,,
aDQ,adq_0,adq_0,auto,,,,
aDR,adr_2,adr_2,auto,,,,
aDS,ads_1,ads_1,auto,,,,
aDT,adt_2,adt_2,auto,,,,
aDU,aDU,aDU,auto,,,,
aDV,adv_1,adv_1,auto,,,,
aDW,adw_2,adw_2,auto,,,,
aDX,adx_0,adx_0,auto,,,,
aDY,ady_1,ady_1,auto,,,,
aDZ,adz_0,adz_0,auto,,,,
aDa,aDa,aDa,auto,,,,
aDb,adb_2,adb_2,auto,,,,
aDc,aDc,aDc,auto,,,,
aDd,add_1,add_1,auto,,,,
aDe,aDe,aDe,auto,,,,
aDf,aDf,aDf,auto,,,,
aDg,adg_0,adg_0,auto,,,,
aDh,adh_0,adh_0,auto,,,,
aDi,adi_1,adi_1,auto,,,,
aDj,adj_2,adj_2,auto,,,,
aDk,aDk,aDk,auto,,,,
aDl,aDl,aDl,auto,,,,
aDm,adm_2,adm_2,auto,,,,
aDn,adn_1,adn_1,auto,,,,
aDo,ado_1,ado_1,auto,,,,
aDp,adp_0,adp_0,auto,,,,
aDq,adq_1,adq_1,auto,,,,
aDr,adr_0,adr_0,auto,,,,
aDs,ads_0,C2SMessage15004,ai,,,,
aDt,adt_1,adt_1,auto,,,,
aDu,adu_1,adu_1,auto,,,,
aDv,aDv,aDv,auto,,,,
aDw,adw_1,FriendRemovedMessage,opcode_map,3160,S2C,ael_2,com.ankamagames.baseImpl.client.proxyclient.base.network.protocol.message.chat.serverToClient
aDx,adx_2,adx_2,auto,,,,
aDy,ady_0,ady_0,auto,,,,
aDz,adz_2,adz_2,auto,,,,
aE,aE,aE,auto,,,,
aEA,aea_0,aea_0,auto,,,,
aEB,aeb_0,aeb_0,auto,,,,
aEC,aec_2,EnterInstanceMessage,opcode_map,4600,S2C,ael_2,com.ankamagames.dofusarena.client.network.protocol.message.game.serverToClient
aED,aED,aED,auto,,,,
aEE,aee_1,aee_1,auto,,,,
aEF,aef_2,aef_2,auto,,,,
aEG,aEG,aEG,auto,,,,
aEH,aEH,aEH,auto,,,,
aEI,aei_2,aei_2,auto,,,,
aEJ,aej_1,aej_1,auto,,,,
aEK,aek_1,aek_1,auto,,,,
aEL,ael_0,ael_0,auto,,,,
aEM,aem_0,aem_0,auto,,,,
aEN,aen_1,aen_1,auto,,,,
aEO,aeo_1,aeo_1,auto,,,,
aEP,aep_0,aep_0,auto,,,,
aEQ,aeq_2,aeq_2,auto,,,,
aER,aER,aER,auto,,,,
aES,aes_0,aes_0,auto,,,,
aET,aet_0,aet_0,auto,,,,
aEU,aeu_1,aeu_1,auto,,,,
aEV,aEV,ActorAppearMessage,opcode_map,4102,S2C,ael_2,com.ankamagames.dofusarena.client.network.protocol.message.game.serverToClient.actor
aEW,aew_1,aew_1,auto,,,,
aEX,aex_2,aex_2,auto,,,,
aEY,aey_1,aey_1,auto,,,,
aEZ,aEZ,aEZ,auto,,,,
aEa,aea_2,aea_2,auto,,,,
aEb,aeb_2,aeb_2,auto,,,,
aEc,aec_0,aec_0,auto,,,,
aEd,aed_2,UiEventMessage,framework,,,,
aEe,aEe,aEe,auto,,,,
aEf,aef_1,S2CMessage17005,ai,,,,
aEg,aeg_0,aeg_0,auto,,,,
aEh,aeh_0,aeh_0,auto,,,,
aEi,aei_0,aei_0,auto,,,,
aEj,aEj,aEj,auto,,,,
aEk,aek_2,aek_2,auto,,,,
aEl,aEl,CoachEquipmentUpdateRequestMessage,opcode_map,5201,C2S,so_0,com.ankamagames.dofusarena.client.network.protocol.message.game.clientToServer.coachManagement
aEm,aEm,aEm,auto,,,,
aEn,aEn,aEn,auto,,,,
aEo,aEo,aEo,auto,,,,
aEp,aEp,aEp,auto,,,,
aEq,aEq,aEq,auto,,,,
aEr,aer_0,RemoveIgnoreMessage,opcode_map,3135,C2S,so_0,com.ankamagames.baseImpl.client.proxyclient.base.network.protocol.message.chat.clientToServer
aEs,aEs,aEs,auto,,,,
aEt,aEt,aEt,auto,,,,
aEu,aeu_0,aeu_0,auto,,,,
aEv,aev_2,aev_2,auto,,,,
aEw,aew_0,aew_0,auto,,,,
aEx,aex_1,aex_1,auto,,,,
aEy,aEy,aEy,auto,,,,
aEz,aez_0,aez_0,auto,,,,
aF,af_2,af_2,auto,,,,
aFA,aFA,aFA,auto,,,,
aFB,afb_0,afb_0,auto,,,,
aFC,aFC,C2SMessage101,ai,,,,
aFD,aFD,aFD,auto,,,,
aFE,afe_2,afe_2,auto,,,,
aFF,aFF,aFF,auto,,,,
aFG,afg_2,C2SMessage28617,ai,,,,
aFH,aFH,aFH,auto,,,,
aFI,afi_2,afi_2,auto,,,,
aFJ,afj_2,S2CMessage15507,ai,,,,
aFK,afk_0,afk_0,auto,,,,
aFL,aFL,aFL,auto,,,,
aFM,aFM,aFM,auto,,,,
aFN,afn_0,afn_0,auto,,,,
aFO,afo_0,afo_0,auto,,,,
aFP,afp_0,afp_0,auto,,,,
aFQ,afq_0,C2SMessage3159,ai,,,,
aFR,afr_0,afr_0,auto,,,,
aFS,afs_2,afs_2,auto,,,,
aFT,aft_1,aft_1,auto,,,,
aFU,afu_0,afu_0,auto,,,,
aFV,afv_1,afv_1,auto,,,,
aFW,afw_1,afw_1,auto,,,,
aFX,afx_2,afx_2,auto,,,,
aFY,afy_1,afy_1,auto,,,,
aFZ,afz_2,afz_2,auto,,,,
aFa,afa_1,afa_1,auto,,,,
aFb,afb_2,afb_2,auto,,,,
aFc,afc_2,afc_2,auto,,,,
aFd,afd_2,afd_2,auto,,,,
aFe,aFe,aFe,auto,,,,
aFf,aff_1,aff_1,auto,,,,
aFg,aFg,aFg,auto,,,,
aFh,afh_1,afh_1,auto,,,,
aFi,afi_0,afi_0,auto,,,,
aFj,afj_0,afj_0,auto,,,,
aFk,afk_2,afk_2,auto,,,,
aFl,afl_1,LadderMessageHandler,ai,,,,
aFm,afm_2,afm_2,auto,,,,
aFn,afn_2,afn_2,auto,,,,
aFo,afo_1,afo_1,auto,,,,
aFp,afp_2,afp_2,auto,,,,
aFq,afq_1,afq_1,auto,,,,
aFr,afr_1,afr_1,auto,,,,
aFs,afs_1,afs_1,auto,,,,
aFt,aft_2,aft_2,auto,,,,
aFu,aFu,C2SMessage17010,ai,,,,
aFv,afv_2,afv_2,auto,,,,
aFw,afw_2,afw_2,auto,,,,
aFx,aFx,aFx,auto,,,,
aFy,aFy,aFy,auto,,,,
aFz,aFz,aFz,auto,,,,
aG,ag_0,ag_0,auto,,,,
aGA,aga_0,aga_0,auto,,,,
aGB,aGB,aGB,auto,,,,
aGC,aGC,aGC,auto,,,,
aGD,agd_2,agd_2,auto,,,,
aGE,age_1,age_1,auto,,,,
aGF,agf_0,agf_0,auto,,,,
aGG,agg_1,agg_1,auto,,,,
aGH,agh_0,agh_0,auto,,,,
aGI,aGI,aGI,auto,,,,
aGJ,aGJ,aGJ,auto,,,,
aGK,agk_0,agk_0,auto,,,,
aGL,agl_0,agl_0,auto,,,,
aGM,agm_0,agm_0,auto,,,,
aGN,agn_2,agn_2,auto,,,,
aGO,ago_0,C2SMessage28607,ai,,,,
aGP,agp_2,StartObservationMessage,opcode_map,8030,S2C,ael_2,com.ankamagames.dofusarena.client.network.protocol.message.game.serverToClient.fight
aGQ,aGQ,aGQ,auto,,,,
aGR,agr_1,agr_1,auto,,,,
aGS,ags_1,ags_1,auto,,,,
aGT,aGT,aGT,auto,,,,
aGU,aGU,aGU,auto,,,,
aGV,agv_1,agv_1,auto,,,,
aGW,agw_0,agw_0,auto,,,,
aGX,agx_2,agx_2,auto,,,,
aGY,agy_0,agy_0,auto,,,,
aGZ,agz_2,agz_2,auto,,,,
aGa,aGa,aGa,auto,,,,
aGb,agb_0,agb_0,auto,,,,
aGc,agc_1,agc_1,auto,,,,
aGd,aGd,aGd,auto,,,,
aGe,age_0,age_0,auto,,,,
aGf,aGf,aGf,auto,,,,
aGg,agg_0,agg_0,auto,,,,
aGh,agh_2,C2SMessage17006,ai,,,,
aGi,agi_0,agi_0,auto,,,,
aGj,agj_0,agj_0,auto,,,,
aGk,agk_1,agk_1,auto,,,,
aGl,aGl,aGl,auto,,,,
aGm,aGm,aGm,auto,,,,
aGn,agn_1,agn_1,auto,,,,
aGo,ago_2,ago_2,auto,,,,
aGp,agp_1,OpponentSearchRequestMessage,opcode_map,2301,C2S,so_0,com.ankamagames.dofusarena.client.network.protocol.message.world.clientToServer
aGq,agq_0,agq_0,auto,,,,
aGr,agr_2,S2CMessage5491,ai,,,,
aGs,aGs,aGs,auto,,,,
aGt,agt_1,agt_1,auto,,,,
aGu,agu_0,agu_0,auto,,,,
aGv,agv_0,agv_0,auto,,,,
aGw,agw_1,agw_1,auto,,,,
aGx,aGx,aGx,auto,,,,
aGy,agy_1,agy_1,auto,,,,
aGz,aGz,aGz,auto,,,,
aH,ah_2,ah_2,auto,,,,
aHA,aha_2,aha_2,auto,,,,
aHB,ahb_2,ahb_2,auto,,,,
aHC,ahc_0,ahc_0,auto,,,,
aHD,ahd_1,ahd_1,auto,,,,
aHE,ahe_1,ahe_1,auto,,,,
aHF,ahf_2,ahf_2,auto,,,,
aHG,ahg_0,C2SMessage5490,ai,,,,
aHH,ahh_0,ahh_0,auto,,,,
aHI,ahi_1,ahi_1,auto,,,,
aHJ,ahj_2,ahj_2,auto,,,,
aHK,aHK,aHK,auto,,,,
aHL,aHL,aHL,auto,,,,
aHM,ahm_1,ahm_1,auto,,,,
aHN,ahn_0,ahn_0,auto,,,,
aHO,aHO,aHO,auto,,,,
aHP,aHP,aHP,auto,,,,
aHQ,ahq_1,ahq_1,auto,,,,
aHR,ahr_0,ahr_0,auto,,,,
aHS,aHS,aHS,auto,,,,
aHT,aht_0,aht_0,auto,,,,
aHU,ahu_0,ahu_0,auto,,,,
aHV,ahv_0,ahv_0,auto,,,,
aHW,ahw_0,ahw_0,auto,,,,
aHX,aHX,aHX,auto,,,,
aHY,aHY,aHY,auto,,,,
aHZ,ahz_0,ahz_0,auto,,,,
aHa,aha_0,aha_0,auto,,,,
aHb,ahb_1,ahb_1,auto,,,,
aHc,ahc_1,ahc_1,auto,,,,
aHd,ahd_0,S2CMessage28618,ai,,,,
aHe,aHe,aHe,auto,,,,
aHf,ahf_0,ahf_0,auto,,,,
aHg,ahg_1,LadderMessageHandler_1,ai,,,,
aHh,aHh,aHh,auto,,,,
aHi,ahi_0,ahi_0,auto,,,,
aHj,ahj_0,ahj_0,auto,,,,
aHk,ahk_0,ahk_0,auto,,,,
aHl,ahl_2,ahl_2,auto,,,,
aHm,ahm_2,ahm_2,auto,,,,
aHn,ahn_2,ahn_2,auto,,,,
aHo,aho_1,aho_1,auto,,,,
aHp,ahp_0,ahp_0,auto,,,,
aHq,aHq,aHq,auto,,,,
aHr,aHr,aHr,auto,,,,
aHs,ahs_2,ahs_2,auto,,,,
aHt,aht_1,aht_1,auto,,,,
aHu,ahu_1,ahu_1,auto,,,,
aHv,ahv_2,ahv_2,auto,,,,
aHw,aHw,aHw,auto,,,,
aHx,ahx_0,ahx_0,auto,,,,
aHy,ahy_2,ahy_2,auto,,,,
aHz,ahz_1,ahz_1,auto,,,,
aI,ai_2,ai_2,auto,,,,
aIA,aia_2,aia_2,auto,,,,
aIB,aib_2,aib_2,auto,,,,
aIC,aic_0,SaveTeamPresetMessage,opcode_map,6020,S2C,ael_2,com.ankamagames.dofusarena.client.network.protocol.message.game.serverToClient.teamManagement
aID,aid_0,aid_0,auto,,,,
aIE,aIE,aIE,auto,,,,
aIF,aif_1,aif_1,auto,,,,
aIG,aig_1,S2CMessage28636,ai,,,,
aIH,aih_1,aih_1,auto,,,,
aII,aII,C2SMessage4514,ai,,,,
aIJ,aij_1,AssetBinaryWriter,framework,,,,
aIK,aik_1,S2CMessage3170,ai,,,,
aIL,aIL,aIL,auto,,,,
aIM,aim_2,aim_2,auto,,,,
aIN,aIN,aIN,auto,,,,
aIO,aio_1,aio_1,auto,,,,
aIP,aip_0,aip_0,auto,,,,
aIQ,aiq_1,aiq_1,auto,,,,
aIR,air_0,air_0,auto,,,,
aIS,ais_2,PrivateContentMessage,opcode_map,3154,S2C,ael_2,com.ankamagames.baseImpl.client.proxyclient.base.network.protocol.message.chat.serverToClient
aIT,aIT,aIT,auto,,,,
aIU,aiu_1,aiu_1,auto,,,,
aIV,aiv_1,aiv_1,auto,,,,
aIW,aiw_0,aiw_0,auto,,,,
aIX,aIX,aIX,auto,,,,
aIY,aiy_1,aiy_1,auto,,,,
aIZ,aiz_0,S2CMessage4902,ai,,,,
aIa,aia_1,aia_1,auto,,,,
aIb,aib_1,C2SMessage27551,ai,,,,
aIc,aIc,aIc,auto,,,,
aId,aid_2,aid_2,auto,,,,
aIe,aie_0,aie_0,auto,,,,
aIf,aif_2,aif_2,auto,,,,
aIg,aIg,aIg,auto,,,,
aIh,aih_0,aih_0,auto,,,,
aIi,aii_2,aii_2,auto,,,,
aIj,aij_0,aij_0,auto,,,,
aIk,aik_2,aik_2,auto,,,,
aIl,ail_1,ail_1,auto,,,,
aIm,aim_0,aim_0,auto,,,,
aIn,ain_0,ain_0,auto,,,,
aIo,aIo,aIo,auto,,,,
aIp,aIp,aIp,auto,,,,
aIq,aiq_2,aiq_2,auto,,,,
aIr,air_2,CoachInventoryUpdateMessage,opcode_map,5200,S2C,ael_2,com.ankamagames.dofusarena.client.network.protocol.message.game.serverToClient.coachManagement
aIs,aIs,aIs,auto,,,,
aIt,ait_2,ait_2,auto,,,,
aIu,aiu_2,aiu_2,auto,,,,
aIv,aiv_0,aiv_0,auto,,,,
aIw,aiw_1,C2SMessage26334,ai,,,,
aIx,aix_0,aix_0,auto,,,,
aIy,aIy,aIy,auto,,,,
aIz,aIz,aIz,auto,,,,
aJ,aj_2,aj_2,auto,,,,
aJA,aja_0,aja_0,auto,,,,
aJB,aJB,aJB,auto,,,,
aJC,ajc_2,ajc_2,auto,,,,
aJD,ajd_2,ajd_2,auto,,,,
aJE,aje_1,aje_1,auto,,,,
aJF,aJF,aJF,auto,,,,
aJG,ajg_2,ajg_2,auto,,,,
aJH,ajh_0,ajh_0,auto,,,,
aJI,aji_2,aji_2,auto,,,,
aJJ,ajj_2,ajj_2,auto,,,,
aJK,ajk_2,ajk_2,auto,,,,
aJL,ajl_0,ajl_0,auto,,,,
aJM,ajm_0,ajm_0,auto,,,,
aJN,ajn_1,ajn_1,auto,,,,
aJO,ajo_2,ajo_2,auto,,,,
aJP,ajp_1,ajp_1,auto,,,,
aJQ,ajq_2,ajq_2,auto,,,,
aJR,ajr_1,ajr_1,auto,,,,
aJS,aJS,aJS,auto,,,,
aJT,ajt_0,ajt_0,auto,,,,
aJU,aju_2,aju_2,auto,,,,
aJV,ajv_0,ajv_0,auto,,,,
aJW,ajw_1,ajw_1,auto,,,,
aJX,ajx_2,ajx_2,auto,,,,
aJY,ajy_0,ajy_0,auto,,,,
aJZ,ajz_2,ProxyMessage101,ai,,,,
aJa,aja_1,aja_1,auto,,,,
aJb,ajb_1,ajb_1,auto,,,,
aJc,ajc_1,ajc_1,auto,,,,
aJd,aJd,aJd,auto,,,,
aJe,aje_2,aje_2,auto,,,,
aJf,ajf_1,ajf_1,auto,,,,
aJg,aJg,aJg,auto,,,,
aJh,aJh,aJh,auto,,,,
aJi,aji_0,aji_0,auto,,,,
aJj,aJj,aJj,auto,,,,
aJk,ajk_0,ajk_0,auto,,,,
aJl,aJl,aJl,auto,,,,
aJm,ajm_1,ajm_1,auto,,,,
aJn,aJn,aJn,auto,,,,
aJo,ajo_0,ajo_0,auto,,,,
aJp,aJp,aJp,auto,,,,
aJq,aJq,aJq,auto,,,,
aJr,aJr,aJr,auto,,,,
aJs,ajs_0,C2SMessage15000,ai,,,,
aJt,aJt,aJt,auto,,,,
aJu,aju_1,C2SMessage26313,ai,,,,
aJv,aJv,aJv,auto,,,,
aJw,ajw_2,ajw_2,auto,,,,
aJx,ajx_0,ajx_0,auto,,,,
aJy,ajy_2,ajy_2,auto,,,,
aJz,ajz_0,ajz_0,auto,,,,
aK,ak_2,ak_2,auto,,,,
aKA,aka_2,aka_2,auto,,,,
aKB,akb_2,akb_2,auto,,,,
aKC,akc_0,akc_0,auto,,,,
aKD,aKD,aKD,auto,,,,
aKE,ake_0,ake_0,auto,,,,
aKF,akf_0,akf_0,auto,,,,
aKG,akg_0,akg_0,auto,,,,
aKH,aKH,aKH,auto,,,,
aKI,aKI,aKI,auto,,,,
aKJ,akj_1,akj_1,auto,,,,
aKK,akk_0,akk_0,auto,,,,
aKL,akl_0,akl_0,auto,,,,
aKM,akm_1,akm_1,auto,,,,
aKN,akn_2,akn_2,auto,,,,
aKO,ako_2,ako_2,auto,,,,
aKP,akp_1,akp_1,auto,,,,
aKQ,akq_2,akq_2,auto,,,,
aKR,akr_2,akr_2,auto,,,,
aKS,aks_1,aks_1,auto,,,,
aKT,akt_0,akt_0,auto,,,,
aKU,aku_2,aku_2,auto,,,,
aKV,akv_2,akv_2,auto,,,,
aKW,aKW,aKW,auto,,,,
aKX,akx_1,StartPresentationMessage,opcode_map,8010,S2C,ael_2,com.ankamagames.dofusarena.client.network.protocol.message.game.serverToClient.fight
aKY,aky_2,aky_2,auto,,,,
aKZ,akz_2,akz_2,auto,,,,
aKa,aka_0,S2CMessage27505,ai,,,,
aKb,akb_0,akb_0,auto,,,,
aKc,akc_1,akc_1,auto,,,,
aKd,akd_2,akd_2,auto,,,,
aKe,ake_1,ake_1,auto,,,,
aKf,aKf,aKf,auto,,,,
aKg,aKg,aKg,auto,,,,
aKh,akh_1,akh_1,auto,,,,
aKi,aki_2,aki_2,auto,,,,
aKj,aKj,aKj,auto,,,,
aKk,akk_1,C2SMessage15006,ai,,,,
aKl,akl_1,EndPresentationMessage,opcode_map,8018,S2C,ael_2,com.ankamagames.dofusarena.client.network.protocol.message.game.serverToClient.fight
aKm,akm_0,akm_0,auto,,,,
aKn,akn_0,akn_0,auto,,,,
aKo,ako_0,ako_0,auto,,,,
aKp,aKp,aKp,auto,,,,
aKq,akq_0,akq_0,auto,,,,
aKr,akr_1,akr_1,auto,,,,
aKs,aks_0,aks_0,auto,,,,
aKt,aKt,aKt,auto,,,,
aKu,aku_0,aku_0,auto,,,,
aKv,akv_0,akv_0,auto,,,,
aKw,akw_1,akw_1,auto,,,,
aKx,akx_2,akx_2,auto,,,,
aKy,aKy,aKy,auto,,,,
aKz,akz_0,akz_0,auto,,,,
aL,aL,aL,auto,,,,
aLA,ala_0,ala_0,auto,,,,
aLB,alb_1,alb_1,auto,,,,
aLC,alc_1,alc_1,auto,,,,
aLD,ald_0,ald_0,auto,,,,
aLE,aLE,aLE,auto,,,,
aLF,alf_2,alf_2,auto,,,,
aLG,alg_1,alg_1,auto,,,,
aLH,aLH,aLH,auto,,,,
aLI,ali_0,ali_0,auto,,,,
aLJ,alj_0,alj_0,auto,,,,
aLK,alk_2,alk_2,auto,,,,
aLL,all_1,all_1,auto,,,,
aLM,aLM,aLM,auto,,,,
aLN,aLN,aLN,auto,,,,
aLO,aLO,aLO,auto,,,,
aLP,alp_2,alp_2,auto,,,,
aLQ,alq_2,alq_2,auto,,,,
aLR,aLR,aLR,auto,,,,
aLS,als_2,als_2,auto,,,,
aLT,alt_2,alt_2,auto,,,,
aLU,alu_1,alu_1,auto,,,,
aLV,alv_0,ProxyMessageHandler_8,ai,,,,
aLW,alw_2,alw_2,auto,,,,
aLX,alx_2,alx_2,auto,,,,
aLY,aLY,CoachActorMovementRequestMessage,opcode_map,4501,C2S,so_0,com.ankamagames.dofusarena.client.network.protocol.message.game.clientToServer
aLZ,alz_0,alz_0,auto,,,,
aLa,ala_2,ala_2,auto,,,,
aLb,aLb,aLb,auto,,,,
aLc,aLc,aLc,auto,,,,
aLd,ald_1,ald_1,auto,,,,
aLe,ale_1,ale_1,auto,,,,
aLf,aLf,aLf,auto,,,,
aLg,alg_2,alg_2,auto,,,,
aLh,alh_2,alh_2,auto,,,,
aLi,aLi,S2CMessage23104,ai,,,,
aLj,alj_2,alj_2,auto,,,,
aLk,alk_0,alk_0,auto,,,,
aLl,aLl,aLl,auto,,,,
aLm,alm_2,alm_2,auto,,,,
aLn,aln_0,aln_0,auto,,,,
aLo,alo_0,alo_0,auto,,,,
aLp,alp_1,alp_1,auto,,,,
aLq,alq_0,CoachCreationMessage,opcode_map,2049,C2S,so_0,com.ankamagames.dofusarena.client.network.protocol.message.world.clientToServer
aLr,alr_2,alr_2,auto,,,,
aLs,aLs,aLs,auto,,,,
aLt,aLt,aLt,auto,,,,
aLu,aLu,aLu,auto,,,,
aLv,alv_2,alv_2,auto,,,,
aLw,alw_0,alw_0,auto,,,,
aLx,alx_0,alx_0,auto,,,,
aLy,aly_2,aly_2,auto,,,,
aLz,alz_2,ConnectionMessageHandler_2,ai,,,,
aM,am_2,am_2,auto,,,,
aMA,ama_1,ama_1,auto,,,,
aMB,amb_1,amb_1,auto,,,,
aMC,aMC,TeamMateSetReadyForActionMessage,opcode_map,8032,S2C,ael_2,com.ankamagames.dofusarena.client.network.protocol.message.game.serverToClient.fight
aMD,amd_2,amd_2,auto,,,,
aME,ame_0,ame_0,auto,,,,
aMF,amf_2,amf_2,auto,,,,
aMG,amg_2,amg_2,auto,,,,
aMH,amh_0,S2CMessage23004,ai,,,,
aMI,ami_1,ami_1,auto,,,,
aMJ,amj_0,amj_0,auto,,,,
aMK,aMK,aMK,auto,,,,
aML,aML,ProxyMessage102,ai,,,,
aMM,aMM,aMM,auto,,,,
aMN,amn_2,amn_2,auto,,,,
aMO,aMO,aMO,auto,,,,
aMP,aMP,aMP,auto,,,,
aMQ,amq_1,ExchangeMessageHandler_4,ai,,,,
aMR,amr_2,amr_2,auto,,,,
aMS,ams_2,ams_2,auto,,,,
aMT,amt_0,amt_0,auto,,,,
aMU,amu_0,S2CMessage27515,ai,,,,
aMV,aMV,aMV,auto,,,,
aMW,aMW,aMW,auto,,,,
aMX,amx_2,amx_2,auto,,,,
aMY,amy_0,amy_0,auto,,,,
aMZ,aMZ,aMZ,auto,,,,
aMa,ama_0,ama_0,auto,,,,
aMb,amb_2,amb_2,auto,,,,
aMc,amc_1,amc_1,auto,,,,
aMd,amd_0,amd_0,auto,,,,
aMe,ame_1,ame_1,auto,,,,
aMf,amf_1,amf_1,auto,,,,
aMg,aMg,aMg,auto,,,,
aMh,amh_1,amh_1,auto,,,,
aMi,aMi,aMi,auto,,,,
aMj,aMj,aMj,auto,,,,
aMk,amk_2,amk_2,auto,,,,
aMl,aml_2,aml_2,auto,,,,
aMm,amm_1,amm_1,auto,,,,
aMn,aMn,aMn,auto,,,,
aMo,amo_0,ProxyMessage23101,ai,,,,
aMp,amp_1,amp_1,auto,,,,
aMq,amq_2,amq_2,auto,,,,
aMr,amr_1,amr_1,auto,,,,
aMs,ams_1,ams_1,auto,,,,
aMt,amt_1,amt_1,auto,,,,
aMu,amu_1,amu_1,auto,,,,
aMv,amv_2,amv_2,auto,,,,
aMw,amw_1,amw_1,auto,,,,
aMx,aMx,aMx,auto,,,,
aMy,amy_1,amy_1,auto,,,,
aMz,amz_0,CoachCreationRequestMessage,opcode_map,2048,S2C,ael_2,com.ankamagames.dofusarena.client.network.protocol.message.world.serverToClient
aN,an_2,an_2,auto,,,,
aNA,ana_1,ana_1,auto,,,,
aNB,anb_0,anb_0,auto,,,,
aNC,anc_1,anc_1,auto,,,,
aND,and_2,and_2,auto,,,,
aNE,ane_1,ane_1,auto,,,,
aNF,anf_1,anf_1,auto,,,,
aNG,ang_1,ang_1,auto,,,,
aNH,aNH,aNH,auto,,,,
aNI,ani_1,ani_1,auto,,,,
aNJ,anj_0,anj_0,auto,,,,
aNK,ank_1,ank_1,auto,,,,
aNL,anl_2,anl_2,auto,,,,
aNM,anm_0,anm_0,auto,,,,
aNN,ann_2,ann_2,auto,,,,
aNO,ano_1,S2CMessage3198,ai,,,,
aNP,anp_2,anp_2,auto,,,,
aNQ,anq_0,anq_0,auto,,,,
aNR,anr_0,anr_0,auto,,,,
aNS,aNS,aNS,auto,,,,
aNT,aNT,aNT,auto,,,,
aNU,anu_2,anu_2,auto,,,,
aNV,anv_0,C2SMessage4523,ai,,,,
aNW,anw_2,anw_2,auto,,,,
aNX,aNX,aNX,auto,,,,
aNY,any_1,any_1,auto,,,,
aNZ,aNZ,aNZ,auto,,,,
aNa,aNa,aNa,auto,,,,
aNb,aNb,CreateFighterInformationRequestMessage,opcode_map,6001,C2S,so_0,com.ankamagames.dofusarena.client.network.protocol.message.game.clientToServer.teamManagement
aNc,aNc,aNc,auto,,,,
aNd,aNd,aNd,auto,,,,
aNe,aNe,aNe,auto,,,,
aNf,anf_0,anf_0,auto,,,,
aNg,ang_0,ang_0,auto,,,,
aNh,anh_1,anh_1,auto,,,,
aNi,aNi,aNi,auto,,,,
aNj,aNj,aNj,auto,,,,
aNk,aNk,aNk,auto,,,,
aNl,aNl,aNl,auto,,,,
aNm,anm_2,anm_2,auto,,,,
aNn,ann_1,ann_1,auto,,,,
aNo,ano_0,ano_0,auto,,,,
aNp,anp_0,C2SMessage22001,ai,,,,
aNq,aNq,S2CMessage28646,ai,,,,
aNr,anr_2,anr_2,auto,,,,
aNs,ans_1,ans_1,auto,,,,
aNt,ant_2,ant_2,auto,,,,
aNu,aNu,aNu,auto,,,,
aNv,anv_2,anv_2,auto,,,,
aNw,anw_1,anw_1,auto,,,,
aNx,anx_1,CombatMessageHandler_5,ai,,,,
aNy,any_2,any_2,auto,,,,
aNz,anz_2,anz_2,auto,,,,
aO,aO,aO,auto,,,,
aOA,aoa_2,aoa_2,auto,,,,
aOB,aOB,aOB,auto,,,,
aOC,aoc_2,aoc_2,auto,,,,
aOD,aod_2,aod_2,auto,,,,
aOE,aOE,aOE,auto,,,,
aOF,aof_1,aof_1,auto,,,,
aOG,aOG,ProxyMessageHandler_9,ai,,,,
aOH,aOH,aOH,auto,,,,
aOI,aoi_1,aoi_1,auto,,,,
aOJ,aOJ,aOJ,auto,,,,
aOK,aok_2,aok_2,auto,,,,
aOL,aol_2,aol_2,auto,,,,
aOM,aom_0,aom_0,auto,,,,
aON,aon_1,aon_1,auto,,,,
aOO,aoo_1,aoo_1,auto,,,,
aOP,aop_2,aop_2,auto,,,,
aOQ,aoq_1,aoq_1,auto,,,,
aOR,aor_2,aor_2,auto,,,,
aOS,aos_2,aos_2,auto,,,,
aOT,aot_2,aot_2,auto,,,,
aOU,aou_2,aou_2,auto,,,,
aOV,aOV,aOV,auto,,,,
aOW,aOW,TeamMessageHandler_2,ai,,,,
aOX,aox_0,aox_0,auto,,,,
aOY,aoy_2,aoy_2,auto,,,,
aOZ,aoz_1,aoz_1,auto,,,,
aOa,aOa,aOa,auto,,,,
aOb,aob_2,aob_2,auto,,,,
aOc,aoc_1,aoc_1,auto,,,,
aOd,aod_1,aod_1,auto,,,,
aOe,aoe_2,aoe_2,auto,,,,
aOf,aOf,aOf,auto,,,,
aOg,aog_2,aog_2,auto,,,,
aOh,aoh_1,aoh_1,auto,,,,
aOi,aoi_0,aoi_0,auto,,,,
aOj,aoj_1,aoj_1,auto,,,,
aOk,aok_1,aok_1,auto,,,,
aOl,aOl,aOl,auto,,,,
aOm,aom_2,aom_2,auto,,,,
aOn,aon_0,aon_0,auto,,,,
aOo,aOo,C2SMessage5400,ai,,,,
aOp,aOp,aOp,auto,,,,
aOq,aoq_2,aoq_2,auto,,,,
aOr,aor_1,aor_1,auto,,,,
aOs,aos_1,aos_1,auto,,,,
aOt,aOt,aOt,auto,,,,
aOu,aou_1,aou_1,auto,,,,
aOv,aov_1,aov_1,auto,,,,
aOw,aow_1,aow_1,auto,,,,
aOx,aOx,C2SMessage4519,ai,,,,
aOy,aoy_0,aoy_0,auto,,,,
aOz,aoz_2,aoz_2,auto,,,,
aP,ap_2,ap_2,auto,,,,
aPa,apa_0,OpponentSearchErrorMessage,opcode_map,2302,S2C,ael_2,com.ankamagames.dofusarena.client.network.protocol.message.world.serverToClient
aPb,aPb,aPb,auto,,,,
aPc,apc_1,apc_1,auto,,,,
aPd,apd_0,apd_0,auto,,,,
aPe,ape_1,ape_1,auto,,,,
aPf,apf_1,apf_1,auto,,,,
aPg,apg_1,ReconnectionTicketMessage,opcode_map,2,S2C,ael_2,com.ankamagames.baseImpl.client.proxyclient.base.network.protocol.message
aPh,aph_0,aph_0,auto,,,,
aPi,api_0,api_0,auto,,,,
aPj,apj_0,apj_0,auto,,,,
aPk,aPk,aPk,auto,,,,
aPl,aPl,aPl,auto,,,,
aPm,apm_0,apm_0,auto,,,,
aPn,apn_0,apn_0,auto,,,,
aPo,aPo,EndObservationMessage,opcode_map,8038,S2C,ael_2,com.ankamagames.dofusarena.client.network.protocol.message.game.serverToClient.fight
aPp,aPp,aPp,auto,,,,
aPq,apq_0,apq_0,auto,,,,
aPr,apr_0,apr_0,auto,,,,
aPs,aps_0,aps_0,auto,,,,
aPt,aPt,aPt,auto,,,,
aPu,aPu,aPu,auto,,,,
aPv,apv_1,apv_1,auto,,,,
aPw,apw_0,apw_0,auto,,,,
aQ,aq_2,aq_2,auto,,,,
aR,aR,aR,auto,,,,
aS,as_2,as_2,auto,,,,
aT,aT,aT,auto,,,,
aU,au_0,au_0,auto,,,,
aV,av_1,av_1,auto,,,,
aW,aw_0,aw_0,auto,,,,
aX,ax_0,ax_0,auto,,,,
aY,ay_0,ay_0,auto,,,,
aZ,az_1,az_1,auto,,,,
aa,aa,aa,auto,,,,
aaA,aaa_0,aaa_0,auto,,,,
aaB,aaB,aaB,auto,,,,
aaC,aac_0,aac_0,auto,,,,
aaD,aad_0,aad_0,auto,,,,
aaE,aae_0,aae_0,auto,,,,
aaF,aaf_2,aaf_2,auto,,,,
aaG,aaG,aaG,auto,,,,
aaH,aaH,aaH,auto,,,,
aaI,aai_2,aai_2,auto,,,,
aaJ,aaj_0,S2CMessage28644,ai,,,,
aaK,aak_2,aak_2,auto,,,,
aaL,aaL,aaL,auto,,,,
aaM,aaM,aaM,auto,,,,
aaN,aan_0,aan_0,auto,,,,
aaO,aaO,aaO,auto,,,,
aaP,aap_0,aap_0,auto,,,,
aaQ,aaq_2,aaq_2,auto,,,,
aaR,aaR,aaR,auto,,,,
aaS,aas_1,aas_1,auto,,,,
aaT,aat_0,aat_0,auto,,,,
aaU,aau_0,aau_0,auto,,,,
aaV,aav_1,aav_1,auto,,,,
aaW,aaW,aaW,auto,,,,
aaX,aaX,aaX,auto,,,,
aaY,aay_0,aay_0,auto,,,,
aaZ,aaz_2,aaz_2,auto,,,,
aaa,aaa,aaa,auto,,,,
aab,aab_1,aab_1,auto,,,,
aac,aac,aac,auto,,,,
aad,aad_2,aad_2,auto,,,,
aae,aae_2,C2SMessage4517,ai,,,,
aaf,aaf_0,aaf_0,auto,,,,
aag,aag_0,aag_0,auto,,,,
aah,aah_1,aah_1,auto,,,,
aai,aai_1,aai_1,auto,,,,
aaj,aaj,aaj,auto,,,,
aak,aak,aak,auto,,,,
aal,aal_0,aal_0,auto,,,,
aam,aam_2,aam_2,auto,,,,
aan,aan_2,aan_2,auto,,,,
aao,aao_1,aao_1,auto,,,,
aap,aap,aap,auto,,,,
aaq,aaq_1,aaq_1,auto,,,,
aar,aar_1,aar_1,auto,,,,
aas,aas,aas,auto,,,,
aat,aat,aat,auto,,,,
aau,aau_1,aau_1,auto,,,,
aav,aav,aav,auto,,,,
aaw,aaw_1,aaw_1,auto,,,,
aax,aax_0,aax_0,auto,,,,
aay,aay_2,aay_2,auto,,,,
aaz,aaz_1,ItemExchangeUserReadyMessage,opcode_map,5112,S2C,ael_2,com.ankamagames.dofusarena.client.network.protocol.message.game.serverToClient.exchange
ab,ab_2,ab_2,auto,,,,
abA,aba_0,aba_0,auto,,,,
abB,abB,C2SMessage6026,ai,,,,
abC,abc_0,abc_0,auto,,,,
abD,abD,abD,auto,,,,
abE,abe_2,abe_2,auto,,,,
abF,abF,abF,auto,,,,
abG,abg_2,abg_2,auto,,,,
abH,abh_2,abh_2,auto,,,,
abI,abi_1,abi_1,auto,,,,
abJ,abJ,abJ,auto,,,,
abK,abk_2,abk_2,auto,,,,
abL,abl_1,abl_1,auto,,,,
abM,abM,abM,auto,,,,
abN,abn_1,abn_1,auto,,,,
abO,abO,abO,auto,,,,
abP,abp_2,abp_2,auto,,,,
abQ,abQ,abQ,auto,,,,
abR,abr_1,abr_1,auto,,,,
abS,abS,abS,auto,,,,
abT,abt_0,abt_0,auto,,,,
abU,abu_0,abu_0,auto,,,,
abV,abv_0,abv_0,auto,,,,
abW,abw_2,abw_2,auto,,,,
abX,abx_2,abx_2,auto,,,,
abY,aby_2,aby_2,auto,,,,
abZ,abz_0,abz_0,auto,,,,
aba,aba,aba,auto,,,,
abb,abb_0,abb_0,auto,,,,
abc,abc_1,abc_1,auto,,,,
abd,abd_2,abd_2,auto,,,,
abe,abe,abe,auto,,,,
abf,abf_1,abf_1,auto,,,,
abg,abg_0,abg_0,auto,,,,
abh,abh_1,abh_1,auto,,,,
abi,abi_2,abi_2,auto,,,,
abj,abj_2,abj_2,auto,,,,
abk,abk_0,abk_0,auto,,,,
abl,abl,abl,auto,,,,
abm,abm_1,abm_1,auto,,,,
abn,abn_2,abn_2,auto,,,,
abo,abo_1,abo_1,auto,,,,
abp,abp_1,abp_1,auto,,,,
abq,abq_1,abq_1,auto,,,,
abr,abr_0,abr_0,auto,,,,
abs,abs_1,abs_1,auto,,,,
abt,abt_2,abt_2,auto,,,,
abu,abu,abu,auto,,,,
abv,abv_1,abv_1,auto,,,,
abw,abw_0,abw_0,auto,,,,
abx,abx_0,abx_0,auto,,,,
aby,aby,aby,auto,,,,
abz,abz_2,abz_2,auto,,,,
ac,ac_1,ac_1,auto,,,,
acA,aca_2,aca_2,auto,,,,
acB,acb_0,acb_0,auto,,,,
acC,acc_0,acc_0,auto,,,,
acD,acd_0,acd_0,auto,,,,
acE,ace_0,ace_0,auto,,,,
acF,acf_1,acf_1,auto,,,,
acG,acg_1,acg_1,auto,,,,
acH,ach_1,ach_1,auto,,,,
acI,aci_1,aci_1,auto,,,,
acJ,acJ,acJ,auto,,,,
acK,ack_0,ack_0,auto,,,,
acL,acL,acL,auto,,,,
acM,acM,acM,auto,,,,
acN,acn_1,acn_1,auto,,,,
acO,aco_0,aco_0,auto,,,,
acP,acp_1,acp_1,auto,,,,
acQ,acq_1,acq_1,auto,,,,
acR,acr_2,acr_2,auto,,,,
acS,acS,UserChannelContentMessage,opcode_map,3151,C2S,so_0,com.ankamagames.baseImpl.client.proxyclient.base.network.protocol.message.chat.clientToServer
acT,act_1,act_1,auto,,,,
acU,acu_2,acu_2,auto,,,,
acV,acv_0,acv_0,auto,,,,
acW,acw_1,acw_1,auto,,,,
acX,acX,acX,auto,,,,
acY,acy_1,acy_1,auto,,,,
acZ,acz_1,acz_1,auto,,,,
aca,aca,aca,auto,,,,
acb,acb_2,ClientProxyMessage,framework,,,,
acc,acc_1,acc_1,auto,,,,
acd,acd_2,acd_2,auto,,,,
ace,ace,ace,auto,,,,
acf,acf,AssetBinaryReader,framework,,,,
acg,acg,FighterTackledMessage,opcode_map,4506,S2C,ue_0,com.ankamagames.dofusarena.client.network.protocol.message.game.serverToClient.action
ach,ach_2,ach_2,auto,,,,
aci,aci_2,aci_2,auto,,,,
acj,acj_1,acj_1,auto,,,,
ack,ack_1,ack_1,auto,,,,
acl,acl_1,ProxyMessage30002,ai,,,,
acm,acm_0,acm_0,auto,,,,
acn,acn,acn,auto,,,,
aco,aco_2,aco_2,auto,,,,
acp,acp_0,acp_0,auto,,,,
acq,acq,acq,auto,,,,
acr,acr_1,acr_1,auto,,,,
acs,acs_1,acs_1,auto,,,,
act,act,act,auto,,,,
acu,acu_1,acu_1,auto,,,,
acv,acv_1,acv_1,auto,,,,
acw,acw_0,acw_0,auto,,,,
acx,acx_1,acx_1,auto,,,,
acy,acy,acy,auto,,,,
acz,acz_2,C2SMessage23114,ai,,,,
ad,ad_0,ad_0,auto,,,,
adA,ada_0,ada_0,auto,,,,
adB,adb_1,adb_1,auto,,,,
adC,adc_1,adc_1,auto,,,,
adD,add_0,TeamMessageHandler_3,ai,,,,
adE,ade_2,ade_2,auto,,,,
adF,adf_0,adf_0,auto,,,,
adG,adG,adG,auto,,,,
adH,adh_1,adh_1,auto,,,,
adI,adi_0,adi_0,auto,,,,
adJ,adj_1,adj_1,auto,,,,
adK,adk_2,adk_2,auto,,,,
adL,adl_0,adl_0,auto,,,,
adM,adm_0,NotYetImplementedMessage,opcode_map,3212,S2C,ael_2,com.ankamagames.baseImpl.client.proxyclient.base.network.protocol.message.chat.serverToClient.errorMessage
adN,adn_0,MoveToFreePlacementRequestMessage,opcode_map,8021,C2S,so_0,com.ankamagames.dofusarena.client.network.protocol.message.game.clientToServer.fight
adO,ado_2,ado_2,auto,,,,
adP,adp_2,adp_2,auto,,,,
adQ,adq_2,adq_2,auto,,,,
adR,adr_1,adr_1,auto,,,,
adS,ads_2,S2CMessage23106,ai,,,,
adT,adT,adT,auto,,,,
adU,adu_2,adu_2,auto,,,,
adV,adv_0,adv_0,auto,,,,
adW,adW,adW,auto,,,,
adX,adX,adX,auto,,,,
adY,adY,adY,auto,,,,
adZ,adz_1,adz_1,auto,,,,
ada,ada_2,ada_2,auto,,,,
adb,adb,adb,auto,,,,
adc,adc_0,adc_0,auto,,,,
add,add,add,auto,,,,
ade,ade_1,ade_1,auto,,,,
adf,adf_1,adf_1,auto,,,,
adg,adg_1,adg_1,auto,,,,
adh,adh,adh,auto,,,,
adi,adi_2,TeamMessageHandler_4,ai,,,,
adj,adj_0,OpponentSearchCancelMessage,opcode_map,2303,C2S,so_0,com.ankamagames.dofusarena.client.network.protocol.message.world.clientToServer
adk,adk_1,adk_1,auto,,,,
adl,adl_1,adl_1,auto,,,,
adm,adm_1,adm_1,auto,,,,
adn,adn_2,adn_2,auto,,,,
ado,ado,ProxyMessage30000,ai,,,,
adp,adp,adp,auto,,,,
adq,adq,adq,auto,,,,
adr,adr,adr,auto,,,,
ads,ads,ads,auto,,,,
adt,adt_0,adt_0,auto,,,,
adu,adu_0,adu_0,auto,,,,
adv,adv_2,adv_2,auto,,,,
adw,adw_0,adw_0,auto,,,,
adx,adx_1,adx_1,auto,,,,
ady,ady_2,ady_2,auto,,,,
adz,adz,adz,auto,,,,
ae,ae_2,ProxyMessageHandler_10,ai,,,,
aeA,aeA,aeA,auto,,,,
aeB,aeb_1,aeb_1,auto,,,,
aeC,aeC,C2SMessage28635,ai,,,,
aeD,aed_1,aed_1,auto,,,,
aeE,aee_2,aee_2,auto,,,,
aeF,aeF,aeF,auto,,,,
aeG,aeg_2,aeg_2,auto,,,,
aeH,aeh_2,aeh_2,auto,,,,
aeI,aeI,aeI,auto,,,,
aeJ,aej_2,aej_2,auto,,,,
aeK,aek_0,aek_0,auto,,,,
aeL,ael_2,InputOnlyProxyMessage,framework,,,,
aeM,aem_1,aem_1,auto,,,,
aeN,aen_0,aen_0,auto,,,,
aeO,aeo_2,aeo_2,auto,,,,
aeP,aep_1,aep_1,auto,,,,
aeQ,aeq_1,aeq_1,auto,,,,
aeR,aer_2,aer_2,auto,,,,
aeS,aes_1,aes_1,auto,,,,
aeT,aet_2,aet_2,auto,,,,
aeU,aeU,aeU,auto,,,,
aeV,aev_1,aev_1,auto,,,,
aeW,aeW,aeW,auto,,,,
aeX,aex_0,C2SMessage23116,ai,,,,
aeY,aey_2,aey_2,auto,,,,
aeZ,aez_1,aez_1,auto,,,,
aea,aea_1,aea_1,auto,,,,
aeb,aeb,aeb,auto,,,,
aec,aec_1,aec_1,auto,,,,
aed,aed_0,aed_0,auto,,,,
aee,aee_0,aee_0,auto,,,,
aef,aef_0,GuildMessageHandler_1,ai,,,,
aeg,aeg_1,aeg_1,auto,,,,
aeh,aeh_1,aeh_1,auto,,,,
aei,aei_1,aei_1,auto,,,,
aej,aej_0,aej_0,auto,,,,
aek,aek,aek,auto,,,,
ael,ael_1,ael_1,auto,,,,
aem,aem_2,aem_2,auto,,,,
aen,aen_2,aen_2,auto,,,,
aeo,aeo_0,aeo_0,auto,,,,
aep,aep_2,aep_2,auto,,,,
aeq,aeq_0,aeq_0,auto,,,,
aer,aer_1,aer_1,auto,,,,
aes,aes_2,aes_2,auto,,,,
aet,aet_1,aet_1,auto,,,,
aeu,aeu_2,aeu_2,auto,,,,
aev,aev_0,aev_0,auto,,,,
aew,aew_2,aew_2,auto,,,,
aex,aex,aex,auto,,,,
aey,aey_0,aey_0,auto,,,,
aez,aez_2,aez_2,auto,,,,
af,af_1,af_1,auto,,,,
afA,afa_2,afa_2,auto,,,,
afB,afB,afB,auto,,,,
afC,afc_1,afc_1,auto,,,,
afD,afd_0,afd_0,auto,,,,
afE,afe_0,afe_0,auto,,,,
afF,aff_0,aff_0,auto,,,,
afG,afg_1,afg_1,auto,,,,
afH,afh_0,afh_0,auto,,,,
afI,afI,afI,auto,,,,
afJ,afJ,afJ,auto,,,,
afK,afK,afK,auto,,,,
afL,afl_0,afl_0,auto,,,,
afM,afm_1,afm_1,auto,,,,
afN,afN,afN,auto,,,,
afO,afo_2,afo_2,auto,,,,
afP,afP,afP,auto,,,,
afQ,afQ,afQ,auto,,,,
afR,afr_2,afr_2,auto,,,,
afS,afs_0,afs_0,auto,,,,
afT,afT,afT,auto,,,,
afU,afu_1,afu_1,auto,,,,
afV,afV,S2CMessage4601,ai,,,,
afW,afw_0,afw_0,auto,,,,
afX,afx_1,afx_1,auto,,,,
afY,afy_2,PropertyItemMessage,opcode_map,11,C2S,axX,com.ankamagames.framework.kernel.impl.admin.messages.serverToClient
afZ,afz_0,afz_0,auto,,,,
afa,afa_0,afa_0,auto,,,,
afb,afb_1,CombatMessageHandler_6,ai,,,,
afc,afc_0,afc_0,auto,,,,
afd,afd_1,afd_1,auto,,,,
afe,afe_1,afe_1,auto,,,,
aff,aff_2,FightCreationCancelMessage,opcode_map,4311,S2C,ael_2,com.ankamagames.dofusarena.client.network.protocol.message.world.clientToServer
afg,afg,afg_2,auto,,,,
afh,afh_2,afh_2,auto,,,,
afi,afi_1,afi_1,auto,,,,
afj,afj_1,afj_1,auto,,,,
afk,afk_1,afk_1,auto,,,,
afl,afl_2,afl_2,auto,,,,
afm,afm_0,afm_0,auto,,,,
afn,afn_1,afn_1,auto,,,,
afo,afo,afo,auto,,,,
afp,afp_1,afp_1,auto,,,,
afq,afq_2,afq_2,auto,,,,
afr,afr,afr,auto,,,,
afs,afs,afs,auto,,,,
aft,aft_0,aft_0,auto,,,,
afu,afu_2,afu_2,auto,,,,
afv,afv_0,afv_0,auto,,,,
afw,afw,afw,auto,,,,
afx,afx_0,afx_0,auto,,,,
afy,afy_0,afy_0,auto,,,,
afz,afz_1,afz_1,auto,,,,
ag,ag,ag,auto,,,,
agA,aga_1,aga_1,auto,,,,
agB,agb_1,agb_1,auto,,,,
agC,agc_2,agc_2,auto,,,,
agD,agd_1,agd_1,auto,,,,
agE,age_2,age_2,auto,,,,
agF,agf_1,agf_1,auto,,,,
agG,agg_2,agg_2,auto,,,,
agH,agH,DeletionTeamPresetMessage,opcode_map,6022,S2C,ael_2,com.ankamagames.dofusarena.client.network.protocol.message.game.serverToClient.teamManagement
agI,agi_1,agi_1,auto,,,,
agJ,agj_2,agj_2,auto,,,,
agK,agk_2,agk_2,auto,,,,
agL,agl_2,agl_2,auto,,,,
agM,agm_1,agm_1,auto,,,,
agN,agN,agN,auto,,,,
agO,agO,agO,auto,,,,
agP,agp_0,agp_0,auto,,,,
agQ,agq_2,agq_2,auto,,,,
agR,agr_0,agr_0,auto,,,,
agS,ags_0,ags_0,auto,,,,
agT,agt_0,agt_0,auto,,,,
agU,agu_1,agu_1,auto,,,,
agV,agV,agV,auto,,,,
agW,agW,agW,auto,,,,
agX,agx_0,agx_0,auto,,,,
agY,agY,agY,auto,,,,
agZ,agz_0,agz_0,auto,,,,
aga,aga_2,aga_2,auto,,,,
agb,agb_2,agb_2,auto,,,,
agc,agc_0,agc_0,auto,,,,
agd,agd_0,agd_0,auto,,,,
age,age,age,auto,,,,
agf,agf_2,agf_2,auto,,,,
agg,agg,agg,auto,,,,
agh,agh_1,agh_1,auto,,,,
agi,agi_2,agi_2,auto,,,,
agj,agj_1,agj_1,auto,,,,
agk,agk,agk,auto,,,,
agl,agl_1,agl_1,auto,,,,
agm,agm_2,agm_2,auto,,,,
agn,agn_0,agn_0,auto,,,,
ago,ago_1,ago_1,auto,,,,
agp,agp,agp,auto,,,,
agq,agq_1,MatchmakingMessageHandler_1,ai,,,,
agr,agr,agr,auto,,,,
ags,ags_2,ags_2,auto,,,,
agt,agt_2,agt_2,auto,,,,
agu,agu_2,agu_2,auto,,,,
agv,agv_2,agv_2,auto,,,,
agw,agw_2,agw_2,auto,,,,
agx,agx_1,agx_1,auto,,,,
agy,agy_2,agy_2,auto,,,,
agz,agz_1,TournamentMessageHandler_1,ai,,,,
ah,ah,ah,auto,,,,
ahA,ahA,ahA,auto,,,,
ahB,ahB,ahB,auto,,,,
ahC,ahc_2,ahc_2,auto,,,,
ahD,ahd_2,ahd_2,auto,,,,
ahE,ahe_2,ahe_2,auto,,,,
ahF,ahF,ahF,auto,,,,
ahG,ahG,ahG,auto,,,,
ahH,ahH,ahH_1,auto,,,,
ahI,ahI,ahI,auto,,,,
ahJ,ahJ,ItemExchangeCardAddedMessage,opcode_map,5109,C2S,so_0,com.ankamagames.dofusarena.client.network.protocol.message.game.serverToClient.exchange
ahK,ahk_2,ahk_2,auto,,,,
ahL,ahl_1,ahl_1,auto,,,,
ahM,ahM,ahM,auto,,,,
ahN,ahn_1,ahn_1,auto,,,,
ahO,aho_2,aho_2,auto,,,,
ahP,ahp_1,ahp_1,auto,,,,
ahQ,ahq_2,ahq_2,auto,,,,
ahR,ahr_2,ahr_2,auto,,,,
ahS,ahs_1,ahs_1,auto,,,,
ahT,ahT,ahT,auto,,,,
ahU,ahU,S2CMessage558,ai,,,,
ahV,ahV,S2CMessage26314,ai,,,,
ahW,ahw_2,ahw_2,auto,,,,
ahX,ahx_2,ahx_2,auto,,,,
ahY,ahy_0,ahy_0,auto,,,,
ahZ,ahz_2,ahz_2,auto,,,,
aha,aha_1,aha_1,auto,,,,
ahb,ahb_0,ahb_0,auto,,,,
ahc,ahc,ahc,auto,,,,
ahd,ahd,ahd,auto,,,,
ahe,ahe_0,ahe_0,auto,,,,
ahf,ahf_1,ahf_1,auto,,,,
ahg,ahg_2,ahg_2,auto,,,,
ahh,ahh_1,S2CMessage6028,ai,,,,
ahi,ahi_2,ahi_2,auto,,,,
ahj,ahj_1,ahj_1,auto,,,,
ahk,ahk_1,ahk_1,auto,,,,
ahl,ahl_0,ahl_0,auto,,,,
ahm,ahm_0,IgnoreRemovedMessage,opcode_map,3162,S2C,ael_2,com.ankamagames.baseImpl.client.proxyclient.base.network.protocol.message.chat.serverToClient
ahn,ahn,ProxyMessage23051,ai,,,,
aho,aho_0,aho_0,auto,,,,
ahp,ahp_2,ahp_2,auto,,,,
ahq,ahq_0,ahq_0,auto,,,,
ahr,ahr_1,ahr_1,auto,,,,
ahs,ahs_0,ahs_0,auto,,,,
aht,aht_2,aht_2,auto,,,,
ahu,ahu_2,ahu_2,auto,,,,
ahv,ahv_1,ahv_1,auto,,,,
ahw,ahw_1,ahw_1,auto,,,,
ahx,ahx_1,ahx_1,auto,,,,
ahy,ahy_1,ahy_1,auto,,,,
ahz,ahz,ahz,auto,,,,
ai,ai_1,ai_1,auto,,,,
aiA,aia_0,aia_0,auto,,,,
aiB,aib_0,aib_0,auto,,,,
aiC,aic_2,aic_2,auto,,,,
aiD,aiD,aiD,auto,,,,
aiE,aie_1,aie_1,auto,,,,
aiF,aiF,aiF,auto,,,,
aiG,aig_2,aig_2,auto,,,,
aiH,aih_2,aih_2,auto,,,,
aiI,aii_1,aii_1,auto,,,,
aiJ,aiJ,aiJ,auto,,,,
aiK,aik_0,C2SMessage4607,ai,,,,
aiL,ail_2,ail_2,auto,,,,
aiM,aim_1,aim_1,auto,,,,
aiN,ain_1,ain_1,auto,,,,
aiO,aio_0,TeamMateSetReadyForPlacementMessage,opcode_map,8012,S2C,ael_2,com.ankamagames.dofusarena.client.network.protocol.message.game.serverToClient.fight
aiP,aip_1,aip_1,auto,,,,
aiQ,aiQ,aiQ,auto,,,,
aiR,air_1,air_1,auto,,,,
aiS,ais_0,ais_0,auto,,,,
aiT,ait_1,ait_1,auto,,,,
aiU,aiU,aiU,auto,,,,
aiV,aiV,aiV,auto,,,,
aiW,aiw_2,aiw_2,auto,,,,
aiX,aix_2,aix_2,auto,,,,
aiY,aiy_2,CreationFighterInformationMessage,opcode_map,6000,S2C,ael_2,com.ankamagames.dofusarena.client.network.protocol.message.game.serverToClient.teamManagement
aiZ,aiz_2,aiz_2,auto,,,,
aia,aia,aia,auto,,,,
aib,aib,aib,auto,,,,
aic,aic_1,aic_1,auto,,,,
aid,aid_1,C2SMessage27510,ai,,,,
aie,aie_2,aie_2,auto,,,,
aif,aif_0,aif_0,auto,,,,
aig,aig_0,aig_0,auto,,,,
aih,aih,aih,auto,,,,
aii,aii_0,aii_0,auto,,,,
aij,aij_2,aij_2,auto,,,,
aik,aik,S2CMessage28606,ai,,,,
ail,ail_0,ail_0,auto,,,,
aim,aim,aim,auto,,,,
ain,ain_2,ain_2,auto,,,,
aio,aio_2,aio_2,auto,,,,
aip,aip_2,aip_2,auto,,,,
aiq,aiq_0,aiq_0,auto,,,,
air,air,air,auto,,,,
ais,ais_1,ais_1,auto,,,,
ait,ait_0,ait_0,auto,,,,
aiu,aiu_0,aiu_0,auto,,,,
aiv,aiv_2,aiv_2,auto,,,,
aiw,aiw,aiw,auto,,,,
aix,aix_1,aix_1,auto,,,,
aiy,aiy_0,aiy_0,auto,,,,
aiz,aiz_1,aiz_1,auto,,,,
aj,aj_1,aj_1,auto,,,,
ajA,aja_2,aja_2,auto,,,,
ajB,ajb_2,ajb_2,auto,,,,
ajC,ajc_0,ajc_0,auto,,,,
ajD,ajd_0,ajd_0,auto,,,,
ajE,aje_0,aje_0,auto,,,,
ajF,ajf_0,ajf_0,auto,,,,
ajG,ajg_1,ajg_1,auto,,,,
ajH,ajh_1,ajh_1,auto,,,,
ajI,aji_1,aji_1,auto,,,,
ajJ,ajj_1,ajj_1,auto,,,,
ajK,ajk_1,ajk_1,auto,,,,
ajL,ajl_1,ajl_1,auto,,,,
ajM,ajM,ajM,auto,,,,
ajN,ajn_0,ajn_0,auto,,,,
ajO,ajO,ajO,auto,,,,
ajP,ajp_2,ajp_2,auto,,,,
ajQ,ajq_0,ajq_0,auto,,,,
ajR,ajr_2,ajr_2,auto,,,,
ajS,ajs_1,ajs_1,auto,,,,
ajT,ajt_1,ajt_1,auto,,,,
ajU,aju_0,aju_0,auto,,,,
ajV,ajv_1,ProxyMessage1_1,ai,,,,
ajW,ajw_0,C2SMessage23003,ai,,,,
ajX,ajX,ajX,auto,,,,
ajY,ajY,ajY,auto,,,,
ajZ,ajz_1,ajz_1,auto,,,,
aja,aja,aja,auto,,,,
ajb,ajb_0,ajb_0,auto,,,,
ajc,ajc,ajc,auto,,,,
ajd,ajd_1,ajd_1,auto,,,,
aje,aje,aje,auto,,,,
ajf,ajf_2,ajf_2,auto,,,,
ajg,ajg_0,ajg_0,auto,,,,
ajh,ajh_2,ajh_2,auto,,,,
aji,aji,aji,auto,,,,
ajj,ajj_0,ajj_0,auto,,,,
ajk,ajk,ajk,auto,,,,
ajl,ajl_2,ajl_2,auto,,,,
ajm,ajm_2,C2SMessage5204,ai,,,,
ajn,ajn_2,ajn_2,auto,,,,
ajo,ajo_1,CoachMessageHandler_3,ai,,,,
ajp,ajp_0,TournamentMessageHandler_2,ai,,,,
ajq,ajq_1,ajq_1,auto,,,,
ajr,ajr_0,ajr_0,auto,,,,
ajs,ajs_2,ajs_2,auto,,,,
ajt,ajt_2,ajt_2,auto,,,,
aju,aju,aju,auto,,,,
ajv,ajv_2,ajv_2,auto,,,,
ajw,ajw,ajw,auto,,,,
ajx,ajx_1,ajx_1,auto,,,,
ajy,ajy_1,ajy_1,auto,,,,
ajz,ajz,ajz,auto,,,,
ak,ak,C2SMessage3199,ai,,,,
akA,akA,akA,auto,,,,
akB,akB,akB,auto,,,,
akC,akC,akC,auto,,,,
akD,akd_1,akd_1,auto,,,,
akE,akE,akE,auto,,,,
akF,akf_2,akf_2,auto,,,,
akG,akg_2,akg_2,auto,,,,
akH,akh_2,akh_2,auto,,,,
akI,aki_0,aki_0,auto,,,,
akJ,akj_0,akj_0,auto,,,,
akK,akK,akK,auto,,,,
akL,akl_2,akl_2,auto,,,,
akM,akm_2,akm_2,auto,,,,
akN,akn_1,akn_1,auto,,,,
akO,ako_1,ako_1,auto,,,,
akP,akp_2,akp_2,auto,,,,
akQ,akQ,akQ,auto,,,,
akR,akR,akR,auto,,,,
akS,aks_2,CombatMessageHandler_7,ai,,,,
akT,akt_1,akt_1,auto,,,,
akU,akU,akU,auto,,,,
akV,akV,akV,auto,,,,
akW,akw_0,akw_0,auto,,,,
akX,akX,akX,auto,,,,
akY,aky_0,aky_0,auto,,,,
akZ,akz_1,akz_1,auto,,,,
aka,aka_1,aka_1,auto,,,,
akb,akb_1,akb_1,auto,,,,
akc,akc_2,akc_2,auto,,,,
akd,akd_0,akd_0,auto,,,,
ake,ake_2,ake_2,auto,,,,
akf,akf_1,akf_1,auto,,,,
akg,akg_1,akg_1,auto,,,,
akh,akh_0,akh_0,auto,,,,
aki,aki_1,aki_1,auto,,,,
akj,akj_2,akj_2,auto,,,,
akk,akk_2,akk_2,auto,,,,
akl,akl,akl,auto,,,,
akm,akm,akm,auto,,,,
akn,akn,akn,auto,,,,
ako,ako,ako,auto,,,,
akp,akp_0,akp_0,auto,,,,
akq,akq_1,akq_1,auto,,,,
akr,akr_0,akr_0,auto,,,,
aks,aks,aks,auto,,,,
akt,akt_2,akt_2,auto,,,,
aku,aku_1,S2CMessage23112,ai,,,,
akv,akv_1,akv_1,auto,,,,
akw,akw_2,akw_2,auto,,,,
akx,akx_0,akx_0,auto,,,,
aky,aky_1,aky_1,auto,,,,
akz,akz,akz,auto,,,,
al,al_2,al_2,auto,,,,
alA,ala_1,ala_1,auto,,,,
alB,alb_2,alb_2,auto,,,,
alC,alc_0,alc_0,auto,,,,
alD,ald_2,CalendarMessage17008,ai,,,,
alE,ale_2,ale_2,auto,,,,
alF,alf_0,C2SMessage28649,ai,,,,
alG,alg_0,alg_0,auto,,,,
alH,alh_0,alh_0,auto,,,,
alI,ali_1,ali_1,auto,,,,
alJ,alj_1,alj_1,auto,,,,
alK,alk_1,alk_1,auto,,,,
alL,all_0,all_0,auto,,,,
alM,alm_1,alm_1,auto,,,,
alN,aln_1,aln_1,auto,,,,
alO,alo_2,alo_2,auto,,,,
alP,alp_0,alp_0,auto,,,,
alQ,alQ,alQ,auto,,,,
alR,alr_0,alr_0,auto,,,,
alS,als_1,als_1,auto,,,,
alT,alt_1,alt_1,auto,,,,
alU,alu_0,alu_0,auto,,,,
alV,alv_1,C2SMessage26330,ai,,,,
alW,alW,alW,auto,,,,
alX,alX,alX,auto,,,,
alY,aly_0,aly_0,auto,,,,
alZ,alz_1,alz_1,auto,,,,
ala,ala,ala,auto,,,,
alb,alb_0,alb_0,auto,,,,
alc,alc_2,alc_2,auto,,,,
ald,ald,ald,auto,,,,
ale,ale_0,ale_0,auto,,,,
alf,alf_1,alf_1,auto,,,,
alg,alg,alg,auto,,,,
alh,alh_1,alh_1,auto,,,,
ali,ali_2,ali_2,auto,,,,
alj,alj,alj,auto,,,,
alk,alk,alk,auto,,,,
all,all_2,all_2,auto,,,,
alm,alm_0,alm_0,auto,,,,
aln,aln_2,aln_2,auto,,,,
alo,alo_1,alo_1,auto,,,,
alp,alp,alp,auto,,,,
alq,alq_1,alq_1,auto,,,,
alr,alr_1,alr_1,auto,,,,
als,als_0,als_0,auto,,,,
alt,alt_0,alt_0,auto,,,,
alu,alu_2,alu_2,auto,,,,
alv,alv,alv,auto,,,,
alw,alw_1,alw_1,auto,,,,
alx,alx_1,alx_1,auto,,,,
aly,aly_1,aly_1,auto,,,,
alz,alz,alz,auto,,,,
am,am_1,am_1,auto,,,,
amA,amA,amA,auto,,,,
amB,amb_0,RunningEffectActionMessage,opcode_map,8120,S2C,ue_0,com.ankamagames.dofusarena.client.network.protocol.message.game.serverToClient.action
amC,amc_2,amc_2,auto,,,,
amD,amd_1,MalformedCommandMessage,opcode_map,3206,S2C,ael_2,com.ankamagames.baseImpl.client.proxyclient.base.network.protocol.message.chat.serverToClient.errorMessage
amE,amE,amE,auto,,,,
amF,amf_0,amf_0,auto,,,,
amG,amg_0,amg_0,auto,,,,
amH,amh_2,amh_2,auto,,,,
amI,ami_2,ami_2,auto,,,,
amJ,amj_1,amj_1,auto,,,,
amK,amk_1,amk_1,auto,,,,
amL,aml_0,aml_0,auto,,,,
amM,amm_2,amm_2,auto,,,,
amN,amn_0,amn_0,auto,,,,
amO,amo_1,amo_1,auto,,,,
amP,amp_0,amp_0,auto,,,,
amQ,amq_0,amq_0,auto,,,,
amR,amR,amR,auto,,,,
amS,ams_0,ams_0,auto,,,,
amT,amT,amT,auto,,,,
amU,amu_2,amu_2,auto,,,,
amV,amv_0,amv_0,auto,,,,
amW,amw_0,amw_0,auto,,,,
amX,amx_1,amx_1,auto,,,,
amY,amY,amY,auto,,,,
amZ,amz_1,amz_1,auto,,,,
ama,ama_2,ama_2,auto,,,,
amb,amb,amb,auto,,,,
amc,amc_0,amc_0,auto,,,,
amd,amd,amd,auto,,,,
ame,ame_2,ame_2,auto,,,,
amf,amf,amf,auto,,,,
amg,amg_1,amg_1,auto,,,,
amh,amh,amh,auto,,,,
ami,ami_0,ami_0,auto,,,,
amj,amj_2,amj_2,auto,,,,
amk,amk_0,S2CMessage27552,ai,,,,
aml,aml_1,aml_1,auto,,,,
amm,amm_0,amm_0,auto,,,,
amn,amn_1,amn_1,auto,,,,
amo,amo_2,amo_2,auto,,,,
amp,amp_2,amp_2,auto,,,,
amq,amq,amq,auto,,,,
amr,amr_0,amr_0,auto,,,,
ams,ams,ams,auto,,,,
amt,amt_2,amt_2,auto,,,,
amu,amu,amu,auto,,,,
amv,amv_1,amv_1,auto,,,,
amw,amw_2,amw_2,auto,,,,
amx,amx_0,amx_0,auto,,,,
amy,amy_2,amy_2,auto,,,,
amz,amz_2,amz_2,auto,,,,
an,an_0,an_0,auto,,,,
anA,ana_0,ana_0,auto,,,,
anB,anb_2,anb_2,auto,,,,
anC,anc_2,anc_2,auto,,,,
anD,and_0,and_0,auto,,,,
anE,ane_0,ane_0,auto,,,,
anF,anf_2,anf_2,auto,,,,
anG,ang_2,ang_2,auto,,,,
anH,anh_2,anh_2,auto,,,,
anI,ani_0,ani_0,auto,,,,
anJ,anj_1,anj_1,auto,,,,
anK,ank_0,ank_0,auto,,,,
anL,anl_1,anl_1,auto,,,,
anM,anM,anM,auto,,,,
anN,ann_0,ann_0,auto,,,,
anO,anO,anO,auto,,,,
anP,anp_1,anp_1,auto,,,,
anQ,anq_1,anq_1,auto,,,,
anR,anR,anR,auto,,,,
anS,ans_2,ans_2,auto,,,,
anT,ant_1,ant_1,auto,,,,
anU,anu_1,anu_1,auto,,,,
anV,anv_1,anv_1,auto,,,,
anW,anw_0,anw_0,auto,,,,
anX,anx_0,anx_0,auto,,,,
anY,any_0,any_0,auto,,,,
anZ,anz_0,anz_0,auto,,,,
ana,ana_2,ana_2,auto,,,,
anb,anb_1,anb_1,auto,,,,
anc,anc_0,S2CMessage27511,ai,,,,
and,and_1,and_1,auto,,,,
ane,ane_2,ane_2,auto,,,,
anf,anf,anf,auto,,,,
ang,ang,ang,auto,,,,
anh,anh_0,anh_0,auto,,,,
ani,ani_2,ani_2,auto,,,,
anj,anj_2,anj_2,auto,,,,
ank,ank_2,ank_2,auto,,,,
anl,anl_0,anl_0,auto,,,,
anm,anm_1,anm_1,auto,,,,
ann,ann,ann,auto,,,,
ano,ano_2,ano_2,auto,,,,
anp,anp,anp,auto,,,,
anq,anq_2,anq_2,auto,,,,
anr,anr_1,anr_1,auto,,,,
ans,ans_0,ans_0,auto,,,,
ant,ant_0,ant_0,auto,,,,
anu,anu_0,anu_0,auto,,,,
anv,anv,anv,auto,,,,
anw,anw,anw,auto,,,,
anx,anx_2,anx_2,auto,,,,
any,any,ItemExchangeEndMessage,opcode_map,5111,C2S,so_0,com.ankamagames.dofusarena.client.network.protocol.message.game.serverToClient.exchange
anz,anz_1,anz_1,auto,,,,
ao,ao_0,ao_0,auto,,,,
aoA,aoa_0,aoa_0,auto,,,,
aoB,aob_1,aob_1,auto,,,,
aoC,aoc_0,aoc_0,auto,,,,
aoD,aod_0,aod_0,auto,,,,
aoE,aoe_1,aoe_1,auto,,,,
aoF,aof_2,aof_2,auto,,,,
aoG,aog_1,CoachMessageHandler_4,ai,,,,
aoH,aoh_2,CoachInformationsMessage,opcode_map,2052,S2C,ael_2,com.ankamagames.dofusarena.client.network.protocol.message.world.serverToClient
aoI,aoi_2,aoi_2,auto,,,,
aoJ,aoj_2,aoj_2,auto,,,,
aoK,aok_0,aok_0,auto,,,,
aoL,aol_1,aol_1,auto,,,,
aoM,aoM,aoM,auto,,,,
aoN,aoN,aoN,auto,,,,
aoO,aoo_2,aoo_2,auto,,,,
aoP,aop_1,aop_1,auto,,,,
aoQ,aoq_0,aoq_0,auto,,,,
aoR,aor_0,aor_0,auto,,,,
aoS,aos_0,aos_0,auto,,,,
aoT,aot_1,aot_1,auto,,,,
aoU,aoU,aoU,auto,,,,
aoV,aov_0,aov_0,auto,,,,
aoW,aow_0,aow_0,auto,,,,
aoX,aox_2,aox_2,auto,,,,
aoY,aoY,aoY,auto,,,,
aoZ,aoZ,aoZ,auto,,,,
aoa,aoa_1,aoa_1,auto,,,,
aob,aob_0,aob_0,auto,,,,
aoc,aoc,aoc,auto,,,,
aod,aod,aod,auto,,,,
aoe,aoe_0,aoe_0,auto,,,,
aof,aof_0,aof_0,auto,,,,
aog,aog_0,aog_0,auto,,,,
aoh,aoh_0,aoh_0,auto,,,,
aoi,aoi,S2CMessage6014,ai,,,,
aoj,aoj_0,aoj_0,auto,,,,
aok,aok,aok,auto,,,,
aol,aol_0,aol_0,auto,,,,
aom,aom_1,aom_1,auto,,,,
aon,aon_2,aon_2,auto,,,,
aoo,aoo_0,aoo_0,auto,,,,
aop,aop_0,PropertyMessageHandler,ai,,,,
aoq,aoq,aoq,auto,,,,
aor,aor,aor,auto,,,,
aos,aos,aos,auto,,,,
aot,aot_0,aot_0,auto,,,,
aou,aou_0,aou_0,auto,,,,
aov,aov_2,aov_2,auto,,,,
aow,aow_2,C2SMessage23009,ai,,,,
aox,aox_1,aox_1,auto,,,,
aoy,aoy_1,aoy_1,auto,,,,
aoz,aoz_0,aoz_0,auto,,,,
ap,ap_1,ap_1,auto,,,,
apA,apa_1,apa_1,auto,,,,
apB,apb_0,apb_0,auto,,,,
apC,apc_0,apc_0,auto,,,,
apD,apd_1,apd_1,auto,,,,
apE,ape_0,ape_0,auto,,,,
apF,apF,apF,auto,,,,
apG,apG,apG,auto,,,,
apH,apH,apH,auto,,,,
apI,apI,apI,auto,,,,
apJ,apJ,apJ,auto,,,,
apK,apk_0,apk_0,auto,,,,
apL,apl_1,apl_1,auto,,,,
apM,apM,apM,auto,,,,
apN,apN,ConnectionMessageHandler_3,ai,,,,
apO,apo_0,apo_0,auto,,,,
apP,app_0,app_0,auto,,,,
apQ,apQ,apQ,auto,,,,
apR,apr_1,apr_1,auto,,,,
apS,apS,apS,auto,,,,
apT,apt_0,apt_0,auto,,,,
apU,apu_1,apu_1,auto,,,,
apV,apv_0,apv_0,auto,,,,
apW,apW,apW,auto,,,,
apX,apx_0,apx_0,auto,,,,
apY,apY,apY,auto,,,,
apZ,apz_0,apz_0,auto,,,,
apa,apa,apa,auto,,,,
apb,apb_1,apb_1,auto,,,,
apc,apc,apc,auto,,,,
apd,apd,apd,auto,,,,
ape,ape,ape,auto,,,,
apf,apf_0,apf_0,auto,,,,
apg,apg_0,apg_0,auto,,,,
aph,aph_1,aph_1,auto,,,,
api,api_1,api_1,auto,,,,
apj,apj_1,apj_1,auto,,,,
apk,apk_1,apk_1,auto,,,,
apl,apl_0,apl_0,auto,,,,
apm,apm_1,ProxyMessage16400,ai,,,,
apn,apn_1,apn_1,auto,,,,
apo,apo_1,apo_1,auto,,,,
app,app_1,app_1,auto,,,,
apq,apq_1,apq_1,auto,,,,
apr,apr,apr,auto,,,,
aps,aps_1,aps_1,auto,,,,
apt,apt_1,apt_1,auto,,,,
apu,apu_0,apu_0,auto,,,,
apv,apv,apv,auto,,,,
apw,apw_1,apw_1,auto,,,,
apx,apx,apx,auto,,,,
apy,apy_0,apy_0,auto,,,,
apz,apz,apz,auto,,,,
aq,aq_0,aq_0,auto,,,,
aqA,aqA,aqA,auto,,,,
aqB,aqb_0,ActorRepositionMessage,opcode_map,4106,S2C,ael_2,com.ankamagames.dofusarena.client.network.protocol.message.game.serverToClient.actor
aqC,aqc_0,aqc_0,auto,,,,
aqD,aqD,aqD,auto,,,,
aqE,aqe_0,ProxyMessage21010,ai,,,,
aqF,aqF,aqF,auto,,,,
aqG,aqG,aqG,auto,,,,
aqH,aqH,SaveTeamPresetRequestMessage,opcode_map,6021,C2S,so_0,com.ankamagames.dofusarena.client.network.protocol.message.game.clientToServer.teamManagement
aqI,aqI,aqI,auto,,,,
aqJ,aqj_0,aqj_0,auto,,,,
aqK,aqK,aqK,auto,,,,
aqL,aql_0,aql_0,auto,,,,
aqM,aqm_0,aqm_0,auto,,,,
aqN,aqN,aqN,auto,,,,
aqO,aqo_0,aqo_0,auto,,,,
aqP,aqP,aqP,auto,,,,
aqQ,aqQ,aqQ,auto,,,,
aqR,aqr_0,aqr_0,auto,,,,
aqS,aqs_0,aqs_0,auto,,,,
aqT,aqt_0,aqt_0,auto,,,,
aqU,aqu_0,aqu_0,auto,,,,
aqV,aqV,aqV,auto,,,,
aqW,aqw_0,aqw_0,auto,,,,
aqX,aqX,S2CMessage5114,ai,,,,
aqY,aqY,aqY,auto,,,,
aqZ,aqz_0,aqz_0,auto,,,,
aqa,aqa_0,aqa_0,auto,,,,
aqb,aqb,DisconnectionNotificationMessage,opcode_map,1,C2S,so_0,com.ankamagames.baseImpl.client.proxyclient.base.network.protocol.message
aqc,aqc,aqc,auto,,,,
aqd,aqd_0,aqd_0,auto,,,,
aqe,aqe,aqe,auto,,,,
aqf,aqf_0,aqf_0,auto,,,,
aqg,aqg_0,aqg_0,auto,,,,
aqh,aqh_0,aqh_0,auto,,,,
aqi,aqi_0,aqi_0,auto,,,,
aqj,aqj,aqj,auto,,,,
aqk,aqk_0,aqk_0,auto,,,,
aql,aql,aql,auto,,,,
aqm,aqm,aqm,auto,,,,
aqn,aqn_0,aqn_0,auto,,,,
aqo,aqo,aqo,auto,,,,
aqp,aqp_0,aqp_0,auto,,,,
aqq,aqq_0,aqq_0,auto,,,,
aqr,aqr,aqr,auto,,,,
aqs,aqs,aqs,auto,,,,
aqt,aqt,aqt,auto,,,,
aqu,aqu,aqu,auto,,,,
aqv,aqv_0,aqv_0,auto,,,,
aqw,aqw,aqw,auto,,,,
aqx,aqx_0,aqx_0,auto,,,,
aqy,aqy_0,aqy_0,auto,,,,
aqz,aqz,aqz,auto,,,,
ar,ar_2,ar_2,auto,,,,
arA,ara_0,ara_0,auto,,,,
arB,arb_0,arb_0,auto,,,,
arC,arc_0,arc_0,auto,,,,
arD,ard_0,ard_0,auto,,,,
arE,are_0,are_0,auto,,,,
arF,arF,arF,auto,,,,
arG,arG,arG,auto,,,,
arH,arh_0,arh_0,auto,,,,
arI,ari_0,ari_0,auto,,,,
arJ,arj_0,arj_0,auto,,,,
arK,ark_0,ark_0,auto,,,,
arL,arL,arL,auto,,,,
arM,arM,arM,auto,,,,
arN,arN,arN,auto,,,,
arO,aro_0,aro_0,auto,,,,
arP,arp_0,arp_0,auto,,,,
arQ,arQ,arQ,auto,,,,
arR,arr_0,arr_0,auto,,,,
arS,arS,arS,auto,,,,
arT,arT,arT,auto,,,,
arU,arU,arU,auto,,,,
arV,arV,arV,auto,,,,
arW,arw_0,arw_0,auto,,,,
arX,arX,arX,auto,,,,
arY,arY,arY,auto,,,,
arZ,arz_0,arz_0,auto,,,,
ara,ara,ara,auto,,,,
arb,arb,arb,auto,,,,
arc,arc,arc,auto,,,,
ard,ard,ard,auto,,,,
are,are,are,auto,,,,
arf,arf_0,arf_0,auto,,,,
arg,arg_0,arg_0,auto,,,,
arh,arh,arh,auto,,,,
ari,ari,ari,auto,,,,
arj,arj,arj,auto,,,,
ark,ark,ark,auto,,,,
arl,arl_0,S2CMessage510,ai,,,,
arm,arm_0,arm_0,auto,,,,
arn,arn_0,FighterCardUseMessage,opcode_map,8108,S2C,ue_0,com.ankamagames.dofusarena.client.network.protocol.message.game.serverToClient.action
aro,aro,aro,auto,,,,
arp,arp,arp,auto,,,,
arq,arq_0,arq_0,auto,,,,
arr,arr,arr,auto,,,,
ars,ars_0,ars_0,auto,,,,
art,art_0,art_0,auto,,,,
aru,aru_0,aru_0,auto,,,,
arv,arv_0,arv_0,auto,,,,
arw,arw,arw,auto,,,,
arx,arx_0,arx_0,auto,,,,
ary,ary_0,ary_0,auto,,,,
arz,arz,arz,auto,,,,
as,as_0,TargetIsYourselfMessage,opcode_map,3214,S2C,ael_2,com.ankamagames.baseImpl.client.proxyclient.base.network.protocol.message.chat.serverToClient.errorMessage
asA,asA,TeamMessageHandler_5,ai,,,,
asB,asB,asB,auto,,,,
asC,asc_0,asc_0,auto,,,,
asD,asD,asD,auto,,,,
asE,asE,TournamentMessage20072,ai,,,,
asF,asF,asF,auto,,,,
asG,asg_0,C2SMessage107,ai,,,,
asH,asH,ItemExchangeCardRemovedMessage,opcode_map,5110,S2C,ael_2,com.ankamagames.dofusarena.client.network.protocol.message.game.serverToClient.exchange
asI,asi_0,asi_0,auto,,,,
asJ,asj_0,asj_0,auto,,,,
asK,ask_0,ask_0,auto,,,,
asL,asL,asL,auto,,,,
asM,asM,asM,auto,,,,
asN,asn_0,asn_0,auto,,,,
asO,asO,asO,auto,,,,
asP,asP,asP,auto,,,,
asQ,asq_0,asq_0,auto,,,,
asR,asr_0,asr_0,auto,,,,
asS,ass_0,ass_0,auto,,,,
asT,asT,asT,auto,,,,
asU,asu_0,asu_0,auto,,,,
asV,asV,asV,auto,,,,
asW,asW,asW,auto,,,,
asX,asx_0,asx_0,auto,,,,
asY,asy_0,asy_0,auto,,,,
asZ,asz_0,asz_0,auto,,,,
asa,asa_0,asa_0,auto,,,,
asb,asb_0,asb_0,auto,,,,
asc,asc,asc,auto,,,,
asd,asd_0,asd_0,auto,,,,
ase,ase_0,ase_0,auto,,,,
asf,asf_0,asf_0,auto,,,,
asg,asg,ProxyMessage19001,ai,,,,
ash,ash_0,ash_0,auto,,,,
asi,asi,asi,auto,,,,
asj,asj,asj,auto,,,,
ask,ask,ask,auto,,,,
asl,asl_0,asl_0,auto,,,,
asm,asm_0,asm_0,auto,,,,
asn,asn,asn,auto,,,,
aso,aso_0,CloseCombatRequestMessage,opcode_map,8111,C2S,so_0,com.ankamagames.dofusarena.client.network.protocol.message.game.clientToServer.fight
asp,asp_0,asp_0,auto,,,,
asq,asq,asq,auto,,,,
asr,asr,asr,auto,,,,
ass,ass,ass,auto,,,,
ast,ast_0,ast_0,auto,,,,
asu,asu,S2CMessage6,ai,,,,
asv,asv_0,asv_0,auto,,,,
asw,asw_0,asw_0,auto,,,,
asx,asx,asx,auto,,,,
asy,asy,asy,auto,,,,
asz,asz,asz,auto,,,,
at,at_0,at_0,auto,,,,
atA,atA,atA,auto,,,,
atB,atb_0,atb_0,auto,,,,
atC,atC,atC,auto,,,,
atD,atD,atD,auto,,,,
atE,ate_0,ate_0,auto,,,,
atF,atF,atF,auto,,,,
atG,atG,MessageHandler,framework,,,,
atH,ath_0,ath_0,auto,,,,
atI,atI,atI,auto,,,,
atJ,atJ,atJ,auto,,,,
atK,atK,atK,auto,,,,
atL,atl_0,atl_0,auto,,,,
atM,atM,C2SMessage509,ai,,,,
atN,atn_0,atn_0,auto,,,,
atO,ato_0,ChannelMemberKickMessage,opcode_map,3136,S2C,ael_2,com.ankamagames.baseImpl.client.proxyclient.base.network.protocol.message.chat.serverToClient
atP,atP,atP,auto,,,,
atQ,atQ,atQ,auto,,,,
atR,atr_0,atr_0,auto,,,,
atS,atS,atS,auto,,,,
atT,att_0,att_0,auto,,,,
atU,atu_0,atu_0,auto,,,,
atV,atv_0,atv_0,auto,,,,
atW,atW,atW,auto,,,,
atX,atx_0,atx_0,auto,,,,
atY,atY,atY,auto,,,,
atZ,atZ,atZ,auto,,,,
ata,ata_0,ata_0,auto,,,,
atb,atb,atb,auto,,,,
atc,atc_0,atc_0,auto,,,,
atd,atd_0,atd_0,auto,,,,
ate,ate,ate,auto,,,,
atf,atf_0,atf_0,auto,,,,
atg,atg_0,atg_0,auto,,,,
ath,ath,ath,auto,,,,
ati,ati_0,ati_0,auto,,,,
atj,atj_0,C2SMessage23103,ai,,,,
atk,atk_0,atk_0,auto,,,,
atl,atl,atl,auto,,,,
atm,atm_0,atm_0,auto,,,,
atn,atn,atn,auto,,,,
ato,ato,ato,auto,,,,
atp,atp_0,atp_0,auto,,,,
atq,atq_0,atq_0,auto,,,,
atr,atr,atr,auto,,,,
ats,ats_0,ats_0,auto,,,,
att,att,att,auto,,,,
atu,atu,atu,auto,,,,
atv,atv,atv,auto,,,,
atw,atw_0,atw_0,auto,,,,
atx,atx,atx,auto,,,,
aty,aty_0,aty_0,auto,,,,
atz,atz_0,atz_0,auto,,,,
au,au_1,GuildMessageHandler_2,ai,,,,
auA,auA,auA,auto,,,,
auB,aub_0,aub_0,auto,,,,
auC,auC,auC,auto,,,,
auD,auD,auD,auto,,,,
auE,auE,S2CMessage28604,ai,,,,
auF,auf_0,S2CMessage502,ai,,,,
auG,aug_0,aug_0,auto,,,,
auH,auh_0,auh_0,auto,,,,
auI,auI,auI,auto,,,,
auJ,auJ,auJ,auto,,,,
auK,auk_0,auk_0,auto,,,,
auL,auL,auL,auto,,,,
auM,aum_0,aum_0,auto,,,,
auN,aun_0,aun_0,auto,,,,
auO,auo_0,auo_0,auto,,,,
auP,auP,auP,auto,,,,
auQ,auQ,ProxyMessage1024,ai,,,,
auR,aur_0,aur_0,auto,,,,
auS,aus_0,aus_0,auto,,,,
auT,auT,auT,auto,,,,
auU,auU,auU,auto,,,,
auV,auV,auV,auto,,,,
auW,auW,auW,auto,,,,
auX,aux__0,aux__0,auto,,,,
auY,auY,auY,auto,,,,
auZ,auZ,C2SMessage517,ai,,,,
aua,aua_0,aua_0,auto,,,,
aub,aub,aub,auto,,,,
auc,auc_0,auc_0,auto,,,,
aud,aud_0,aud_0,auto,,,,
aue,aue_0,aue_0,auto,,,,
auf,auf,auf,auto,,,,
aug,aug,aug,auto,,,,
auh,auh,auh,auto,,,,
aui,aui_0,aui_0,auto,,,,
auj,auj_0,auj_0,auto,,,,
auk,auk,auk,auto,,,,
aul,aul_0,aul_0,auto,,,,
aum,aum,aum,auto,,,,
aun,aun,aun,auto,,,,
auo,auo,auo,auto,,,,
aup,aup_0,aup_0,auto,,,,
auq,auq_0,TeamMateSetReadyForObservationRequestMessage,opcode_map,8023,C2S,so_0,com.ankamagames.dofusarena.client.network.protocol.message.game.clientToServer.fight
aur,aur,aur,auto,,,,
aus,aus,aus,auto,,,,
aut,aut_0,aut_0,auto,,,,
auu,auu_0,auu_0,auto,,,,
auv,auv_0,auv_0,auto,,,,
auw,auw_0,auw_0,auto,,,,
aux,aux_,C2SMessage3161,ai,,,,
auy,auy_0,auy_0,auto,,,,
auz,auz_0,auz_0,auto,,,,
av,av_0,av_0,auto,,,,
avA,avA,avA,auto,,,,
avB,avb_0,avb_0,auto,,,,
avC,avc_0,avc_0,auto,,,,
avD,avD,avD,auto,,,,
avE,avE,avE,auto,,,,
avF,avF,avF,auto,,,,
avG,avg_0,avg_0,auto,,,,
avH,avh_0,avh_0,auto,,,,
avI,avi_0,avi_0,auto,,,,
avJ,avJ,avJ,auto,,,,
avK,avk_0,avk_0,auto,,,,
avL,avL,avL,auto,,,,
avM,avM,avM,auto,,,,
avN,avN,avN,auto,,,,
avO,avO,avO,auto,,,,
avP,avP,avP,auto,,,,
avQ,avQ,avQ,auto,,,,
avR,avr_0,avr_0,auto,,,,
avS,avs_0,avs_0,auto,,,,
avT,avT,S2CMessage9,ai,,,,
avU,avU,avU,auto,,,,
avV,avV,avV,auto,,,,
avW,avw_0,avw_0,auto,,,,
avX,avX,avX,auto,,,,
avY,avy_0,avy_0,auto,,,,
avZ,avz_0,avz_0,auto,,,,
ava,ava_0,ava_0,auto,,,,
avb,avb,avb,auto,,,,
avc,avc,avc,auto,,,,
avd,avd_0,avd_0,auto,,,,
ave,ave_0,ave_0,auto,,,,
avf,avf_0,ActorMovementMessage,opcode_map,4500,S2C,ael_2,com.ankamagames.dofusarena.client.network.protocol.message.game.serverToClient.actor
avg,avg,avg,auto,,,,
avh,avh,avh,auto,,,,
avi,avi,avi,auto,,,,
avj,avj_0,avj_0,auto,,,,
avk,avk,avk,auto,,,,
avl,avl_0,avl_0,auto,,,,
avm,avm_0,avm_0,auto,,,,
avn,avn_0,avn_0,auto,,,,
avo,avo_0,avo_0,auto,,,,
avp,avp_0,avp_0,auto,,,,
avq,avq_0,avq_0,auto,,,,
avr,avr,avr,auto,,,,
avs,avs,OperationNotPermitedMessage,opcode_map,3216,S2C,ael_2,com.ankamagames.baseImpl.client.proxyclient.base.network.protocol.message.chat.serverToClient.errorMessage
avt,avt_0,avt_0,auto,,,,
avu,avu_0,CombatMessageHandler_8,ai,,,,
avv,avv_0,avv_0,auto,,,,
avw,avw,avw,auto,,,,
avx,avx_0,avx_0,auto,,,,
avy,avy,avy,auto,,,,
avz,avz,avz,auto,,,,
aw,aw_1,aw_1,auto,,,,
awA,awA,awA,auto,,,,
awB,awb_0,awb_0,auto,,,,
awC,awC,awC,auto,,,,
awD,awD,awD,auto,,,,
awE,awe_0,awe_0,auto,,,,
awF,awf_0,awf_0,auto,,,,
awG,awG,awG,auto,,,,
awH,awh_0,awh_0,auto,,,,
awI,awi_0,awi_0,auto,,,,
awJ,awj_0,awj_0,auto,,,,
awK,awK,awK,auto,,,,
awL,awL,awL,auto,,,,
awM,awM,awM,auto,,,,
awN,awn_0,awn_0,auto,,,,
awO,awO,awO,auto,,,,
awP,awp_0,awp_0,auto,,,,
awQ,awQ,awQ,auto,,,,
awR,awR,C2SMessage511,ai,,,,
awS,awS,awS,auto,,,,
awT,awt_0,awt_0,auto,,,,
awU,awU,awU,auto,,,,
awV,awv_0,awv_0,auto,,,,
awW,aww_0,aww_0,auto,,,,
awX,awX,awX,auto,,,,
awY,awy_0,awy_0,auto,,,,
awZ,awZ,awZ,auto,,,,
awa,awa_0,S2CMessage17003,ai,,,,
awb,awb,awb,auto,,,,
awc,awc_0,awc_0,auto,,,,
awd,awd_0,awd_0,auto,,,,
awe,awe,awe,auto,,,,
awf,awf,awf,auto,,,,
awg,awg_0,awg_0,auto,,,,
awh,awh,awh,auto,,,,
awi,awi,awi,auto,,,,
awj,awj,awj,auto,,,,
awk,awk_0,awk_0,auto,,,,
awl,awl_0,awl_0,auto,,,,
awm,awm_0,awm_0,auto,,,,
awn,awn,awn,auto,,,,
awo,awo_0,awo_0,auto,,,,
awp,awp,awp,auto,,,,
awq,awq_0,awq_0,auto,,,,
awr,awr_0,awr_0,auto,,,,
aws,aws_0,aws_0,auto,,,,
awt,awt,awt,auto,,,,
awu,awu_0,awu_0,auto,,,,
awv,awv,awv,auto,,,,
aww,aww,aww,auto,,,,
awx,awx_0,awx_0,auto,,,,
awy,awy,awy,auto,,,,
awz,awz_0,awz_0,auto,,,,
ax,ax_1,ax_1,auto,,,,
axA,axA,S2CMessage22092,ai,,,,
axB,axB,axB,auto,,,,
axC,axC,axC,auto,,,,
axD,axD,axD,auto,,,,
axE,axe_0,axe_0,auto,,,,
axF,axf_0,C2SMessage22095,ai,,,,
axG,axG,axG,auto,,,,
axH,axH,C2SMessage22004,ai,,,,
axI,axi_0,axi_0,auto,,,,
axJ,axJ,axJ,auto,,,,
axK,axk_0,axk_0,auto,,,,
axL,axL,axL,auto,,,,
axM,axm_0,axm_0,auto,,,,
axN,axN,axN,auto,,,,
axO,axo_0,axo_0,auto,,,,
axP,axP,axP,auto,,,,
axQ,axQ,axQ,auto,,,,
axR,axR,axR,auto,,,,
axS,axS,axS,auto,,,,
axT,axT,axT,auto,,,,
axU,axu_0,axu_0,auto,,,,
axV,axV,axV,auto,,,,
axW,axw_0,axw_0,auto,,,,
axX,axX,AdminMessageBase,framework,,,,
axY,axy_0,axy_0,auto,,,,
axZ,axZ,ProxyMessage5301,ai,,,,
axa,axa_0,axa_0,auto,,,,
axb,axb_0,axb_0,auto,,,,
axc,axc_0,axc_0,auto,,,,
axd,axd_0,axd_0,auto,,,,
axe,axe,axe,auto,,,,
axf,axf,axf,auto,,,,
axg,axg_0,axg_0,auto,,,,
axh,axh_0,axh_0,auto,,,,
axi,axi,axi,auto,,,,
axj,axj_0,axj_0,auto,,,,
axk,axk,axk,auto,,,,
axl,axl_0,axl_0,auto,,,,
axm,axm,axm,auto,,,,
axn,axn_0,SpellCastMessage,opcode_map,8110,S2C,ue_0,com.ankamagames.dofusarena.client.network.protocol.message.game.serverToClient.action
axo,axo,axo,auto,,,,
axp,axp_0,axp_0,auto,,,,
axq,axq_0,axq_0,auto,,,,
axr,axr_0,S2CMessage26312,ai,,,,
axs,axs_0,axs_0,auto,,,,
axt,axt_0,axt_0,auto,,,,
axu,axu,axu,auto,,,,
axv,axv_0,axv_0,auto,,,,
axw,axw,axw,auto,,,,
axx,axx_0,axx_0,auto,,,,
axy,axy,axy,auto,,,,
axz,axz_0,axz_0,auto,,,,
ay,ay,ay,auto,,,,
ayA,ayA,ayA,auto,,,,
ayB,ayb_0,ayb_0,auto,,,,
ayC,ayc_0,ayc_0,auto,,,,
ayD,ayd_0,ayd_0,auto,,,,
ayE,aye_0,aye_0,auto,,,,
ayF,ayF,ayF,auto,,,,
ayG,ayG,ayG,auto,,,,
ayH,ayh_0,ayh_0,auto,,,,
ayI,ayi_0,ayi_0,auto,,,,
ayJ,ayj_0,FightActionSequenceExecute,opcode_map,8200,S2C,ael_2,com.ankamagames.dofusarena.client.network.protocol.message.game.serverToClient.action
ayK,ayk_0,ayk_0,auto,,,,
ayL,ayL,ayL,auto,,,,
ayM,ayM,ayM,auto,,,,
ayN,ayN,ayN,auto,,,,
ayO,ayo_0,ayo_0,auto,,,,
ayP,ayp_0,ayp_0,auto,,,,
ayQ,ayQ,C2SMessage28603,ai,,,,
ayR,ayR,ayR,auto,,,,
ayS,ays_0,ays_0,auto,,,,
ayT,ayT,ayT,auto,,,,
ayU,ayU,ayU,auto,,,,
ayV,ayV,S2CMessage15001,ai,,,,
ayW,ayW,ayW,auto,,,,
ayX,ayx_0,ayx_0,auto,,,,
ayY,ayy_0,ayy_0,auto,,,,
ayZ,ayZ,ayZ,auto,,,,
aya,aya_0,ActorDisapearMessage,opcode_map,4104,S2C,ael_2,com.ankamagames.dofusarena.client.network.protocol.message.game.serverToClient.actor
ayb,ayb,ayb,auto,,,,
ayc,ayc,ayc,auto,,,,
ayd,ayd,ayd,auto,,,,
aye,aye,aye,auto,,,,
ayf,ayf_0,ProxyMessageHandler_11,ai,,,,
ayg,ayg_0,ayg_0,auto,,,,
ayh,ayh,ayh,auto,,,,
ayi,ayi,ayi,auto,,,,
ayj,ayj,ayj,auto,,,,
ayk,ayk,ayk,auto,,,,
ayl,ayl_0,ayl_0,auto,,,,
aym,aym_0,RemoveFriendMessage,opcode_map,3133,C2S,so_0,com.ankamagames.baseImpl.client.proxyclient.base.network.protocol.message.chat.clientToServer
ayn,ayn_0,ayn_0,auto,,,,
ayo,ayo,ayo,auto,,,,
ayp,ayp,ayp,auto,,,,
ayq,ayq_0,ayq_0,auto,,,,
ayr,ayr_0,ayr_0,auto,,,,
ays,ays,ays,auto,,,,
ayt,ayt_0,ayt_0,auto,,,,
ayu,ayu_0,ayu_0,auto,,,,
ayv,ayv_0,ayv_0,auto,,,,
ayw,ayw_0,ayw_0,auto,,,,
ayx,ayx,ayx,auto,,,,
ayy,ayy,S2CMessage3168,ai,,,,
ayz,ayz_0,ayz_0,auto,,,,
az,az,S2CMessage25000,ai,,,,
azA,aza_0,aza_0,auto,,,,
azB,azB,azB,auto,,,,
azC,azC,azC,auto,,,,
azD,azd_0,S2CMessage27501,ai,,,,
azE,aze_0,aze_0,auto,,,,
azF,azf_0,azf_0,auto,,,,
azG,azG,azG,auto,,,,
azH,azh_0,azh_0,auto,,,,
azI,azI,azI,auto,,,,
azJ,azj_0,S2CMessage28614,ai,,,,
azK,azk_0,azk_0,auto,,,,
azL,azL,CombatMessageHandler_9,ai,,,,
azM,azm_0,azm_0,auto,,,,
azN,azN,azN,auto,,,,
azO,azo_0,azo_0,auto,,,,
azP,azP,azP,auto,,,,
azQ,azq_0,azq_0,auto,,,,
azR,azR,azR,auto,,,,
azS,azS,PartyMessage16802,ai,,,,
azT,azt_0,S2CMessage4700,ai,,,,
azU,azU,azU,auto,,,,
azV,azV,azV,auto,,,,
azW,azw_0,azw_0,auto,,,,
azX,azX,azX,auto,,,,
azY,azy_0,azy_0,auto,,,,
azZ,azZ,azZ,auto,,,,
aza,aza,aza,auto,,,,
azb,azb_0,S2CMessage26332,ai,,,,
azc,azc_0,azc_0,auto,,,,
azd,azd,azd,auto,,,,
aze,aze,aze,auto,,,,
azf,azf,azf,auto,,,,
azg,azg_0,azg_0,auto,,,,
azh,azh,azh,auto,,,,
azi,azi_0,azi_0,auto,,,,
azj,azj,azj,auto,,,,
azk,azk,azk,auto,,,,
azl,azl_0,S2CMessage23006,ai,,,,
azm,azm,azm,auto,,,,
azn,azn_0,azn_0,auto,,,,
azo,azo,azo,auto,,,,
azp,azp_0,azp_0,auto,,,,
azq,azq,azq,auto,,,,
azr,azr_0,azr_0,auto,,,,
azs,azs_0,azs_0,auto,,,,
azt,azt,azt,auto,,,,
azu,azu_0,azu_0,auto,,,,
azv,azv_0,azv_0,auto,,,,
azw,azw,azw,auto,,,,
azx,azx_0,azx_0,auto,,,,
azy,azy,azy,auto,,,,
azz,azz_0,azz_0,auto,,,,
b,b_0,b_0,auto,,,,
bA,bA,bA,auto,,,,
bB,bb_0,UserVicinityContentMessage,opcode_map,3153,C2S,so_0,com.ankamagames.baseImpl.client.proxyclient.base.network.protocol.message.chat.clientToServer
bC,bc_1,bc_1,auto,,,,
bD,bd_2,C2SMessage201,ai,,,,
bE,bE,bE,auto,,,,
bF,bf_1,bf_1,auto,,,,
bG,bg_1,bg_1,auto,,,,
bH,bh_1,bh_1,auto,,,,
bI,bI,bI,auto,,,,
bJ,bj_0,bj_0,auto,,,,
bK,bk_2,bk_2,auto,,,,
bL,bl_0,bl_0,auto,,,,
bM,bM,bM,auto,,,,
bN,bn_2,bn_2,auto,,,,
bO,bo_2,bo_2,auto,,,,
bP,bp_2,bp_2,auto,,,,
bQ,bq_1,bq_1,auto,,,,
bR,br_0,br_0,auto,,,,
bS,bs_1,bs_1,auto,,,,
bT,bt_1,bt_1,auto,,,,
bU,bU,bU,auto,,,,
bV,bv_2,bv_2,auto,,,,
bW,bw_0,bw_0,auto,,,,
bX,bX,bX,auto,,,,
bY,by_0,by_0,auto,,,,
bZ,bZ,bZ,auto,,,,
ba,ba_0,ba_0,auto,,,,
bb,bb_2,bb_2,auto,,,,
bc,bc_2,bc_2,auto,,,,
bd,bd,bd,auto,,,,
be,be_2,be_2,auto,,,,
bf,bf_2,bf_2,auto,,,,
bg,bg_0,bg_0,auto,,,,
bh,bh,bh,auto,,,,
bi,bi_1,bi_1,auto,,,,
bj,bj,bj,auto,,,,
bk,bk_1,OpponentFoundMessage,opcode_map,2300,S2C,ael_2,com.ankamagames.dofusarena.client.network.protocol.message.world.serverToClient
bl,bl,C2SMessage27529,ai,,,,
bm,bm_0,bm_0,auto,,,,
bn,bn,bn,auto,,,,
bo,bo,bo,auto,,,,
bp,bp_1,UpdateFighterInventoryRequestMessage,opcode_map,6011,C2S,so_0,com.ankamagames.dofusarena.client.network.protocol.message.game.clientToServer.teamManagement
bq,bq_2,bq_2,auto,,,,
br,br,br,auto,,,,
bs,bs_2,bs_2,auto,,,,
bt,bt_2,bt_2,auto,,,,
bu,bu_0,bu_0,auto,,,,
bv,bv_1,bv_1,auto,,,,
bw,bw,C2SMessage22099,ai,,,,
bx,bx_2,bx_2,auto,,,,
by,by_2,ConnectionMessageHandler_4,ai,,,,
bz,bz_0,bz_0,auto,,,,
c,c_0,c_0,auto,,,,
cA,cA,cA,auto,,,,
cB,cb_0,cb_0,auto,,,,
cC,cc_0,cc_0,auto,,,,
cD,cd_2,FighterDiesMessage,opcode_map,4520,S2C,ue_0,com.ankamagames.dofusarena.client.network.protocol.message.game.serverToClient.action
cE,cE,cE,auto,,,,
cF,cF,cF,auto,,,,
cG,cg_0,C2SMessage503,ai,,,,
cH,ch_0,ch_0,auto,,,,
cI,ci_1,ci_1,auto,,,,
cJ,cJ,S2CMessage2309,ai,,,,
cK,ck_0,VicinityContentMessage,opcode_map,3152,S2C,ael_2,com.ankamagames.baseImpl.client.proxyclient.base.network.protocol.message.chat.serverToClient
cL,cl_0,cl_0,auto,,,,
cM,cm_1,cm_1,auto,,,,
cN,cn_2,cn_2,auto,,,,
cO,co_2,co_2,auto,,,,
cP,cp_1,cp_1,auto,,,,
cQ,cq_2,cq_2,auto,,,,
cR,cr_1,cr_1,auto,,,,
cS,cs_2,cs_2,auto,,,,
cT,ct_0,ct_0,auto,,,,
cU,cu_1,cu_1,auto,,,,
cV,cv_0,cv_0,auto,,,,
cW,cW,cW,auto,,,,
cX,cX,cX,auto,,,,
cY,cY,cY,auto,,,,
cZ,cZ,cZ,auto,,,,
ca,ca_2,ca_2,auto,,,,
cb,cb,S2CMessage15007,ai,,,,
cc,cc_2,cc_2,auto,,,,
cd,cd,cd,auto,,,,
ce,ce_0,ce_0,auto,,,,
cf,cf_0,cf_0,auto,,,,
cg,cg_1,cg_1,auto,,,,
ch,ch,ch,auto,,,,
ci,ci_2,ci_2,auto,,,,
cj,cj_2,cj_2,auto,,,,
ck,ck,ck,auto,,,,
cl,cl,cl,auto,,,,
cm,cm_2,cm_2,auto,,,,
cn,cn_1,cn_1,auto,,,,
co,co_1,co_1,auto,,,,
cp,cp_2,cp_2,auto,,,,
cq,cq,cq,auto,,,,
cr,cr,cr,auto,,,,
cs,cs_1,cs_1,auto,,,,
ct,ct_1,ct_1,auto,,,,
cu,cu_2,cu_2,auto,,,,
cv,cv,cv,auto,,,,
cw,cw_1,cw_1,auto,,,,
cx,cx_2,cx_2,auto,,,,
cy,cy_2,cy_2,auto,,,,
cz,cz_0,ChannelJoinMessage,opcode_map,3130,S2C,ael_2,com.ankamagames.baseImpl.client.proxyclient.base.network.protocol.message.chat.serverToClient
d,d_0,d_0,auto,,,,
dA,dA,dA,auto,,,,
dB,db_0,db_0,auto,,,,
dC,dc_2,dc_2,auto,,,,
dD,dd_1,dd_1,auto,,,,
dE,dE,dE,auto,,,,
dF,df_0,df_0,auto,,,,
dG,dg_1,dg_1,auto,,,,
dH,dh_2,dh_2,auto,,,,
dI,di_0,di_0,auto,,,,
dJ,dj_1,dj_1,auto,,,,
dK,dK,dK,auto,,,,
dL,dl_0,S2CMessage5116,ai,,,,
dM,dm_2,dm_2,auto,,,,
dN,dN,dN,auto,,,,
dO,do_1,do_1,auto,,,,
dP,dP,dP,auto,,,,
dQ,dq_0,dq_0,auto,,,,
dR,dr_0,dr_0,auto,,,,
dS,ds_1,ds_1,auto,,,,
dT,dT,dT,auto,,,,
dU,du_2,du_2,auto,,,,
dV,dv_0,dv_0,auto,,,,
dW,dw_0,dw_0,auto,,,,
dX,dx_1,dx_1,auto,,,,
dY,dY,dY,auto,,,,
dZ,dZ,dZ,auto,,,,
da,da_1,da_1,auto,,,,
db,db_1,db_1,auto,,,,
dc,dc,dc,auto,,,,
dd,dd,dd,auto,,,,
de,de_1,de_1,auto,,,,
df,df_1,S2CMessage28648,ai,,,,
dg,dg_2,dg_2,auto,,,,
dh,dh,dh,auto,,,,
di,di,di,auto,,,,
dj,dj_2,dj_2,auto,,,,
dk,dk_1,dk_1,auto,,,,
dl,dl,dl,auto,,,,
dm,dm_0,ProxyMessage103,ai,,,,
dn,dn_2,dn_2,auto,,,,
do,do,C_do,auto,,,,
dp,dp_1,dp_1,auto,,,,
dq,dq_1,dq_1,auto,,,,
dr,dr_2,dr_2,auto,,,,
ds,ds_0,ds_0,auto,,,,
dt,dt_0,dt_0,auto,,,,
du,du_0,du_0,auto,,,,
dv,dv_2,dv_2,auto,,,,
dw,dw_2,dw_2,auto,,,,
dx,dx,dx,auto,,,,
dy,dy_0,S2CMessage28608,ai,,,,
dz,dz_1,dz_1,auto,,,,
e,e_0,e_0,auto,,,,
eA,ea_2,ea_2,auto,,,,
eB,eB,eB,auto,,,,
eC,ec_0,ec_0,auto,,,,
eD,ed_2,ed_2,auto,,,,
eE,ee_1,ee_1,auto,,,,
eF,eF,eF,auto,,,,
eG,eG,eG,auto,,,,
eH,eh_1,eh_1,auto,,,,
eI,ei_0,ei_0,auto,,,,
eJ,ej_0,ej_0,auto,,,,
eK,eK,eK,auto,,,,
eL,el_1,el_1,auto,,,,
eM,em_2,em_2,auto,,,,
eN,eN,eN,auto,,,,
eO,eo_1,eo_1,auto,,,,
eP,eP,eP,auto,,,,
eQ,eq_2,eq_2,auto,,,,
eR,er_2,er_2,auto,,,,
eS,es_1,es_1,auto,,,,
eT,eT,eT,auto,,,,
eU,eU,eU,auto,,,,
eV,ev_0,ProxyMessage16636,ai,,,,
eW,ew_2,ew_2,auto,,,,
eX,eX,eX,auto,,,,
eY,ey_0,ey_0,auto,,,,
eZ,ez_0,ez_0,auto,,,,
ea,ea_0,ea_0,auto,,,,
eb,eb_2,eb_2,auto,,,,
ec,ec,ec,auto,,,,
ed,ed_1,ed_1,auto,,,,
ee,ee,ee,auto,,,,
ef,ef_2,ef_2,auto,,,,
eg,eg_0,eg_0,auto,,,,
eh,eh_2,eh_2,auto,,,,
ei,ei_2,ei_2,auto,,,,
ej,ej_2,ej_2,auto,,,,
ek,ek_0,ek_0,auto,,,,
el,el,el,auto,,,,
em,em_0,em_0,auto,,,,
en,en_1,en_1,auto,,,,
eo,eo_2,eo_2,auto,,,,
ep,ep_0,ep_0,auto,,,,
eq,eq_0,eq_0,auto,,,,
er,er_1,er_1,auto,,,,
es,es_0,S2CMessage100,ai,,,,
et,et_0,et_0,auto,,,,
eu,eu_0,eu_0,auto,,,,
ev,ev_1,ev_1,auto,,,,
ew,ew_0,ew_0,auto,,,,
ex,ex_1,ex_1,auto,,,,
ey,ey_2,ey_2,auto,,,,
ez,ez,ez,auto,,,,
f,f_0,f_0,auto,,,,
fA,fa_0,fa_0,auto,,,,
fB,fb_2,fb_2,auto,,,,
fC,fc_0,fc_0,auto,,,,
fD,fd_2,fd_2,auto,,,,
fE,fe_2,fe_2,auto,,,,
fF,fF,fF,auto,,,,
fG,fg_2,fg_2,auto,,,,
fH,fh_1,fh_1,auto,,,,
fI,fi_0,fi_0,auto,,,,
fJ,fj_1,fj_1,auto,,,,
fK,fk_0,ProxyMessageHandler_12,ai,,,,
fL,fl_2,fl_2,auto,,,,
fM,fm_1,WorldServerUnavailableMessage,opcode_map,1026,S2C,ael_2,com.ankamagames.dofusarena.client.network.protocol.message.connection.serverToClient
fN,fn_1,fn_1,auto,,,,
fO,fo_0,fo_0,auto,,,,
fP,fp_1,fp_1,auto,,,,
fQ,fq_2,fq_2,auto,,,,
fR,fR,fR,auto,,,,
fS,fS,fS,auto,,,,
fT,ft_1,MatchmakingMessageHandler_2,ai,,,,
fU,fu_0,fu_0,auto,,,,
fV,fv_0,fv_0,auto,,,,
fW,fw_1,ItemExchangeInvitationRequestMessage,opcode_map,5101,C2S,so_0,com.ankamagames.dofusarena.client.network.protocol.message.game.clientToServer.exchange
fX,fx_0,fx_0,auto,,,,
fY,fY,fY,auto,,,,
fZ,fZ,fZ,auto,,,,
fa,fa_1,fa_1,auto,,,,
fb,fb,fb,auto,,,,
fc,fc_2,ProxyMessageHandler_13,ai,,,,
fd,fd_1,fd_1,auto,,,,
fe,fe,fe,auto,,,,
ff,ff_0,ff_0,auto,,,,
fg,fg,fg,auto,,,,
fh,fh_2,fh_2,auto,,,,
fi,fi,fi,auto,,,,
fj,fj,fj,auto,,,,
fk,fk,fk,auto,,,,
fl,fl,fl,auto,,,,
fm,fm_2,fm_2,auto,,,,
fn,fn_0,fn_0,auto,,,,
fo,fo_1,fo_1,auto,,,,
fp,fp,fp,auto,,,,
fq,fq_1,fq_1,auto,,,,
fr,fr_0,fr_0,auto,,,,
fs,fs_1,fs_1,auto,,,,
ft,ft,ft,auto,,,,
fu,fu_2,C2SMessage17004,ai,,,,
fv,fv,fv,auto,,,,
fw,fw_2,fw_2,auto,,,,
fx,fx_2,fx_2,auto,,,,
fy,fy_1,fy_1,auto,,,,
fz,fz_0,ProxyMessage21070,ai,,,,
g,g_0,g_0,auto,,,,
gA,ga_1,ga_1,auto,,,,
gB,gb_2,gb_2,auto,,,,
gC,gC,gC,auto,,,,
gD,gd_0,S2CMessage6032,ai,,,,
gE,ge_1,ge_1,auto,,,,
gF,gf_2,gf_2,auto,,,,
gG,gg_0,gg_0,auto,,,,
gH,gH,gH,auto,,,,
gI,gi_0,gi_0,auto,,,,
gJ,gJ,gJ,auto,,,,
gK,gk_2,gk_2,auto,,,,
gL,gl_2,gl_2,auto,,,,
gM,gM,gM,auto,,,,
gN,gn_1,gn_1,auto,,,,
gO,go_2,go_2,auto,,,,
gP,gp_0,gp_0,auto,,,,
gQ,gq_0,gq_0,auto,,,,
gR,gr_2,gr_2,auto,,,,
gS,gs_2,gs_2,auto,,,,
gT,gt_2,gt_2,auto,,,,
gU,gu_2,gu_2,auto,,,,
gV,gv_1,gv_1,auto,,,,
gW,gW,gW,auto,,,,
gX,gx_2,gx_2,auto,,,,
gY,gy_2,gy_2,auto,,,,
gZ,gz_0,S2CMessage26304,ai,,,,
ga,ga_0,ga_0,auto,,,,
gb,gb_0,gb_0,auto,,,,
gc,gc_2,gc_2,auto,,,,
gd,gd_1,gd_1,auto,,,,
ge,ge_0,ge_0,auto,,,,
gf,gf_0,gf_0,auto,,,,
gg,gg,gg,auto,,,,
gh,gh_2,gh_2,auto,,,,
gi,gi,gi,auto,,,,
gj,gj_1,gj_1,auto,,,,
gk,gk_0,gk_0,auto,,,,
gl,gl,gl,auto,,,,
gm,gm_2,gm_2,auto,,,,
gn,gn_2,gn_2,auto,,,,
go,go,go,auto,,,,
gp,gp_1,gp_1,auto,,,,
gq,gq,gq,auto,,,,
gr,gr_0,gr_0,auto,,,,
gs,gs_1,gs_1,auto,,,,
gt,gt_1,gt_1,auto,,,,
gu,gu,gu,auto,,,,
gv,gv_2,gv_2,auto,,,,
gw,gw_2,gw_2,auto,,,,
gx,gx_0,gx_0,auto,,,,
gy,gy_1,gy_1,auto,,,,
gz,gz_2,gz_2,auto,,,,
h,h,h,auto,,,,
hA,ha_0,ha_0,auto,,,,
hB,hb_0,hb_0,auto,,,,
hC,hc_2,hc_2,auto,,,,
hD,hD,hD,auto,,,,
hE,hE,hE,auto,,,,
hF,hf_2,hf_2,auto,,,,
hG,hg_2,hg_2,auto,,,,
hH,hh_0,hh_0,auto,,,,
hI,hi_1,hi_1,auto,,,,
hJ,hj_2,hj_2,auto,,,,
hK,hK,hK,auto,,,,
hL,hl_0,hl_0,auto,,,,
hM,hm_0,hm_0,auto,,,,
hN,hN,hN,auto,,,,
hO,hO,hO,auto,,,,
hP,hp_0,hp_0,auto,,,,
hQ,hq_2,hq_2,auto,,,,
hR,hR,hR,auto,,,,
hS,hs_1,hs_1,auto,,,,
hT,ht_1,ht_1,auto,,,,
hU,hu_2,TeamMessageHandler_6,ai,,,,
hV,hv_2,hv_2,auto,,,,
hW,hw_2,hw_2,auto,,,,
hX,hx_2,hx_2,auto,,,,
hY,hY,hY,auto,,,,
hZ,hz_1,hz_1,auto,,,,
ha,ha_2,ha_2,auto,,,,
hb,hb_1,hb_1,auto,,,,
hc,hc_1,hc_1,auto,,,,
hd,hd_2,hd_2,auto,,,,
he,he_2,he_2,auto,,,,
hf,hf_0,hf_0,auto,,,,
hg,hg,hg,auto,,,,
hh,hh_2,hh_2,auto,,,,
hi,hi,hi,auto,,,,
hj,hj_1,hj_1,auto,,,,
hk,hk_2,hk_2,auto,,,,
hl,hl_1,hl_1,auto,,,,
hm,hm,hm,auto,,,,
hn,hn_1,hn_1,auto,,,,
ho,ho_0,ho_0,auto,,,,
hp,hp_1,hp_1,auto,,,,
hq,hq_1,hq_1,auto,,,,
hr,hr_2,hr_2,auto,,,,
hs,hs_2,hs_2,auto,,,,
ht,ht_2,ht_2,auto,,,,
hu,hu_0,hu_0,auto,,,,
hv,hv_0,hv_0,auto,,,,
hw,hw_1,hw_1,auto,,,,
hx,hx,hx,auto,,,,
hy,hy_2,hy_2,auto,,,,
hz,hz,hz,auto,,,,
i,i,i,auto,,,,
iA,ia_0,ia_0,auto,,,,
iB,ib_2,ib_2,auto,,,,
iC,ic_2,ic_2,auto,,,,
iD,id_1,id_1,auto,,,,
iE,ie_1,ie_1,auto,,,,
iF,if_2,if_2,auto,,,,
iG,ig_2,ig_2,auto,,,,
iH,ih_1,ih_1,auto,,,,
iI,ii_1,ii_1,auto,,,,
iJ,ij_2,ij_2,auto,,,,
iK,ik_0,ik_0,auto,,,,
iL,il_1,il_1,auto,,,,
iM,im_2,im_2,auto,,,,
iN,iN,iN,auto,,,,
iO,io_2,io_2,auto,,,,
iP,ip_0,ip_0,auto,,,,
iQ,iq_2,iq_2,auto,,,,
iR,ir_2,ir_2,auto,,,,
iS,is_0,is_0,auto,,,,
iT,iT,iT,auto,,,,
iU,iu_1,iu_1,auto,,,,
iV,iv_1,iv_1,auto,,,,
iW,iw_0,iw_0,auto,,,,
iX,ix_1,ix_1,auto,,,,
iY,iy_2,iy_2,auto,,,,
iZ,iz_2,iz_2,auto,,,,
ia,ia_2,ia_2,auto,,,,
ib,ib_1,ib_1,auto,,,,
ic,ic,ic,auto,,,,
id,id,id,auto,,,,
ie,ie,ie,auto,,,,
if,if_0,if_0,auto,,,,
ig,ig,ig,auto,,,,
ih,ih_2,ih_2,auto,,,,
ii,ii_0,ii_0,auto,,,,
ij,ij,ij,auto,,,,
ik,ik_1,ik_1,auto,,,,
il,il_2,il_2,auto,,,,
im,im_1,im_1,auto,,,,
in,in_1,in_1,auto,,,,
io,io_0,io_0,auto,,,,
ip,ip_1,ip_1,auto,,,,
iq,iq,iq,auto,,,,
ir,ir_0,C2SMessage6024,ai,,,,
is,is_1,is_1,auto,,,,
it,it_1,it_1,auto,,,,
iu,iu_2,iu_2,auto,,,,
iv,iv_2,iv_2,auto,,,,
iw,iw_1,iw_1,auto,,,,
ix,ix_0,ix_0,auto,,,,
iy,iy_0,iy_0,auto,,,,
iz,iz,iz,auto,,,,
j,j_0,j_0,auto,,,,
jA,jA,jA,auto,,,,
jB,jB,jB,auto,,,,
jC,jc_2,jc_2,auto,,,,
jD,jD,EffectAreaActionMessage,opcode_map,6200,S2C,ue_0,com.ankamagames.dofusarena.client.network.protocol.message.game.serverToClient.fight
jE,je_2,je_2,auto,,,,
jF,jF,jF,auto,,,,
jG,jg_0,jg_0,auto,,,,
jH,jH,NotificationIgnoreOnlineMessage,opcode_map,3164,S2C,ael_2,com.ankamagames.baseImpl.client.proxyclient.base.network.protocol.message.chat.serverToClient
jI,jI,jI,auto,,,,
jJ,jJ,jJ,auto,,,,
jK,jk_2,jk_2,auto,,,,
jL,jL,jL,auto,,,,
jM,jm_0,jm_0,auto,,,,
jN,jN,jN,auto,,,,
jO,jo_2,jo_2,auto,,,,
jP,jP,jP,auto,,,,
jQ,jq_1,jq_1,auto,,,,
jR,jR,MatchmakingMessageHandler_3,ai,,,,
jS,jS,jS,auto,,,,
jT,jT,jT,auto,,,,
jU,ju_2,ju_2,auto,,,,
jV,jv_2,jv_2,auto,,,,
jW,jW,jW,auto,,,,
jX,jx_1,jx_1,auto,,,,
jY,jy_2,jy_2,auto,,,,
jZ,jz_2,jz_2,auto,,,,
ja,ja_2,ja_2,auto,,,,
jb,jb_1,jb_1,auto,,,,
jc,jc_1,jc_1,auto,,,,
jd,jd_2,jd_2,auto,,,,
je,je_0,je_0,auto,,,,
jf,jf_2,jf_2,auto,,,,
jg,jg_2,S2CMessage27526,ai,,,,
jh,jh_2,jh_2,auto,,,,
ji,ji_2,ji_2,auto,,,,
jj,jj_1,jj_1,auto,,,,
jk,jk_1,jk_1,auto,,,,
jl,jl_2,ProxyMessageHandler_14,ai,,,,
jm,jm,jm,auto,,,,
jn,jn_2,jn_2,auto,,,,
jo,jo_1,jo_1,auto,,,,
jp,jp_0,jp_0,auto,,,,
jq,jq,jq,auto,,,,
jr,jr_2,jr_2,auto,,,,
js,js_1,js_1,auto,,,,
jt,jt_0,jt_0,auto,,,,
ju,ju_1,ProxyMessageHandler_15,ai,,,,
jv,jv,jv,auto,,,,
jw,jw_2,jw_2,auto,,,,
jx,jx_2,jx_2,auto,,,,
jy,jy_1,jy_1,auto,,,,
jz,jz,jz,auto,,,,
k,k,k,auto,,,,
kA,ka_1,ka_1,auto,,,,
kB,kB,kB,auto,,,,
kC,kC,kC,auto,,,,
kD,kD,kD,auto,,,,
kE,ke_0,ke_0,auto,,,,
kF,kf_0,kf_0,auto,,,,
kG,kG,kG,auto,,,,
kH,kH,kH,auto,,,,
kI,ki_1,ki_1,auto,,,,
kJ,kJ,kJ,auto,,,,
kK,kk_0,kk_0,auto,,,,
kL,kl_2,kl_2,auto,,,,
kM,kM,kM,auto,,,,
kN,kn_2,kn_2,auto,,,,
kO,ko_0,ko_0,auto,,,,
kP,kp_1,kp_1,auto,,,,
kQ,kq_1,kq_1,auto,,,,
kR,kr_1,kr_1,auto,,,,
kS,kS,kS,auto,,,,
kT,kt_2,kt_2,auto,,,,
kU,ku_1,ku_1,auto,,,,
kV,kV,kV,auto,,,,
kW,kw_0,kw_0,auto,,,,
kX,kx_1,kx_1,auto,,,,
kY,ky_2,ky_2,auto,,,,
kZ,kZ,kZ,auto,,,,
ka,ka,ka,auto,,,,
kb,kb_2,kb_2,auto,,,,
kc,kc_1,kc_1,auto,,,,
kd,kd_2,kd_2,auto,,,,
ke,ke,ke,auto,,,,
kf,kf_2,kf_2,auto,,,,
kg,kg_2,kg_2,auto,,,,
kh,kh_0,kh_0,auto,,,,
ki,ki_2,ki_2,auto,,,,
kj,kj_2,kj_2,auto,,,,
kk,kk_1,kk_1,auto,,,,
kl,kl_0,kl_0,auto,,,,
km,km_0,km_0,auto,,,,
kn,kn_0,kn_0,auto,,,,
ko,ko_1,ko_1,auto,,,,
kp,kp,kp,auto,,,,
kq,kq,kq,auto,,,,
kr,kr_0,kr_0,auto,,,,
ks,ks_0,ks_0,auto,,,,
kt,kt_1,kt_1,auto,,,,
ku,ku_2,ku_2,auto,,,,
kv,kv_1,kv_1,auto,,,,
kw,kw_1,S2CMessage28616,ai,,,,
kx,kx_2,C2SMessage28633,ai,,,,
ky,ky_1,ky_1,auto,,,,
kz,kz_2,kz_2,auto,,,,
l,l,l,auto,,,,
lA,la_1,S2CMessage22094,ai,,,,
lB,lb_1,lb_1,auto,,,,
lC,lC,lC,auto,,,,
lD,ld_0,ld_0,auto,,,,
lE,le_1,le_1,auto,,,,
lF,lf_0,lf_0,auto,,,,
lG,lG,lG,auto,,,,
lH,lH,lH,auto,,,,
lI,lI,lI,auto,,,,
lJ,lJ,lJ,auto,,,,
lK,lk_2,MoveToFreePlacementMessage,opcode_map,8022,S2C,ael_2,com.ankamagames.dofusarena.client.network.protocol.message.game.serverToClient.fight
lL,ll_1,ll_1,auto,,,,
lM,lm_1,lm_1,auto,,,,
lN,lN,lN,auto,,,,
lO,lo_1,lo_1,auto,,,,
lP,lP,lP,auto,,,,
lQ,lq_0,lq_0,auto,,,,
lR,lr_2,FighterActorDirectionChangeRequestMessage,opcode_map,4521,C2S,so_0,com.ankamagames.dofusarena.client.network.protocol.message.game.clientToServer.fight
lS,ls_0,S2CMessage22002,ai,,,,
lT,lt_0,lt_0,auto,,,,
lU,lu_1,lu_1,auto,,,,
lV,lv_2,lv_2,auto,,,,
lW,lw_0,lw_0,auto,,,,
lX,lx_0,NotEnoughPrivilegesMessage,opcode_map,3210,S2C,ael_2,com.ankamagames.baseImpl.client.proxyclient.base.network.protocol.message.chat.serverToClient.errorMessage
lY,ly_0,ly_0,auto,,,,
lZ,lz_2,lz_2,auto,,,,
la,la_2,la_2,auto,,,,
lb,lb_0,lb_0,auto,,,,
lc,lc_1,lc_1,auto,,,,
ld,ld_1,ld_1,auto,,,,
le,le_0,le_0,auto,,,,
lf,lf,lf,auto,,,,
lg,lg_0,ExchangeMessageHandler_5,ai,,,,
lh,lh_0,lh_0,auto,,,,
li,li_2,li_2,auto,,,,
lj,lj_1,lj_1,auto,,,,
lk,lk,lk,auto,,,,
ll,ll_2,LoginMessage,opcode_map,1,C2S,axX,com.ankamagames.framework.kernel.impl.admin.messages.clientToServer
lm,lm_2,lm_2,auto,,,,
ln,ln_1,ln_1,auto,,,,
lo,lo,CombatMessage106,ai,,,,
lp,lp_0,lp_0,auto,,,,
lq,lq,lq,auto,,,,
lr,lr_1,ProxyMessageHandler_16,ai,,,,
ls,ls_1,ls_1,auto,,,,
lt,lt,lt,auto,,,,
lu,lu,lu,auto,,,,
lv,lv,lv,auto,,,,
lw,lw_1,lw_1,auto,,,,
lx,lx_1,lx_1,auto,,,,
ly,ly_1,C2SMessage28611,ai,,,,
lz,lz_1,lz_1,auto,,,,
m,m_0,m_0,auto,,,,
mA,ma_2,ma_2,auto,,,,
mB,mb_2,mb_2,auto,,,,
mC,mc_2,SpellCastRequestMessage,opcode_map,8109,C2S,so_0,com.ankamagames.dofusarena.client.network.protocol.message.game.clientToServer.fight
mD,mD,S2CMessage504,ai,,,,
mE,mE,mE,auto,,,,
mF,mf_0,mf_0,auto,,,,
mG,mg_0,CoachMessageHandler_5,ai,,,,
mH,mH,mH,auto,,,,
mI,mI,mI,auto,,,,
mJ,mj_1,S2CMessage5403,ai,,,,
mK,mk_2,mk_2,auto,,,,
mL,mL,C2SMessage2600,ai,,,,
mM,mm_0,mm_0,auto,,,,
mN,mn_0,mn_0,auto,,,,
mO,mo_0,mo_0,auto,,,,
mP,mp_0,mp_0,auto,,,,
mQ,mQ,mQ,auto,,,,
mR,mr_1,mr_1,auto,,,,
mS,ms_0,PropertyListQueryMessage,opcode_map,10,C2S,axX,com.ankamagames.framework.kernel.impl.admin.messages.clientToServer
mT,mT,mT,auto,,,,
mU,mu_1,mu_1,auto,,,,
mV,mv_0,mv_0,auto,,,,
mW,mw_2,mw_2,auto,,,,
mX,mX,mX,auto,,,,
mY,my_2,my_2,auto,,,,
mZ,mz_0,C2SMessage26307,ai,,,,
ma,ma_1,ma_1,auto,,,,
mb,mb_1,mb_1,auto,,,,
mc,mc_1,mc_1,auto,,,,
md,md_1,FighterActorMovementRequestMessage,opcode_map,4503,C2S,so_0,com.ankamagames.dofusarena.client.network.protocol.message.game.clientToServer
me,me_2,me_2,auto,,,,
mf,mf_2,mf_2,auto,,,,
mg,mg_1,mg_1,auto,,,,
mh,mh_1,mh_1,auto,,,,
mi,mi_1,mi_1,auto,,,,
mj,mj_2,mj_2,auto,,,,
mk,mk,mk,auto,,,,
ml,ml_2,ml_2,auto,,,,
mm,mm_2,mm_2,auto,,,,
mn,mn_2,mn_2,auto,,,,
mo,mo_1,mo_1,auto,,,,
mp,mp_2,mp_2,auto,,,,
mq,mq_1,mq_1,auto,,,,
mr,mr_0,mr_0,auto,,,,
ms,ms_2,ms_2,auto,,,,
mt,mt_2,mt_2,auto,,,,
mu,mu,mu,auto,,,,
mv,mv,mv,auto,,,,
mw,mw,mw,auto,,,,
mx,mx_0,mx_0,auto,,,,
my,my_1,my_1,auto,,,,
mz,mz_1,mz_1,auto,,,,
n,n,FightInvitationErrorMessage,opcode_map,4309,S2C,ael_2,com.ankamagames.dofusarena.client.network.protocol.message.game.serverToClient
nA,na_0,na_0,auto,,,,
nB,nB,nB,auto,,,,
nC,nc_0,nc_0,auto,,,,
nD,nd_2,nd_2,auto,,,,
nE,ne_1,ne_1,auto,,,,
nF,nF,nF,auto,,,,
nG,ng_1,ng_1,auto,,,,
nH,nh_1,nh_1,auto,,,,
nI,nI,nI,auto,,,,
nJ,nj_1,nj_1,auto,,,,
nK,nk_2,nk_2,auto,,,,
nL,nl_1,UpdatedFighterInformationInventoryMessage,opcode_map,6010,S2C,ael_2,com.ankamagames.dofusarena.client.network.protocol.message.game.serverToClient.teamManagement
nM,nm_2,nm_2,auto,,,,
nN,nn_2,nn_2,auto,,,,
nO,no_1,no_1,auto,,,,
nP,nP,C2SMessage505,ai,,,,
nQ,nq_0,nq_0,auto,,,,
nR,nr_0,nr_0,auto,,,,
nS,nS,TeamMateSetReadyForActionRequestMessage,opcode_map,8031,C2S,so_0,com.ankamagames.dofusarena.client.network.protocol.message.game.clientToServer.fight
nT,nt_0,nt_0,auto,,,,
nU,nU,nU,auto,,,,
nV,nv_0,C2SMessage26321,ai,,,,
nW,nW,nW,auto,,,,
nX,nX,nX,auto,,,,
nY,ny_2,ny_2,auto,,,,
nZ,nz_0,nz_0,auto,,,,
na,na,ClientVersionMessage,opcode_map,7,C2S,so_0,com.ankamagames.dofusarena.client.network.protocol.message.connection.clientToServer
nb,nb_2,nb_2,auto,,,,
nc,nc_2,nc_2,auto,,,,
nd,nd_1,nd_1,auto,,,,
ne,ne_0,ne_0,auto,,,,
nf,nf_2,nf_2,auto,,,,
ng,ng_0,ng_0,auto,,,,
nh,nh_2,nh_2,auto,,,,
ni,ni_0,ni_0,auto,,,,
nj,nj,S2CMessage2070,ai,,,,
nk,nk,nk,auto,,,,
nl,nl_2,nl_2,auto,,,,
nm,nm_0,nm_0,auto,,,,
nn,nn_0,nn_0,auto,,,,
no,no,no,auto,,,,
np,np_1,np_1,auto,,,,
nq,nq,C2SMessage22003,ai,,,,
nr,nr_2,nr_2,auto,,,,
ns,ns_0,ns_0,auto,,,,
nt,nt,nt,auto,,,,
nu,nu_2,ReconnectionTicketRequestResultMessage,opcode_map,4,S2C,ael_2,com.ankamagames.baseImpl.client.proxyclient.base.network.protocol.message
nv,nv,nv,auto,,,,
nw,nw_1,nw_1,auto,,,,
nx,nx_2,nx_2,auto,,,,
ny,ny_1,ny_1,auto,,,,
nz,nz,nz,auto,,,,
o,o,o,auto,,,,
oA,oa_0,oa_0,auto,,,,
oB,ob_2,ob_2,auto,,,,
oC,oc_2,oc_2,auto,,,,
oD,od_1,od_1,auto,,,,
oE,oe_2,oe_2,auto,,,,
oF,oF,oF,auto,,,,
oG,og_0,og_0,auto,,,,
oH,oh_0,oh_0,auto,,,,
oI,oi_1,oi_1,auto,,,,
oJ,oj_1,oj_1,auto,,,,
oK,ok_0,ok_0,auto,,,,
oL,ol_0,ol_0,auto,,,,
oM,om_0,ChatMessageHandler_2,ai,,,,
oN,on_0,on_0,auto,,,,
oO,oo_0,oo_0,auto,,,,
oP,oP,oP,auto,,,,
oQ,oq_1,InvalidClientVersionMessage,opcode_map,8,S2C,ael_2,com.ankamagames.baseImpl.client.proxyclient.base.network.protocol.message
oR,or_2,or_2,auto,,,,
oS,os_1,os_1,auto,,,,
oT,ot_0,ot_0,auto,,,,
oU,ou_0,ou_0,auto,,,,
oV,oV,oV,auto,,,,
oW,ow_1,ow_1,auto,,,,
oX,ox_2,ox_2,auto,,,,
oY,oY,oY,auto,,,,
oZ,oz_2,oz_2,auto,,,,
oa,oa_2,oa_2,auto,,,,
ob,ob_0,ob_0,auto,,,,
oc,oc_1,oc_1,auto,,,,
od,od_0,od_0,auto,,,,
oe,oe_1,oe_1,auto,,,,
of,of_1,CombatMessageHandler_10,ai,,,,
og,og,og,auto,,,,
oh,oh_2,oh_2,auto,,,,
oi,oi_2,oi_2,auto,,,,
oj,oj_0,oj_0,auto,,,,
ok,ok_2,ok_2,auto,,,,
ol,ol_1,ol_1,auto,,,,
om,om_1,om_1,auto,,,,
on,on_2,on_2,auto,,,,
oo,oo_1,oo_1,auto,,,,
op,op_1,op_1,auto,,,,
oq,oq,oq,auto,,,,
or,or_0,or_0,auto,,,,
os,os_2,os_2,auto,,,,
ot,ot,ot,auto,,,,
ou,ou_2,ou_2,auto,,,,
ov,ov_2,ov_2,auto,,,,
ow,ow_2,C2SMessage27512,ai,,,,
ox,ox,ox,auto,,,,
oy,oy_2,oy_2,auto,,,,
oz,oz_1,TournamentMessageHandler_3,ai,,,,
p,p_0,p_0,auto,,,,
pA,pa_2,pa_2,auto,,,,
pB,pb_0,pb_0,auto,,,,
pC,pc_1,C2SMessage27502,ai,,,,
pD,pD,pD,auto,,,,
pE,pE,pE,auto,,,,
pF,pf_1,pf_1,auto,,,,
pG,pg_2,pg_2,auto,,,,
pH,ph_0,ph_0,auto,,,,
pI,pi_1,pi_1,auto,,,,
pJ,pj_1,pj_1,auto,,,,
pK,pk_2,pk_2,auto,,,,
pL,pL,pL,auto,,,,
pM,pm_0,pm_0,auto,,,,
pN,pN,pN,auto,,,,
pO,po_2,po_2,auto,,,,
pP,pP,pP,auto,,,,
pQ,pq_0,pq_0,auto,,,,
pR,pr_0,NetworkMessage,framework,,,,
pS,ps_0,ps_0,auto,,,,
pT,pt_1,pt_1,auto,,,,
pU,pu_1,S2CMessage26302,ai,,,,
pV,pv_1,pv_1,auto,,,,
pW,pw_2,pw_2,auto,,,,
pX,pX,pX,auto,,,,
pY,py_0,C2SMessage2260,ai,,,,
pZ,pz_0,pz_0,auto,,,,
pa,pa_1,pa_1,auto,,,,
pb,pb_2,pb_2,auto,,,,
pc,pc,pc,auto,,,,
pd,pd_1,pd_1,auto,,,,
pe,pe_1,pe_1,auto,,,,
pf,pf_2,pf_2,auto,,,,
pg,pg_0,pg_0,auto,,,,
ph,ph_1,ph_1,auto,,,,
pi,pi_2,pi_2,auto,,,,
pj,pj_0,pj_0,auto,,,,
pk,pk,pk,auto,,,,
pl,pl_0,pl_0,auto,,,,
pm,pm_1,pm_1,auto,,,,
pn,pn_1,pn_1,auto,,,,
po,po_1,ReconnectionTicketRequestMessage,opcode_map,3,C2S,axX,com.ankamagames.baseImpl.client.proxyclient.base.network.protocol.message
pp,pp_0,pp_0,auto,,,,
pq,pq_2,pq_2,auto,,,,
pr,pr_1,pr_1,auto,,,,
ps,ps,ps,auto,,,,
pt,pt_0,pt_0,auto,,,,
pu,pu_0,pu_0,auto,,,,
pv,pv_0,NotificationFriendOfflineMessage,opcode_map,3150,S2C,ael_2,com.ankamagames.baseImpl.client.proxyclient.base.network.protocol.message.chat.serverToClient
pw,pw,pw,auto,,,,
px,px_2,px_2,auto,,,,
py,py_1,py_1,auto,,,,
pz,pz_2,pz_2,auto,,,,
q,q,q,auto,,,,
qA,qa_0,qa_0,auto,,,,
qB,qb_2,qb_2,auto,,,,
qC,qc_1,qc_1,auto,,,,
qD,qd_0,qd_0,auto,,,,
qE,qe_2,qe_2,auto,,,,
qF,qf_2,qf_2,auto,,,,
qG,qg_0,qg_0,auto,,,,
qH,qh_0,qh_0,auto,,,,
qI,qi_1,qi_1,auto,,,,
qJ,qJ,qJ,auto,,,,
qK,qk_2,C2SMessage27506,ai,,,,
qL,ql_2,ql_2,auto,,,,
qM,qm_2,qm_2,auto,,,,
qN,qn_1,qn_1,auto,,,,
qO,qO,qO,auto,,,,
qP,qP,qP,auto,,,,
qQ,qq_0,qq_0,auto,,,,
qR,qr_2,S2CMessage103,ai,,,,
qS,qS,qS,auto,,,,
qT,qT,qT,auto,,,,
qU,qu_0,qu_0,auto,,,,
qV,qv_0,ChannelNotFoundMessage,opcode_map,3202,S2C,ael_2,com.ankamagames.baseImpl.client.proxyclient.base.network.protocol.message.chat.serverToClient.errorMessage
qW,qw_1,qw_1,auto,,,,
qX,qx_0,qx_0,auto,,,,
qY,qy_0,qy_0,auto,,,,
qZ,qz_2,qz_2,auto,,,,
qa,qa_1,qa_1,auto,,,,
qb,qb_0,qb_0,auto,,,,
qc,qc_2,LoginProtocolDispatcher,framework,,,,
qd,qd_1,qd_1,auto,,,,
qe,qe,qe,auto,,,,
qf,qf_1,qf_1,auto,,,,
qg,qg_1,qg_1,auto,,,,
qh,qh,qh,auto,,,,
qi,qi_0,qi_0,auto,,,,
qj,qj_0,qj_0,auto,,,,
qk,qk,qk,auto,,,,
ql,ql,ql,auto,,,,
qm,qm,qm,auto,,,,
qn,qn_2,qn_2,auto,,,,
qo,qo_0,qo_0,auto,,,,
qp,qp_2,qp_2,auto,,,,
qq,qq,qq,auto,,,,
qr,qr,qr,auto,,,,
qs,qs_2,qs_2,auto,,,,
qt,qt_1,qt_1,auto,,,,
qu,qu,qu,auto,,,,
qv,qv,qv,auto,,,,
qw,qw,qw,auto,,,,
qx,qx,qx,auto,,,,
qy,qy,qy,auto,,,,
qz,qz_1,qz_1,auto,,,,
r,r_0,r_0,auto,,,,
rA,rA,rA,auto,,,,
rB,rb_1,rb_1,auto,,,,
rC,rC,FighterEndTurnRequestMessage,opcode_map,8105,C2S,so_0,com.ankamagames.dofusarena.client.network.protocol.message.game.clientToServer.fight
rD,rd_1,rd_1,auto,,,,
rE,re_2,re_2,auto,,,,
rF,rf_2,rf_2,auto,,,,
rG,rG,rG,auto,,,,
rH,rH,rH,auto,,,,
rI,rI,rI,auto,,,,
rJ,rj_1,rj_1,auto,,,,
rK,rK,rK,auto,,,,
rL,rL,rL,auto,,,,
rM,rM,rM,auto,,,,
rN,rN,rN,auto,,,,
rO,ro_1,ro_1,auto,,,,
rP,rp_1,rp_1,auto,,,,
rQ,rq_1,rq_1,auto,,,,
rR,rr_2,rr_2,auto,,,,
rS,rS,rS,auto,,,,
rT,rt_1,rt_1,auto,,,,
rU,ru_2,ru_2,auto,,,,
rV,rV,rV,auto,,,,
rW,rW,rW,auto,,,,
rX,rx_0,AdminMessage20,ai,,,,
rY,ry_1,S2CMessage560,ai,,,,
rZ,rz_2,S2CMessage200,ai,,,,
ra,ra_2,ra_2,auto,,,,
rb,rb,rb,auto,,,,
rc,rc_1,rc_1,auto,,,,
rd,rd,rd,auto,,,,
re,re_0,re_0,auto,,,,
rf,rf,rf,auto,,,,
rg,rg_1,rg_1,auto,,,,
rh,rh_0,rh_0,auto,,,,
ri,ri_0,ri_0,auto,,,,
rj,rj,rj,auto,,,,
rk,rk_1,rk_1,auto,,,,
rl,rl_2,rl_2,auto,,,,
rm,rm_0,rm_0,auto,,,,
rn,rn_1,rn_1,auto,,,,
ro,ro_2,ro_2,auto,,,,
rp,rp_2,rp_2,auto,,,,
rq,rq_0,rq_0,auto,,,,
rr,rr_0,rr_0,auto,,,,
rs,rs_2,rs_2,auto,,,,
rt,rt,rt,auto,,,,
ru,ru_0,ru_0,auto,,,,
rv,rv_2,rv_2,auto,,,,
rw,rw_2,rw_2,auto,,,,
rx,rx_2,rx_2,auto,,,,
ry,ry,ry,auto,,,,
rz,rz,rz,auto,,,,
s,s_0,s_0,auto,,,,
sA,sA,sA,auto,,,,
sB,sB,sB,auto,,,,
sC,sc_2,sc_2,auto,,,,
sD,sd_2,sd_2,auto,,,,
sE,se_2,se_2,auto,,,,
sF,sf_0,sf_0,auto,,,,
sG,sg_0,sg_0,auto,,,,
sH,sH,sH,auto,,,,
sI,si_0,si_0,auto,,,,
sJ,sj_1,sj_1,auto,,,,
sK,sk_2,sk_2,auto,,,,
sL,sL,sL,auto,,,,
sM,sm_1,sm_1,auto,,,,
sN,sn_0,sn_0,auto,,,,
sO,so_1,so_1,auto,,,,
sP,sP,sP,auto,,,,
sQ,sq_2,sq_2,auto,,,,
sR,sr_0,sr_0,auto,,,,
sS,ss_0,ss_0,auto,,,,
sT,st_0,st_0,auto,,,,
sU,sU,sU,auto,,,,
sV,sV,sV,auto,,,,
sW,sw_2,sw_2,auto,,,,
sX,sx_2,sx_2,auto,,,,
sY,sY,sY,auto,,,,
sZ,sz_0,sz_0,auto,,,,
sa,sa_1,sa_1,auto,,,,
sb,sb_1,sb_1,auto,,,,
sc,sc,sc,auto,,,,
sd,sd,sd,auto,,,,
se,se_0,se_0,auto,,,,
sf,sf_1,sf_1,auto,,,,
sg,sg_1,sg_1,auto,,,,
sh,sh_1,sh_1,auto,,,,
si,si,si,auto,,,,
sj,sj_0,sj_0,auto,,,,
sk,sk_0,sk_0,auto,,,,
sl,sl_1,sl_1,auto,,,,
sm,sm_0,sm_0,auto,,,,
sn,sn,sn,auto,,,,
so,so_2,so_2,auto,,,,
sp,sp_2,sp_2,auto,,,,
sq,sq_0,sq_0,auto,,,,
sr,sr,sr,auto,,,,
ss,ss_1,ss_1,auto,,,,
st,st_1,st_1,auto,,,,
su,su_2,su_2,auto,,,,
sv,sv_2,sv_2,auto,,,,
sw,sw,sw,auto,,,,
sx,sx,sx,auto,,,,
sy,sy_0,sy_0,auto,,,,
sz,sz_2,sz_2,auto,,,,
t,t_0,t_0,auto,,,,
tA,tA,tA,auto,,,,
tB,tb_2,S2CMessage23110,ai,,,,
tC,tc_1,tc_1,auto,,,,
tD,tD,tD,auto,,,,
tE,te_2,te_2,auto,,,,
tF,tF,tF,auto,,,,
tG,tg_1,S2CMessage4000,ai,,,,
tH,tH,tH,auto,,,,
tI,tI,ReconnectionTicketMessage_1,opcode_map,2,C2S,axX,com.ankamagames.baseImpl.client.proxyclient.base.network.protocol.message
tJ,tj_0,tj_0,auto,,,,
tK,tk_1,tk_1,auto,,,,
tL,tL,ReconnectionTicketRequestMessage_1,opcode_map,3,C2S,so_0,com.ankamagames.baseImpl.client.proxyclient.base.network.protocol.message
tM,tm_1,tm_1,auto,,,,
tN,tn_2,tn_2,auto,,,,
tO,tO,tO,auto,,,,
tP,tp_0,tp_0,auto,,,,
tQ,tQ,tQ,auto,,,,
tR,tr_2,tr_2,auto,,,,
tS,ts_0,ts_0,auto,,,,
tT,tt_1,tt_1,auto,,,,
tU,tU,tU,auto,,,,
tV,tv_0,tv_0,auto,,,,
tW,tw_2,tw_2,auto,,,,
tX,tx_2,tx_2,auto,,,,
tY,ty_0,ty_0,auto,,,,
tZ,tz_1,tz_1,auto,,,,
ta,ta_2,ta_2,auto,,,,
tb,tb_0,tb_0,auto,,,,
tc,tc_2,S2CMessage4001,ai,,,,
td,td_2,td_2,auto,,,,
te,te_0,te_0,auto,,,,
tf,tf_1,tf_1,auto,,,,
tg,tg_0,tg_0,auto,,,,
th,th_0,th_0,auto,,,,
ti,ti_0,ti_0,auto,,,,
tj,tj_1,tj_1,auto,,,,
tk,tk_2,tk_2,auto,,,,
tl,tl_1,tl_1,auto,,,,
tm,tm_0,tm_0,auto,,,,
tn,tn_1,CoachMessageHandler_6,ai,,,,
to,to_0,to_0,auto,,,,
tp,tp_1,tp_1,auto,,,,
tq,tq_0,tq_0,auto,,,,
tr,tr,tr,auto,,,,
ts,ts_1,ts_1,auto,,,,
tt,tt,tt,auto,,,,
tu,tu_1,tu_1,auto,,,,
tv,tv_1,tv_1,auto,,,,
tw,tw_1,tw_1,auto,,,,
tx,tx_1,tx_1,auto,,,,
ty,ty_2,ty_2,auto,,,,
tz,tz,tz,auto,,,,
u,u_0,FighterChangeDirectionMessage,opcode_map,4522,S2C,ue_0,com.ankamagames.dofusarena.client.network.protocol.message.game.serverToClient.fight
uA,ua_2,ItemExchangeAddCardMessage,opcode_map,5105,C2S,pv_2,com.ankamagames.dofusarena.client.network.protocol.message.game.clientToServer.exchange
uB,uB,uB,auto,,,,
uC,uc_2,uc_2,auto,,,,
uD,ud_0,ud_0,auto,,,,
uE,ue_1,ue_1,auto,,,,
uF,uf_0,S2CMessage2401,ai,,,,
uG,ug_1,PartyMessageHandler,ai,,,,
uH,uh_2,uh_2,auto,,,,
uI,ui_2,ui_2,auto,,,,
uJ,uj_2,uj_2,auto,,,,
uK,uk_1,uk_1,auto,,,,
uL,ul_1,ul_1,auto,,,,
uM,uM,uM,auto,,,,
uN,un_1,un_1,auto,,,,
uO,uo_0,uo_0,auto,,,,
uP,up_0,up_0,auto,,,,
uQ,uQ,uQ,auto,,,,
uR,ur_1,ur_1,auto,,,,
uS,us_0,us_0,auto,,,,
uT,ut_2,ut_2,auto,,,,
uU,uu_2,uu_2,auto,,,,
uV,uv_2,uv_2,auto,,,,
uW,uW,uW,auto,,,,
uX,uX,uX_1,auto,,,,
uY,uy_2,uy_2,auto,,,,
uZ,uz_0,S2CMessage26333,ai,,,,
ua,ua,ua,auto,,,,
ub,ub_1,ub_1,auto,,,,
uc,uc_0,uc_0,auto,,,,
ud,ud_1,ud_1,auto,,,,
ue,ue_0,FightServerToClientMessage,framework,,,,
uf,uf_2,uf_2,auto,,,,
ug,ug,ug,auto,,,,
uh,uh_0,uh_0,auto,,,,
ui,ui_1,ui_1,auto,,,,
uj,uj_1,uj_1,auto,,,,
uk,uk_0,uk_0,auto,,,,
ul,ul_0,ul_0,auto,,,,
um,um_1,um_1,auto,,,,
un,un,un,auto,,,,
uo,uo_2,uo_2,auto,,,,
up,up,up,auto,,,,
uq,uq_2,C2SMessage501,ai,,,,
ur,ur_2,ur_2,auto,,,,
us,us,us,auto,,,,
ut,ut,StartPlacementMessage,opcode_map,8020,S2C,ael_2,com.ankamagames.dofusarena.client.network.protocol.message.game.serverToClient.fight
uu,uu,uu,auto,,,,
uv,uv_0,uv_0,auto,,,,
uw,uw_0,uw_0,auto,,,,
ux,ux_1,ux_1_1,auto,,,,
uy,uy_1,uy_1,auto,,,,
uz,uz_2,uz_2,auto,,,,
v,v_0,v_0,auto,,,,
vA,vA,vA,auto,,,,
vB,vb_2,vb_2,auto,,,,
vC,vc_2,vc_2,auto,,,,
vD,vD,vD,auto,,,,
vE,ve_1,UserNotFoundMessage,opcode_map,3204,S2C,ael_2,com.ankamagames.baseImpl.client.proxyclient.base.network.protocol.message.chat.serverToClient.errorMessage
vF,vF,vF,auto,,,,
vG,vg_2,vg_2,auto,,,,
vH,vh_0,vh_0,auto,,,,
vI,vi_2,vi_2,auto,,,,
vJ,vj_1,vj_1,auto,,,,
vK,vk_1,vk_1,auto,,,,
vL,vL,vL,auto,,,,
vM,vm_2,vm_2,auto,,,,
vN,vn_2,vn_2,auto,,,,
vO,vO,vO,auto,,,,
vP,vP,vP,auto,,,,
vQ,vQ,vQ,auto,,,,
vR,vR,vR,auto,,,,
vS,vS,vS,auto,,,,
vT,vT,C2SMessage26305,ai,,,,
vU,vU,vU,auto,,,,
vV,vv_1,MatchmakingMessageHandler_4,ai,,,,
vW,vw_1,vw_1,auto,,,,
vX,vx_0,vx_0,auto,,,,
vY,vY,vY,auto,,,,
vZ,vz_0,vz_0,auto,,,,
va,va_0,va_0,auto,,,,
vb,vb_0,vb_0,auto,,,,
vc,vc,vc,auto,,,,
vd,vd_2,vd_2,auto,,,,
ve,ve_0,ve_0,auto,,,,
vf,vf_0,vf_0,auto,,,,
vg,vg,vg,auto,,,,
vh,vh,vh,auto,,,,
vi,vi,vi,auto,,,,
vj,vj_0,vj_0,auto,,,,
vk,vk_2,vk_2,auto,,,,
vl,vl_0,ProxyMessageHandler_17,ai,,,,
vm,vm_1,vm_1,auto,,,,
vn,vn,vn,auto,,,,
vo,vo_0,vo_0,auto,,,,
vp,vp_2,vp_2,auto,,,,
vq,vq_1,vq_1,auto,,,,
vr,vr_1,vr_1,auto,,,,
vs,vs_2,vs_2,auto,,,,
vt,vt_1,vt_1,auto,,,,
vu,vu_2,vu_2,auto,,,,
vv,vv,vv,auto,,,,
vw,vw_2,vw_2,auto,,,,
vx,vx,vx,auto,,,,
vy,vy_0,vy_0,auto,,,,
vz,vz_2,vz_2,auto,,,,
w,w_0,w_0,auto,,,,
wA,wA,wA,auto,,,,
wB,wb_1,wb_1,auto,,,,
wC,wC,wC,auto,,,,
wD,wd_1,wd_1,auto,,,,
wE,we_1,we_1,auto,,,,
wF,wf_2,S2CMessage23002,ai,,,,
wG,wg_0,wg_0,auto,,,,
wH,wh_2,wh_2,auto,,,,
wI,wi_1,wi_1,auto,,,,
wJ,wj_2,wj_2,auto,,,,
wK,wk_1,wk_1,auto,,,,
wL,wl_1,wl_1,auto,,,,
wM,wm_1,wm_1,auto,,,,
wN,wn_2,wn_2,auto,,,,
wO,wo_1,wo_1,auto,,,,
wP,wp_2,ChatMessageHandler_3,ai,,,,
wQ,wq_1,wq_1,auto,,,,
wR,wr_2,wr_2,auto,,,,
wS,wS,wS,auto,,,,
wT,wt_0,wt_0,auto,,,,
wU,wu_2,S2CMessage26300,ai,,,,
wV,wv_1,wv_1,auto,,,,
wW,wW,wW,auto,,,,
wX,wX,wX,auto,,,,
wY,wy_0,wy_0,auto,,,,
wZ,wz_2,wz_2,auto,,,,
wa,wa_2,C2SMessage28601,ai,,,,
wb,wb_2,wb_2,auto,,,,
wc,wc_1,wc_1,auto,,,,
wd,wd_2,wd_2,auto,,,,
we,we_2,we_2,auto,,,,
wf,wf_1,wf_1,auto,,,,
wg,wg_2,MatchmakingMessageHandler_5,ai,,,,
wh,wh_1,wh_1,auto,,,,
wi,wi_0,wi_0,auto,,,,
wj,wj,wj,auto,,,,
wk,wk_0,wk_0,auto,,,,
wl,wl_2,wl_2,auto,,,,
wm,wm_0,wm_0,auto,,,,
wn,wn_0,wn_0,auto,,,,
wo,wo_2,wo_2,auto,,,,
wp,wp_0,MatchmakingMessageHandler_6,ai,,,,
wq,wq_0,wq_0,auto,,,,
wr,wr_0,wr_0,auto,,,,
ws,ws_2,ws_2,auto,,,,
wt,wt_1,C2SMessage513,ai,,,,
wu,wu_1,wu_1,auto,,,,
wv,wv_0,wv_0,auto,,,,
ww,ww_2,ww_2,auto,,,,
wx,wx_2,wx_2,auto,,,,
wy,wy_2,wy_2,auto,,,,
wz,wz_1,wz_1,auto,,,,
x,x,x,auto,,,,
xA,xa_0,xa_0,auto,,,,
xB,xb_1,ChannelContentMessage,opcode_map,3140,S2C,ael_2,com.ankamagames.baseImpl.client.proxyclient.base.network.protocol.message.chat.serverToClient
xC,xc_1,xc_1,auto,,,,
xD,xd_1,xd_1,auto,,,,
xE,xe_1,xe_1,auto,,,,
xF,xf_0,xf_0,auto,,,,
xG,xg_1,xg_1,auto,,,,
xH,xh_2,xh_2,auto,,,,
xI,xi_1,xi_1,auto,,,,
xJ,xj_2,xj_2,auto,,,,
xK,xk_0,S2CMessage4900,ai,,,,
xL,xL,xL,auto,,,,
xM,xM,xM,auto,,,,
xN,xN,xN,auto,,,,
xO,xO,xO,auto,,,,
xP,xp_1,xp_1,auto,,,,
xQ,xq_1,xq_1,auto,,,,
xR,xR,xR,auto,,,,
xS,xS,xS,auto,,,,
xT,xt_2,xt_2,auto,,,,
xU,xu_0,xu_0,auto,,,,
xV,xv_2,xv_2,auto,,,,
xW,xw_1,xw_1,auto,,,,
xX,xX,xX,auto,,,,
xY,xy_2,S2CMessage4901,ai,,,,
xZ,xz_2,xz_2,auto,,,,
xa,xa,xa,auto,,,,
xb,xb,xb,auto,,,,
xc,xc_2,xc_2,auto,,,,
xd,xd_2,xd_2,auto,,,,
xe,xe_0,xe_0,auto,,,,
xf,xf,xf,auto,,,,
xg,xg_0,xg_0,auto,,,,
xh,xh_1,xh_1,auto,,,,
xi,xi_2,xi_2,auto,,,,
xj,xj,xj,auto,,,,
xk,xk_1,xk_1,auto,,,,
xl,xl_0,xl_0,auto,,,,
xm,xm_0,xm_0,auto,,,,
xn,xn_0,xn_0,auto,,,,
xo,xo_2,xo_2,auto,,,,
xp,xp_0,ActorTeleportsMessage,opcode_map,4510,S2C,ael_2,com.ankamagames.dofusarena.client.network.protocol.message.game.serverToClient.actor
xq,xq,xq,auto,,,,
xr,xr_0,xr_0,auto,,,,
xs,xs_0,xs_0,auto,,,,
xt,xt,xt,auto,,,,
xu,xu_1,xu_1,auto,,,,
xv,xv_0,xv_0,auto,,,,
xw,xw_2,xw_2,auto,,,,
xx,xx_1,xx_1,auto,,,,
xy,xy,xy,auto,,,,
xz,xz_1,xz_1,auto,,,,
y,y,y,auto,,,,
yA,ya_1,ya_1,auto,,,,
yB,yb_0,yb_0,auto,,,,
yC,yC,yC,auto,,,,
yD,yd_2,yd_2,auto,,,,
yE,yE,yE,auto,,,,
yF,yF,yF,auto,,,,
yG,yg_1,yg_1,auto,,,,
yH,yh_0,yh_0,auto,,,,
yI,yi_2,yi_2,auto,,,,
yJ,yJ,yJ,auto,,,,
yK,yk_0,yk_0,auto,,,,
yL,yl_1,yl_1,auto,,,,
yM,yM,yM,auto,,,,
yN,yn_2,yn_2,auto,,,,
yO,yo_1,yo_1,auto,,,,
yP,yp_0,yp_0,auto,,,,
yQ,yq_1,C2SMessage17002,ai,,,,
yR,yr_1,FighterMoveMessage,opcode_map,4524,S2C,ue_0,com.ankamagames.dofusarena.client.network.protocol.message.game.serverToClient.action
yS,ys_0,ys_0,auto,,,,
yT,yt_0,yt_0,auto,,,,
yU,yu_1,S2CMessage4516,ai,,,,
yV,yV,yV,auto,,,,
yW,yW,yW,auto,,,,
yX,yX,yX,auto,,,,
yY,yy_2,yy_2,auto,,,,
yZ,yZ,yZ,auto,,,,
ya,ya_0,ya_0,auto,,,,
yb,yb,yb,auto,,,,
yc,yc_2,yc_2,auto,,,,
yd,yd,S2CMessage4800,ai,,,,
ye,ye_1,ye_1,auto,,,,
yf,yf_0,yf_0,auto,,,,
yg,yg,C2SMessage5300,ai,,,,
yh,yh,AchievementMessageHandler_1,ai,,,,
yi,yi_0,yi_0,auto,,,,
yj,yj_2,yj_2,auto,,,,
yk,yk_2,yk_2,auto,,,,
yl,yl,yl,auto,,,,
ym,ym_0,ym_0,auto,,,,
yn,yn_0,yn_0,auto,,,,
yo,yo_2,yo_2,auto,,,,
yp,yp_1,yp_1,auto,,,,
yq,yq_2,PartyMessageHandler_1,ai,,,,
yr,yr_0,yr_0,auto,,,,
ys,ys,ys,auto,,,,
yt,yt_2,ProxyMessage16384,ai,,,,
yu,yu_0,yu_0,auto,,,,
yv,yv_1,yv_1,auto,,,,
yw,yw_2,yw_2,auto,,,,
yx,yx_0,yx_0,auto,,,,
yy,yy_1,yy_1,auto,,,,
yz,yz_1,yz_1,auto,,,,
z,z_0,z_0,auto,,,,
zA,zA,zA,auto,,,,
zB,zb_1,CalendarMessageHandler,ai,,,,
zC,zc_0,zc_0,auto,,,,
zD,zD,zD,auto,,,,
zE,ze_0,ze_0,auto,,,,
zF,zF,zF,auto,,,,
zG,zG,zG,auto,,,,
zH,zH,zH,auto,,,,
zI,zi_0,ProxyMessage23111,ai,,,,
zJ,zj_0,zj_0,auto,,,,
zK,zK,zK,auto,,,,
zL,zl_2,zl_2,auto,,,,
zM,zM,zM,auto,,,,
zN,zN,GuildMessageHandler_3,ai,,,,
zO,zO,zO,auto,,,,
zP,zp_1,zp_1,auto,,,,
zQ,zq_0,zq_0,auto,,,,
zR,zr_0,zr_0,auto,,,,
zS,zS,zS,auto,,,,
zT,zt_1,zt_1,auto,,,,
zU,zu_1,zu_1,auto,,,,
zV,zv_0,zv_0,auto,,,,
zW,zw_0,zw_0,auto,,,,
zX,zx_1,zx_1,auto,,,,
zY,zY,zY,auto,,,,
zZ,zZ,zZ,auto,,,,
za,za_2,za_2,auto,,,,
zb,zb_2,zb_2,auto,,,,
zc,zc_2,zc_2,auto,,,,
zd,zd_0,zd_0,auto,,,,
ze,ze_2,ze_2,auto,,,,
zf,zf_0,zf_0,auto,,,,
zg,zg_2,zg_2,auto,,,,
zh,zh_2,zh_2,auto,,,,
zi,zi_2,zi_2,auto,,,,
zj,zj,zj,auto,,,,
zk,zk_0,zk_0,auto,,,,
zl,zl,zl,auto,,,,
zm,zm_1,zm_1,auto,,,,
zn,zn_2,zn_2,auto,,,,
zo,zo_1,zo_1,auto,,,,
zp,zp,zp,auto,,,,
zq,zq_2,zq_2,auto,,,,
zr,zr,zr,auto,,,,
zs,zs_2,zs_2,auto,,,,
zt,zt_0,zt_0,auto,,,,
zu,zu_0,zu_0,auto,,,,
zv,zv,zv,auto,,,,
zw,zw,zw,auto,,,,
zx,zx,zx,auto,,,,
zy,zy_0,zy_0,auto,,,,
zz,zz_2,zz_2,auto,,,,
