obf_true,cfr,score,opcode,extends,implements,n_methods,n_fields,refs_known,strings
DX,dx_2,26,,,atG,6,2,CreationFighterInformationMessage DeletionFighterInformationMessage DeletionTeamPresetMessage FighterInformationListMessage NetworkMessage SaveTeamPresetMessage TeamPresetListMessage TeamPresetListRequestMessage,fighterCreationDialog | fighterEquipmentDialog | teamManagement.filtredFighterList | teamManagement.teamPreset2vs2List | teamManagement.editableFighter | teamManagement.selectedCard | teamManagement.fighterEditionOpen | fightersOnBench
oM,om_0,26,,,atG,6,2,ChannelContentMessage ChannelFlagsMessage ChannelJoinMessage ChannelLeaveMessage ChannelMemberFlagsMessage ChannelMemberKickMessage ChannelMembersMessage ChannelNotFoundMessage,chat.notify.addFriend | error.chat.userNotFound | chat.notify.removeFriend | chat.notify.friendOnline | Ami inconnu  | friends.list | chat.notify.friendOffline | chat.notify.addIgnore
of,of_1,25,,,atG,6,2,CloseCombatMessage EffectAreaActionMessage FighterCardUseMessage FighterChangeDirectionMessage FighterMoveMessage FighterTackledMessage FighterTurnBeginMessage FighterTurnEndMessage,Impossible d'instancier un runningEffect : |  inconnu | hasBuff | interactiveBubbleDialog | ouch | ouch ! | cheat.turnDuration.decreased
Ce,ce_1,24,,,atG,6,1,CreationFighterInformationMessage DeletionFighterInformationMessage FighterInformationListMessage NetworkMessage TeamPresetListMessage TeamPresetListRequestMessage UpdatedFighterInformationInventoryMessage,loading | evolutionDialog | evolutionTeamManagementTuto2Dialog | evolutionTeamManagementTutoDialog | tournamentEvolutionDialog | tournamentGraveyardDialog | fighterCreationTutorialDialog | fighterCreationDialog
Ng,ng_2,23,28602,InputOnlyProxyMessage,,3,4,InputOnlyProxyMessage,UTF-8 | NAME CENSORED | nameCensored | DESCRIPTION CENSORED | descriptionCensored | ANKAMA | DemonsHours
Qg,qg_2,22,,,atG,7,2,ActorAppearMessage ActorDisapearMessage ActorMovementMessage ActorRepositionMessage ActorTeleportsMessage NetworkMessage,AnimStatique02 | AnimHit | AnimHit02 | AnimMarche02 | AnimCourse02 | L'acteur  |  est inconnu ! | Aucun fight !
lo,lo,21,106,InputOnlyProxyMessage,,7,2,InputOnlyProxyMessage, bytes restant dans le buffer (2 requis) |  bytes restant dans le buffer ( |  requis) |  bytes restant dans le buffer (4 requis) |  bytes restant dans le buffer (1 requis)
NO,no_2,20,,,atG,7,3,ActorDespawnMessage ActorMovementMessage ActorSpawnMessage ActorTeleportsMessage NetworkMessage,"Pas de chemin trouv\u00e9 pour le chemin de l'acteur distant : on le t\u00e9l\u00e9porte | Impossible de d\u00e9placer le personnage  |  car il n'existe pas ! | Impossible de t\u00e9l\u00e9porter le personnage  | [INTERACTIVE_ELEMENT_SPAWN_MESSAGE] Element id= | , data.length= |  byte(s) | spawn d'un element interactif inconnu id="
hU,hu_2,20,,,atG,14,3,CreateFighterInformationRequestMessage NetworkMessage SaveTeamPresetRequestMessage UiEventBus UpdateFighterInventoryRequestMessage,defaultFightProfile | teamManagement.editableTeamPreset | error.teamManagement.noTeamSelected | fighterCreationDialog | error.teamManagement.noMoreRoom | actorDescriptorLibrary | sex | teamManagement.selectedItemCardList
QU,qu_2,19,,,atG,6,1,AddFriendMessage AddIgnoreMessage NetworkMessage OutputOnlyProxyMessage RemoveFriendMessage RemoveIgnoreMessage UiEventBus,socialDialog | dofusarena.social | guildManagementDialog
Yq,Yq,19,28620,InputOnlyProxyMessage,,8,6,InputOnlyProxyMessage,Mauvaise utilisation d'un message de type  |  : Status \u00e9gal \u00e0  | UTF-8
ZZ,zz_0,19,27525,OutputOnlyProxyMessage,,8,5,OutputOnlyProxyMessage,1_AnimStatique | Arme | png
aMQ,amq_1,19,,avp_0,,12,3,ItemExchangeAddCardMessage ItemExchangeCardAddedMessage ItemExchangeEndMessage ItemExchangeSetReadyMessage NetworkMessage UiEventBus,coachManagement.currentSet | error.exchange.linkedCard | error.exchange.tooMuchCard | exchangeId | dofusarena.exchange | exchangeDialog | readyButtonEnabled
GO,go_1,18,16385,UiEventBus,,10,5,UiEventBus,Erreur lors d'un checkOut sur un message de type UIChatOperationMessage :  | UTF-8
NB,nb_0,18,,,atG,13,2,CreateFighterInformationRequestMessage NetworkMessage UiEventBus UpdateFighterInventoryRequestMessage,teamManagement.selectedItemCardListType | availableFighterCards | error.teamManagement.fightersCountExploded | teamLeague | error.evolution.tooManyFightersOnBench | error.evolution.graveyardFull | fighters | fightersOnBench
azL,azL,18,,,atG,7,3,FighterActorDirectionChangeRequestMessage MoveToFreePlacementRequestMessage NetworkMessage TeamMateSetReadyForObservationRequestMessage,fight.timeline.currentFighter | fighterControlsDialog | La sc\u00e8ne n'a pas de camera | La sc\u00e8ne n'a pas de cellules | pas de controlleur pour le fighter  | pas d'\u00e9quipe pour le fighter  | fightPlacementDialog | timelineDialog
IL,IL,17,28650,InputOnlyProxyMessage,,5,3,InputOnlyProxyMessage,UTF-8
JY,JY,17,4701,OutputOnlyProxyMessage,,4,0,OutputOnlyProxyMessage,UTF-8
Vr,vr_2,17,16801,UiEventBus,,4,2,UiEventBus,Erreur lors d'un checkOut sur un message de type UIExchangeInvitationAcceptRequestMessage : 
aBu,abu_1,17,30001,UiEventBus,,6,3,UiEventBus,Erreur lors d'un checkOut sur un message de type UIWorldSceneMouseMovedMessage : 
ado,ado,17,30000,UiEventBus,,8,4,UiEventBus,Erreur lors d'un checkOut sur un message de type UIWorldSceneMouseReleasedMessage : 
alD,ald_2,17,17008,OutputOnlyProxyMessage,,4,1,OutputOnlyProxyMessage,"Attention ! Pour ajouter deux \u00e9v\u00e8nements li\u00e9s, il faut utiliser la m\u00e9thode addDurationCalendarEvent !"
alF,alf_0,17,28649,OutputOnlyProxyMessage,,5,3,OutputOnlyProxyMessage,UTF-8
asE,asE,17,20072,UiEventBus,,6,3,UiEventBus,Erreur lors d'un checkOut sur un message de type UITournamentCreationRequestMessage : 
avT,avT,17,9,InputOnlyProxyMessage,,5,2,InputOnlyProxyMessage,Id fixe pour ce message. Ne peut \u00eatre chang\u00e9.
ayQ,ayQ,17,28603,OutputOnlyProxyMessage,,4,3,OutputOnlyProxyMessage,UTF-8
azS,azS,17,16802,UiEventBus,,4,2,UiEventBus,Erreur lors d'un checkOut sur un message de type UIRejectFightInvitationRequestMessage : 
Ab,Ab,16,4518,OutputOnlyProxyMessage,,2,0,OutputOnlyProxyMessage,
BI,bi_2,16,28605,OutputOnlyProxyMessage,,3,1,OutputOnlyProxyMessage,
BX,bx_1,16,2307,InputOnlyProxyMessage,,7,5,InputOnlyProxyMessage,
Bl,bl_1,16,26303,OutputOnlyProxyMessage,,4,2,OutputOnlyProxyMessage,
Bm,bm_1,16,23101,OutputOnlyProxyMessage,,4,2,OutputOnlyProxyMessage,
Bt,bt_0,16,28609,OutputOnlyProxyMessage,,5,3,OutputOnlyProxyMessage,
CX,cx_1,16,19000,UiEventBus,,3,1,UiEventBus,
Ck,ck_2,16,27514,OutputOnlyProxyMessage,,2,0,OutputOnlyProxyMessage,
Co,Co,16,24000,UiEventBus,,3,1,UiEventBus,
DG,dg_0,16,28630,InputOnlyProxyMessage,,4,2,InputOnlyProxyMessage,
DP,dp_0,16,27500,OutputOnlyProxyMessage,,2,0,OutputOnlyProxyMessage,
DR,DR,16,28612,InputOnlyProxyMessage,,5,3,InputOnlyProxyMessage,
DY,dy_2,16,6025,InputOnlyProxyMessage,,6,4,InputOnlyProxyMessage,
Db,Db,16,16604,UiEventBus,,3,1,UiEventBus,
De,de_0,16,28610,InputOnlyProxyMessage,,3,1,InputOnlyProxyMessage,
EQ,eq_1,16,27528,InputOnlyProxyMessage,,4,2,InputOnlyProxyMessage,
Eh,Eh,16,15003,InputOnlyProxyMessage,,4,2,InputOnlyProxyMessage,
F,F,16,539,OutputOnlyProxyMessage,,3,1,OutputOnlyProxyMessage,
Fp,fp_2,16,1,NetworkMessage,,5,1,NetworkMessage,
Gc,gc_0,16,27527,OutputOnlyProxyMessage,,5,3,OutputOnlyProxyMessage,
Gs,Gs,16,4512,OutputOnlyProxyMessage,,3,1,OutputOnlyProxyMessage,
H,h_0,16,556,InputOnlyProxyMessage,,3,1,InputOnlyProxyMessage,
HJ,HJ,16,2411,InputOnlyProxyMessage,,8,6,InputOnlyProxyMessage,
Hk,hk_1,16,26301,OutputOnlyProxyMessage,,4,2,OutputOnlyProxyMessage,
IJ,ij_1,16,27503,InputOnlyProxyMessage,,8,5,InputOnlyProxyMessage,
Il,il_0,16,204,InputOnlyProxyMessage,,3,1,InputOnlyProxyMessage,
Ja,ja_0,16,102,InputOnlyProxyMessage,,4,5,InputOnlyProxyMessage,
Jc,Jc,16,23000,OutputOnlyProxyMessage,,4,2,OutputOnlyProxyMessage,
Jw,jw_0,16,27509,InputOnlyProxyMessage,,14,12,InputOnlyProxyMessage,
KD,kd_0,16,16617,UiEventBus,,3,1,UiEventBus,
KL,KL,16,23008,InputOnlyProxyMessage,,3,1,InputOnlyProxyMessage,
Ko,Ko,16,557,OutputOnlyProxyMessage,,4,2,OutputOnlyProxyMessage,
Kq,kq_2,16,2601,InputOnlyProxyMessage,,5,3,InputOnlyProxyMessage,
Lk,lk_0,16,6027,InputOnlyProxyMessage,,2,0,InputOnlyProxyMessage,
M,M,16,23108,InputOnlyProxyMessage,,3,1,InputOnlyProxyMessage,
MX,mx_1,16,551,OutputOnlyProxyMessage,,7,5,OutputOnlyProxyMessage,
Mo,mo_2,16,5450,OutputOnlyProxyMessage,,4,0,OutputOnlyProxyMessage,
NN,NN,16,5401,InputOnlyProxyMessage,,5,2,InputOnlyProxyMessage,
Nr,Nr,16,555,OutputOnlyProxyMessage,,7,5,OutputOnlyProxyMessage,
Nx,nx_1,16,26310,InputOnlyProxyMessage,,4,2,InputOnlyProxyMessage,
OB,OB,16,22097,OutputOnlyProxyMessage,,3,1,OutputOnlyProxyMessage,
OJ,OJ,16,6029,InputOnlyProxyMessage,,3,1,InputOnlyProxyMessage,
Or,Or,16,5113,InputOnlyProxyMessage,,4,5,InputOnlyProxyMessage,
PQ,pq_1,16,,,atG,6,2,CoachCreationResultMessage CoachInformationsMessage NetworkMessage PlayerStatisticsReportMessage,error.coachCreation.invalidName | error.coachCreation | guildCanAffiliate | Impossible de sauvegerde les statistiques de coach si aucun coach local n'est d\u00e9fini ! | chatDialog | reconnectionInFightQuestion
PV,PV,16,16600,UiEventBus,,7,3,UiEventBus,
Pg,Pg,16,2308,OutputOnlyProxyMessage,,6,4,OutputOnlyProxyMessage,
Qp,qp_1,16,6013,OutputOnlyProxyMessage,,6,4,OutputOnlyProxyMessage,
RQ,rq_2,16,8121,InputOnlyProxyMessage,,8,2,InputOnlyProxyMessage,
RR,rr_1,16,15506,OutputOnlyProxyMessage,,3,1,OutputOnlyProxyMessage,
SH,sh_0,16,515,OutputOnlyProxyMessage,,4,2,OutputOnlyProxyMessage,
TT,tt_2,16,202,InputOnlyProxyMessage,,5,2,InputOnlyProxyMessage,
Tx,Tx,16,22093,OutputOnlyProxyMessage,,3,1,OutputOnlyProxyMessage,
UJ,uj_0,16,27507,InputOnlyProxyMessage,,29,27,InputOnlyProxyMessage,
UW,uw_2,16,28622,InputOnlyProxyMessage,,3,1,InputOnlyProxyMessage,
Ve,Ve,16,105,InputOnlyProxyMessage,,5,7,InputOnlyProxyMessage,
Vg,vg_1,16,27504,OutputOnlyProxyMessage,,2,0,OutputOnlyProxyMessage,
WC,wc_2,16,8250,InputOnlyProxyMessage,,4,2,InputOnlyProxyMessage,
WE,WE,16,,,atG,6,2,EndFightMessage FighterDiesMessage NetworkMessage,fight.standingWon | coachLevelUpDialog | Death | Injury | selectedEndFightAchievement | fight.endFightAchievements | endFightChallenge | numberOfTurnsInFight
WT,wt_2,16,15005,InputOnlyProxyMessage,,3,1,InputOnlyProxyMessage,
WV,wv_2,16,2261,InputOnlyProxyMessage,,3,1,InputOnlyProxyMessage,
X,x_0,16,26331,OutputOnlyProxyMessage,,3,1,OutputOnlyProxyMessage,
Xn,xn_2,16,27513,InputOnlyProxyMessage,,8,5,InputOnlyProxyMessage,
ZQ,zq_1,16,8122,InputOnlyProxyMessage,,6,2,InputOnlyProxyMessage,
Zs,zs_1,16,,do_1,ov_1,10,7,NetworkMessage UiEventBus UiEventMessage,BREEDMASTER_ | _BEGIN | Action performed on interactive element :  | interactiveBubbleDialog | breedmaster.testBreed | breedmaster.recruit | cancel | null
Zu,Zu,16,5470,OutputOnlyProxyMessage,,4,0,OutputOnlyProxyMessage,
aA,aa_2,16,27508,OutputOnlyProxyMessage,,2,0,OutputOnlyProxyMessage,
aBJ,abj_0,16,108,InputOnlyProxyMessage,,8,6,InputOnlyProxyMessage,
aBN,abn_0,16,23001,OutputOnlyProxyMessage,,4,2,OutputOnlyProxyMessage,
aBO,abo_0,16,553,OutputOnlyProxyMessage,,5,3,OutputOnlyProxyMessage,
aBZ,aBZ,16,8400,InputOnlyProxyMessage,,2,0,InputOnlyProxyMessage,
aCC,acc_2,16,206,InputOnlyProxyMessage,,3,1,InputOnlyProxyMessage,
aCN,acn_2,16,28634,InputOnlyProxyMessage,,3,1,InputOnlyProxyMessage,
aDA,ada_1,16,23102,InputOnlyProxyMessage,,3,1,InputOnlyProxyMessage,
aDD,add_2,16,519,OutputOnlyProxyMessage,,3,1,OutputOnlyProxyMessage,
aDE,ade_0,16,22000,InputOnlyProxyMessage,,3,1,InputOnlyProxyMessage,
aDs,ads_0,16,15004,OutputOnlyProxyMessage,,3,1,OutputOnlyProxyMessage,
aEf,aef_1,16,17005,InputOnlyProxyMessage,,3,1,InputOnlyProxyMessage,
aFC,aFC,16,101,OutputOnlyProxyMessage,,4,2,OutputOnlyProxyMessage,
aFG,afg_2,16,28617,OutputOnlyProxyMessage,,3,1,OutputOnlyProxyMessage,
aFJ,afj_2,16,15507,InputOnlyProxyMessage,,3,1,InputOnlyProxyMessage,
aFQ,afq_0,16,3159,OutputOnlyProxyMessage,,3,1,OutputOnlyProxyMessage,
aFu,aFu,16,17010,OutputOnlyProxyMessage,,16,12,OutputOnlyProxyMessage,
aGO,ago_0,16,28607,OutputOnlyProxyMessage,,6,4,OutputOnlyProxyMessage,
aGh,agh_2,16,17006,OutputOnlyProxyMessage,,4,2,OutputOnlyProxyMessage,
aGr,agr_2,16,5491,InputOnlyProxyMessage,,6,4,InputOnlyProxyMessage,
aHG,ahg_0,16,5490,OutputOnlyProxyMessage,,3,1,OutputOnlyProxyMessage,
aHd,ahd_0,16,28618,InputOnlyProxyMessage,,3,1,InputOnlyProxyMessage,
aIG,aig_1,16,28636,InputOnlyProxyMessage,,3,1,InputOnlyProxyMessage,
aII,aII,16,4514,OutputOnlyProxyMessage,,2,0,OutputOnlyProxyMessage,
aIK,aik_1,16,3170,InputOnlyProxyMessage,,5,3,InputOnlyProxyMessage,
aIZ,aiz_0,16,4902,FightServerToClientMessage,,5,1,FightServerToClientMessage,
aIb,aib_1,16,27551,OutputOnlyProxyMessage,,2,0,OutputOnlyProxyMessage,
aIw,aiw_1,16,26334,OutputOnlyProxyMessage,,3,1,OutputOnlyProxyMessage,
aJs,ajs_0,16,15000,OutputOnlyProxyMessage,,2,0,OutputOnlyProxyMessage,
aJu,aju_1,16,26313,OutputOnlyProxyMessage,,6,3,OutputOnlyProxyMessage,
aKa,aka_0,16,27505,InputOnlyProxyMessage,,17,15,InputOnlyProxyMessage,
aKk,akk_1,16,15006,OutputOnlyProxyMessage,,3,1,OutputOnlyProxyMessage,
aLi,aLi,16,23104,InputOnlyProxyMessage,,4,2,InputOnlyProxyMessage,
aMH,amh_0,16,23004,InputOnlyProxyMessage,,4,2,InputOnlyProxyMessage,
aMU,amu_0,16,27515,InputOnlyProxyMessage,,11,9,InputOnlyProxyMessage,
aMo,amo_0,16,23101,UiEventBus,,3,1,UiEventBus,
aNO,ano_1,16,3198,InputOnlyProxyMessage,,5,3,InputOnlyProxyMessage,
aNV,anv_0,16,4523,OutputOnlyProxyMessage,,2,0,OutputOnlyProxyMessage,
aNp,anp_0,16,22001,OutputOnlyProxyMessage,,2,0,OutputOnlyProxyMessage,
aNq,aNq,16,28646,InputOnlyProxyMessage,,4,2,InputOnlyProxyMessage,
aOo,aOo,16,5400,OutputOnlyProxyMessage,,5,0,OutputOnlyProxyMessage,
aOx,aOx,16,4519,OutputOnlyProxyMessage,,2,0,OutputOnlyProxyMessage,
aaJ,aaj_0,16,28644,InputOnlyProxyMessage,,4,2,InputOnlyProxyMessage,
aae,aae_2,16,4517,OutputOnlyProxyMessage,,2,0,OutputOnlyProxyMessage,
abB,abB,16,6026,OutputOnlyProxyMessage,,7,5,OutputOnlyProxyMessage,
acz,acz_2,16,23114,OutputOnlyProxyMessage,,8,6,OutputOnlyProxyMessage,
adS,ads_2,16,23106,InputOnlyProxyMessage,,2,0,InputOnlyProxyMessage,
aeC,aeC,16,28635,OutputOnlyProxyMessage,,6,4,OutputOnlyProxyMessage,
aeX,aex_0,16,23116,OutputOnlyProxyMessage,,3,1,OutputOnlyProxyMessage,
afV,afV,16,4601,InputOnlyProxyMessage,,4,2,InputOnlyProxyMessage,
ahU,ahU,16,558,InputOnlyProxyMessage,,4,2,InputOnlyProxyMessage,
ahV,ahV,16,26314,InputOnlyProxyMessage,,6,4,InputOnlyProxyMessage,
ahh,ahh_1,16,6028,InputOnlyProxyMessage,,2,0,InputOnlyProxyMessage,
ahn,ahn,16,23051,UiEventBus,,5,2,UiEventBus,
aiK,aik_0,16,4607,OutputOnlyProxyMessage,,6,4,OutputOnlyProxyMessage,
aid,aid_1,16,27510,OutputOnlyProxyMessage,,4,2,OutputOnlyProxyMessage,
aik,aik,16,28606,InputOnlyProxyMessage,,3,1,InputOnlyProxyMessage,
ajW,ajw_0,16,23003,OutputOnlyProxyMessage,,4,2,OutputOnlyProxyMessage,
ajm,ajm_2,16,5204,OutputOnlyProxyMessage,,3,1,OutputOnlyProxyMessage,
ak,ak,16,3199,OutputOnlyProxyMessage,,4,2,OutputOnlyProxyMessage,
aku,aku_1,16,23112,InputOnlyProxyMessage,,3,1,InputOnlyProxyMessage,
alV,alv_1,16,26330,OutputOnlyProxyMessage,,4,3,OutputOnlyProxyMessage,
amk,amk_0,16,27552,InputOnlyProxyMessage,,2,0,InputOnlyProxyMessage,
anc,anc_0,16,27511,InputOnlyProxyMessage,,11,8,InputOnlyProxyMessage,
aoi,aoi,16,6014,InputOnlyProxyMessage,,8,6,InputOnlyProxyMessage,
aow,aow_2,16,23009,OutputOnlyProxyMessage,,5,3,OutputOnlyProxyMessage,
apN,apN,16,,aix_2,,23,5,ClientAuthenticationMessage ClientVersionMessage DisconnectionNotificationMessage NetworkMessage,connectionRetryCount | connectionRetryDelay | Impossible de d\u00e9finit les param\u00e8tres du syst\u00e8me de d\u00e9co/reco | localCoach | lastProxyGroupIndex | logon.progressDescription | queryResultCode :  | logon.invalidClientVersion
apm,apm_1,16,16400,UiEventBus,,3,1,UiEventBus,
aqE,aqe_0,16,21010,UiEventBus,,3,0,UiEventBus,
aqX,aqX,16,5114,InputOnlyProxyMessage,,4,2,InputOnlyProxyMessage,
arl,arl_0,16,510,InputOnlyProxyMessage,,3,1,InputOnlyProxyMessage,
asG,asg_0,16,107,OutputOnlyProxyMessage,,3,2,OutputOnlyProxyMessage,
asg,asg,16,19001,UiEventBus,,7,3,UiEventBus,
asu,asu,16,6,InputOnlyProxyMessage,,4,1,InputOnlyProxyMessage,
atM,atM,16,509,OutputOnlyProxyMessage,,4,2,OutputOnlyProxyMessage,
atj,atj_0,16,23103,OutputOnlyProxyMessage,,4,2,OutputOnlyProxyMessage,
auE,auE,16,28604,InputOnlyProxyMessage,,3,1,InputOnlyProxyMessage,
auF,auf_0,16,502,InputOnlyProxyMessage,,5,3,InputOnlyProxyMessage,
auQ,auQ,16,1024,NetworkMessage,,12,23,NetworkMessage,
auZ,auZ,16,517,OutputOnlyProxyMessage,,3,1,OutputOnlyProxyMessage,
aux,aux_,16,3161,OutputOnlyProxyMessage,,4,2,OutputOnlyProxyMessage,
awR,awR,16,511,OutputOnlyProxyMessage,,3,1,OutputOnlyProxyMessage,
awa,awa_0,16,17003,InputOnlyProxyMessage,,3,1,InputOnlyProxyMessage,
axA,axA,16,22092,InputOnlyProxyMessage,,4,2,InputOnlyProxyMessage,
axF,axf_0,16,22095,OutputOnlyProxyMessage,,6,4,OutputOnlyProxyMessage,
axH,axH,16,22004,OutputOnlyProxyMessage,,3,1,OutputOnlyProxyMessage,
axZ,axZ,16,5301,ClientProxyMessage,,3,0,ClientProxyMessage,
axr,axr_0,16,26312,InputOnlyProxyMessage,,3,1,InputOnlyProxyMessage,
ayV,ayV,16,15001,InputOnlyProxyMessage,,3,1,InputOnlyProxyMessage,
ayy,ayy,16,3168,InputOnlyProxyMessage,,5,3,InputOnlyProxyMessage,
az,az,16,25000,InputOnlyProxyMessage,,3,1,InputOnlyProxyMessage,
azD,azd_0,16,27501,InputOnlyProxyMessage,,16,14,InputOnlyProxyMessage,
azJ,azj_0,16,28614,InputOnlyProxyMessage,,3,1,InputOnlyProxyMessage,
azT,azt_0,16,4700,InputOnlyProxyMessage,,4,0,InputOnlyProxyMessage,
azb,azb_0,16,26332,InputOnlyProxyMessage,,2,0,InputOnlyProxyMessage,
azl,azl_0,16,23006,InputOnlyProxyMessage,,2,0,InputOnlyProxyMessage,
bD,bd_2,16,201,OutputOnlyProxyMessage,,4,2,OutputOnlyProxyMessage,
bl,bl,16,27529,OutputOnlyProxyMessage,,2,0,OutputOnlyProxyMessage,
bw,bw,16,22099,OutputOnlyProxyMessage,,4,2,OutputOnlyProxyMessage,
cG,cg_0,16,503,OutputOnlyProxyMessage,,7,5,OutputOnlyProxyMessage,
cJ,cJ,16,2309,InputOnlyProxyMessage,,3,1,InputOnlyProxyMessage,
cb,cb,16,15007,InputOnlyProxyMessage,,5,3,InputOnlyProxyMessage,
dL,dl_0,16,5116,InputOnlyProxyMessage,,4,2,InputOnlyProxyMessage,
df,df_1,16,28648,InputOnlyProxyMessage,,4,2,InputOnlyProxyMessage,
dy,dy_0,16,28608,InputOnlyProxyMessage,,4,2,InputOnlyProxyMessage,
eV,ev_0,16,16636,UiEventBus,,3,1,UiEventBus,
es,es_0,16,100,InputOnlyProxyMessage,,6,4,InputOnlyProxyMessage,
fu,fu_2,16,17004,OutputOnlyProxyMessage,,3,1,OutputOnlyProxyMessage,
fz,fz_0,16,21070,UiEventBus,,3,1,UiEventBus,
gD,gd_0,16,6032,InputOnlyProxyMessage,,3,1,InputOnlyProxyMessage,
gZ,gz_0,16,26304,InputOnlyProxyMessage,,3,1,InputOnlyProxyMessage,
ir,ir_0,16,6024,OutputOnlyProxyMessage,,5,3,OutputOnlyProxyMessage,
jg,jg_2,16,27526,InputOnlyProxyMessage,,8,6,InputOnlyProxyMessage,
kw,kw_1,16,28616,InputOnlyProxyMessage,,4,2,InputOnlyProxyMessage,
kx,kx_2,16,28633,OutputOnlyProxyMessage,,4,2,OutputOnlyProxyMessage,
lA,la_1,16,22094,InputOnlyProxyMessage,,7,5,InputOnlyProxyMessage,
lS,ls_0,16,22002,InputOnlyProxyMessage,,3,1,InputOnlyProxyMessage,
ly,ly_1,16,28611,OutputOnlyProxyMessage,,5,3,OutputOnlyProxyMessage,
mD,mD,16,504,InputOnlyProxyMessage,,4,2,InputOnlyProxyMessage,
mJ,mj_1,16,5403,InputOnlyProxyMessage,,4,2,InputOnlyProxyMessage,
mL,mL,16,2600,OutputOnlyProxyMessage,,3,0,OutputOnlyProxyMessage,
mZ,mz_0,16,26307,OutputOnlyProxyMessage,,3,1,OutputOnlyProxyMessage,
nP,nP,16,505,OutputOnlyProxyMessage,,5,3,OutputOnlyProxyMessage,
nV,nv_0,16,26321,OutputOnlyProxyMessage,,2,0,OutputOnlyProxyMessage,
nj,nj,16,2070,InputOnlyProxyMessage,,3,1,InputOnlyProxyMessage,
nq,nq,16,22003,OutputOnlyProxyMessage,,5,3,OutputOnlyProxyMessage,
ow,ow_2,16,27512,OutputOnlyProxyMessage,,3,1,OutputOnlyProxyMessage,
pC,pc_1,16,27502,OutputOnlyProxyMessage,,3,1,OutputOnlyProxyMessage,
pU,pu_1,16,26302,InputOnlyProxyMessage,,4,2,InputOnlyProxyMessage,
pY,py_0,16,2260,OutputOnlyProxyMessage,,3,1,OutputOnlyProxyMessage,
qK,qk_2,16,27506,OutputOnlyProxyMessage,,2,0,OutputOnlyProxyMessage,
qR,qr_2,16,103,InputOnlyProxyMessage,,4,1,InputOnlyProxyMessage,
rX,rx_0,16,20,AdminMessageBase,,15,11,AdminMessageBase,
rY,ry_1,16,560,InputOnlyProxyMessage,,4,2,InputOnlyProxyMessage,
rZ,rz_2,16,200,InputOnlyProxyMessage,,3,1,InputOnlyProxyMessage,
tB,tb_2,16,23110,InputOnlyProxyMessage,,9,7,InputOnlyProxyMessage,
tG,tg_1,16,4000,InputOnlyProxyMessage,,3,1,InputOnlyProxyMessage,
tc,tc_2,16,4001,InputOnlyProxyMessage,,3,1,InputOnlyProxyMessage,
uF,uf_0,16,2401,InputOnlyProxyMessage,,3,1,InputOnlyProxyMessage,
uZ,uz_0,16,26333,InputOnlyProxyMessage,,2,0,InputOnlyProxyMessage,
uq,uq_2,16,501,OutputOnlyProxyMessage,,7,7,OutputOnlyProxyMessage,
vT,vT,16,26305,OutputOnlyProxyMessage,,4,2,OutputOnlyProxyMessage,
wF,wf_2,16,23002,InputOnlyProxyMessage,,3,1,InputOnlyProxyMessage,
wU,wu_2,16,26300,InputOnlyProxyMessage,,6,4,InputOnlyProxyMessage,
wa,wa_2,16,28601,OutputOnlyProxyMessage,,2,0,OutputOnlyProxyMessage,
wt,wt_1,16,513,OutputOnlyProxyMessage,,4,2,OutputOnlyProxyMessage,
xK,xk_0,16,4900,FightServerToClientMessage,,7,3,FightServerToClientMessage,
xY,xy_2,16,4901,FightServerToClientMessage,,5,1,FightServerToClientMessage,
yQ,yq_1,16,17002,OutputOnlyProxyMessage,,2,0,OutputOnlyProxyMessage,
yU,yu_1,16,4516,InputOnlyProxyMessage,,2,0,InputOnlyProxyMessage,
yd,yd,16,4800,InputOnlyProxyMessage,,4,0,InputOnlyProxyMessage,
yg,yg,16,5300,OutputOnlyProxyMessage,,2,0,OutputOnlyProxyMessage,
yt,yt_2,16,16384,UiEventBus,,3,1,UiEventBus,
zI,zi_0,16,23111,UiEventBus,,5,2,UiEventBus,
DO,do_2,14,,,atG,7,2,FightCreationMessage NetworkMessage,enteringTimeChallenge | Fight est null dans le StartFightMessage ! | Erreur \u00e0 la cr\u00e9ation du combat ( | Error START_PRESENTATION_MESSAGE :  | Fight :  | FightTimeline :  | Error START_PLACEMENT_MESSAGE :  | Error START_OBSERVATION_MESSAGE : 
HG,hg_1,14,,,atG,6,1,NetworkMessage UiEventBus,fightMenuBarDialog | dofusarena.replay | replayMode | tutorialMode | replayPaused | replayDialog | replayIdentificationCertificate | fightEventCardsDialog
PU,PU,14,0,,k_0,31,4,,true | false
Qn,qn_0,14,,,atG,6,2,FighterChangeDirectionMessage MoveToFreePlacementMessage NetworkMessage TeamMateSetReadyForObservationMessage,Le fighter  |  est inconnu ! | waitingForOpponents | Error : 
Zo,zo_2,14,0,,k_0,30,2,,true | false
aCx,acx_2,14,,,,78,3,CreateFighterInformationRequestMessage NetworkMessage UiEventBus,dofusarena.teamManagement | error.fighterCreation.invalidName | teamManagement.editableFighter | question.saveEditableFighter | teamPresetBudgetPopUp | teamManagement.teamName | error.teamManagement.teamNameEmpty | teamManagement.teammateName
aoG,aog_1,14,,,atG,6,2,EnterInstanceMessage NetworkMessage,currentInstanceId | map | common | loading | tools | world | fight | Impossible d'entrer dans le monde si aucun localCoach n'est d\u00e9fini !
aqv,aqv_0,14,,,,3,2,NetworkMessage UiEventBus UiEventMessage,dofusarena.reportBug | editableBugReport | title | description | selectedType | ReportBug.invalidForm | bugTypeSelected | user.dir
by,by_2,14,,,atG,6,2,NetworkMessage ResultMessage,logonDialog | account.remember | account.name | account.password | proxy.list | proxy.selected | onlyTabEnabledId | minutes
lr,lr_1,14,,,atG,6,2,NetworkMessage UiEventBus,apf | customFightProfileLoadingDialog | customFightProfileSavingDialog | profiles | noCustomFightProfileSaved | defaultFightProfile | fileLoaded | errorLoadingFile
oz,oz_1,14,,,atG,6,2,NetworkMessage UiEventBus,selectedTournamentEvent | totemTournamentDialog | dofusarena.tournaments | defaultCalendar | registerToTournament | cardNeededToRegister | saveProfileQuestion | coachManagement.selectedCard
sJ,sj_1,14,,aez_0,,37,44,CoachEquipmentUpdateRequestMessage CoachInventoryUpdateRequestMessage NetworkMessage,cardInventory | cardSets | cardPets | specialCardInventory | equipedEmotes | inventorySynchronized | filtredEquipmentList | unlockedColors
NZ,nz_2,13,,,atG,5,1,LoginMessage NetworkMessage ReconnectionTicketMessage_1 ReconnectionTicketRequestMessage,User auth : l= | seb | pass
aNx,anx_1,13,,,atG,7,5,FighterActorDirectionChangeRequestMessage FighterEndTurnRequestMessage NetworkMessage,fight.endTurnState | singleCardData | singleCardDialog | fighterInformationsDialog | fighterControlsDialog
agq,agq_1,13,,,atG,6,1,NetworkMessage OpponentSearchCancelMessage OpponentSearchRequestMessage UiEventBus,dofusarena.randomFightSearch | randomFightCreationDialog | randomFightSearchStatusDialog
aop,aop_0,13,,,atG,6,1,NetworkMessage PropertyItemMessage PropertyQueryMessage,"Exception lev\u00e9e lors de l'appel \u00e0 la commande d'admin :  | Exception | AdminFrame.sendMonitoredProoperty(stringIndex= | , intIndex= | ) exception raised : "
Ds,ds_2,12,,,atG,8,3,NetworkMessage,Changement de statut \u00e0 non pr\u00eat  | accept\u00e9 | rejet\u00e9 | tournamentsSearchStatusDialog | dofusarena.tournamentsSearchStatus | Changement de statut \u00e0 pr\u00eat  | Lancement du combat. | matchfinder.impossibleToStartOpponentsSearch
Iu,iu_0,12,,,"alx_0,aho_0",15,15,NetworkMessage,firework1 | firework2 | firework3 | firework4 | firework5 | firework6 | firework7 | firework8
JN,jn_0,12,,Thread,axx_0,24,22,NetworkMessage,SqlRequestChannel | Exception during autocommit | Interrupted | Exception | SqlRequestChannel [ | ] started  | Request canceled (too much retries) | SqlRequestChannel stopped 
LH,lh_1,12,,,atG,6,2,NetworkMessage,guildCanAffiliate | guild | guild.creationSuccessfull | guild.destroyed | guild.kicked | guild.left | guild.invitationAccepted | guild.error.invalidName
PL,pl_2,12,,,atG,6,3,NetworkMessage,"TLS | ws.ankama.lan | --bloubloubloublou\r\n | Content-Disposition: form-data; name=\""external\""\r\n\r\n | Content-Disposition: form-data; name=\""account\""\r\n\r\n | Content-Disposition: form-data; name=\""universe\""\r\n\r\n | Content-Disposition: form-data; name=\""avatar\""; filename=\""test.png\""\r\nContent-Type: image/png\r\nContent-Length:  | \r\n\r\n"
RS,rs_1,12,,tn_1,,6,1,CoachCreationMessage NetworkMessage UiEventBus,actorDescriptorLibrary | skinColor | hairColor | sex | actorLinkage | coachCreationDialog
Vu,vu_1,12,,,atG,8,3,NetworkMessage,Changement de statut \u00e0 non pr\u00eat  | accept\u00e9 | rejet\u00e9 | classicSearchStatusDialog | dofusarena.classicSearchStatus | Changement de statut \u00e0 pr\u00eat  | Lancement du combat. | matchfinder.impossibleToStartOpponentsSearch
aCn,acn_0,12,,do_1,ov_1,10,6,NetworkMessage,DEMONIII | _BEGIN | Action performed on interactive element :  | interactiveBubbleDialog | 1_AnimParlotte | dialog.next | challenge.accept | challenge.refuse
aDv,aDv,12,,alz,,3,1,AssetBinaryReader AssetBinaryWriter,"Argument 0 for @NotNull parameter of com/ankamagames/baseImpl/graphics/alea/environment/ParticleDef.load must not be null | Argument 0 for @NotNull parameter of com/ankamagames/baseImpl/graphics/alea/environment/ParticleDef.save must not be null | ParticleDef{m_systemId= | , m_level= | , m_offsetX= | , m_offsetY= | , m_offsetZ= | , m_lod="
aFl,afl_1,12,,,atG,47,61,NetworkMessage,ladderManager | ladderPlayerSearchButtonVisible | list1vs1 | ladderInformationDialog | listGuild | ladder2vs2BestTeamSearchButtonVisible | list2vs2 | ladderTournamentInformationsMonth
aJZ,ajz_2,12,101,,kb_1,1,0,,
aLz,alz_2,12,,,atG,5,2,InvalidClientVersionMessage NetworkMessage ReconnectionTicketMessage ReconnectionTicketRequestResultMessage,Reco impossible | Type de message inconnu 
aML,aML,12,102,,kb_1,1,0,,
aOG,aOG,12,,,atG,9,4,NetworkMessage,"ReportBug.validForm | UIReportBugFrame : onMessage - Erreur Connexion URL :  | bugReportURL | /bug-report | Content-Type | multipart/form-data; boundary= | screenshot\""; filename=\""screenBug.jpg\""\r\nContent-Type: application/octet-stream\r\n\r\n | jpeg"
acu,acu_1,12,,,"axx_0,Runnable",28,25,NetworkMessage,"Thread interrupted :  | Le Worker est d\u00e9j\u00e0 en cours de fonctionnement. | Worker killed by  | Inner latency generation interrupted | Exception lev\u00e9e lors de l'\u00e9x\u00e9cution d'un message (id= | Destinataire invalide pour un message de type  | , destinataire :  | null"
adi,adi_2,12,,,atG,6,2,FighterInformationListMessage NetworkMessage TeamPresetListMessage TeamPresetListRequestMessage,loading | graveyardDialog
aef,aef_0,12,,,atG,6,1,NetworkMessage,guildDialog | guildCreationDialog | guild.error.alreadyGuildMember | guildCoachStatsDialog | dofusarena.guild | guild | guildInviter | guildExcluder
afb,afb_1,12,,,atG,11,3,NetworkMessage,sphereboard.selectedSphere | sphereboard.sphereSpell | sphereboard.selectedCard | notEnoughXpToBuySphere | Barrier | useCardToUnlockSphere | buySphereQuestion | sphereboard.fighter
agn,agn_0,12,,avp_0,,6,2,NetworkMessage UiEventBus,error.equipment.levelToLow | Position d'\u00e9quipement invalide :  | coachInventory.otherGameCardSent | tooltip.content | tome.currentBreed | tome.currentBreedDescription | tome.currentBreedHelpDescription | summonDescription
agz,agz_1,12,,,atG,6,1,NetworkMessage,infosDialog | dofusarena.infos | goCheckYourMailbox | tournamentsSearchStatusDialog | selectedTournamentInformation | selectedTournamentClientInfos | onlyTabEnabledId | questionWatchFinale
ajo,ajo_1,12,,,atG,16,10,NetworkMessage,replayMode | singleCardData | fightResultSubstitutesDetailsDialog | replay.replayNotComplete | fight.leavingAStillRunningFight | fight.controller0 | fight.controller1 | fight.winnerCoachs
ajp,ajp_0,12,,,atG,9,7,NetworkMessage,"Les informations du tournoi d'id  |  n'existent pas ! | Liste des tournois, Id - \""Name\"" : \n\n | Tournoi d'id  |  cr\u00e9\u00e9. | Tournoi invalide. | tournamentsOfTheDay | selectedTournamentEvent"
akS,aks_2,12,,,atG,6,2,NetworkMessage,dofusarena.graveyard | graveyardDialog | coachManagement.selectedCard | Il n'existe pas de board d'id  | sphereboard.fighter | questionUseItemOnFighter | error.evolution.tooManyFightersOnBench | noConsumableEffectOnDeadFighter
arq,arq_0,12,,,ob_0,22,9,NetworkMessage,"Attention, on a un rapport de statistiques null :  | [PLAYER STATISTICS REPORT FOR LADDER] Start loading all datas. | La connecteur \u00e0 la base de donn\u00e9e ( | ) n'existe pas | Pas de sauvegarde possible des statistiques de ce joueur (id= | ) - Pas de rapport | Impossible de cr\u00e9\u00e9r une instance du rapport de statistiques, le mod\u00e8le n'est pas reconnu : modelId= | On tente de m'ajouter deux fois ce joueur !!!! "
asA,asA,12,,,atG,7,1,NetworkMessage,tooltipDialog | tooltip.content | tooltipTutoDialog | reportBugDialog | optionsDialog | fighterInformationsDialog | fightObservationDialog | fightPlacementDialog
avu,avu_0,12,,,atG,7,3,NetworkMessage,question.giveUpFight | fight.timeline.selectedFighter | fighterInformationsDialog | localCoach | singleCardData | singleCardDialog | consoleDialog | dofusarena.fight
ml,ml_2,12,,,"gh_1,RE,eG",33,12,NetworkMessage,Le d\u00c3\u00a9codeur de messages n'a pas \u00c3\u00a9t\u00c3\u00a9 sp\u00c3\u00a9cifi\u00c3\u00a9 | Le pool de ConnectionUser+MessageUser n'a pas \u00c3\u00a9t\u00c3\u00a9 sp\u00c3\u00a9cifi\u00c3\u00a9 | onConnectionHandlerCreationError non forward\u00c3\u00a9 : pas de handler d\u00c3\u00a9fini | onConnectionHandlerInitializationError non forward\u00c3\u00a9 : pas de handler d\u00c3\u00a9fini | onConnectionHandlerInLoopError non forward\u00c3\u00a9 : pas de handler d\u00c3\u00a9fini | onNewConnection non forward\u00c3\u00a9 : pas de handler d\u00c3\u00a9fini | onConnectionError non forward\u00c3\u00a9 : pas de handler d\u00c3\u00a9fini | onConnectionClose non forward\u00c3\u00a9 : pas de handler d\u00c3\u00a9fini
rU,ru_2,12,,aov_0,,26,14,AssetBinaryReader AssetBinaryWriter,Trop d'ambiance diff\u00e9rentes | Il faut d'abord appeler setAmbiancesId | Argument 0 for @NotNull parameter of com/ankamagames/baseImpl/graphics/alea/environment/ClientEnvironmentMap.load must not be null | Argument 0 for @NotNull parameter of com/ankamagames/baseImpl/graphics/alea/environment/ClientEnvironmentMap.save must not be null | trop de particules sur la map ( | trop de sons sur la map ( | trop de interactivs sur la map ( | trop de dynamic sur la map (
wP,wp_2,12,,,atG,7,5,CoachActorMovementRequestMessage NetworkMessage,coachCanMove | chat.addToFriendList | chat.removeFromFriendList | chat.addToIgnoreList | chat.reportIncorrectBehaviour | chat.removeFromIgnoreList
wp,wp_0,12,,,atG,8,3,NetworkMessage,Changement de statut \u00e0 non pr\u00eat  | accept\u00e9 | rejet\u00e9 | evolutionSearchStatusDialog | dofusarena.evolutionSearchStatus | Changement de statut \u00e0 pr\u00eat  | Lancement du combat. | matchfinder.impossibleToStartOpponentsSearch
zN,zN,12,,,atG,8,4,NetworkMessage,achievementUnlocked | infos.newMails | infos.guildCreated | infos.guildMemberRemoved | infos.guildMemberAdded | tournamentFinale | on essaye d'ajouter une info de tournoi qui est d\u00e9j\u00e0 pr\u00e9sente ! | info tournoi : le tournoi d'id 
Om,Om,11,,,,11,4,AssetBinaryReader AssetBinaryWriter,Argument 0 for @NotNull parameter of com/ankamagames/dofusarena/common/game/fight/ArenaFightMapDefinition.load must not be null | Argument 0 for @NotNull parameter of com/ankamagames/dofusarena/common/game/fight/ArenaFightMapDefinition.save must not be null | pas de point de d\u00e9part | trop de point de d\u00e9part | trop de cellules sp\u00e9ciales | Argument 1 for @NotNull parameter of com/ankamagames/dofusarena/common/game/fight/ArenaFightMapDefinition.addCoach must not be null | Argument 1 for @NotNull parameter of com/ankamagames/dofusarena/common/game/fight/ArenaFightMapDefinition.addStartPoint must not be null
acl,acl_1,11,30002,abu_1,,4,2,,Erreur lors d'un checkOut sur un message de type UIWorldSceneMouseMovedExtendedMessage : 
add,add,11,,avp_0,,6,2,NetworkMessage UiEventBus,coachInventory.undestructibleCard | fusionTrade | quantity | coachManagement.currentSet | mustBeFusionCard | fusionLabDialog | dofusarena.fusionLaboratory
ajV,ajv_1,11,1,auQ,,8,4,,Erreur lors d'un checkOut sur un message de type StatisticsReportRequestMessage : 
ayf,ayf_0,11,,avp_0,atG,6,2,NetworkMessage,mailbox.newMail | newMailDialog | error.mail.mailboxFull | mailboxDialog | mailManager | dofusarena.mail | mailbox.mail
fK,fk_0,11,,,atG,6,1,NetworkMessage TeamMateSetReadyForActionRequestMessage,fightObservationDialog | fight.status | observation | fightEventCardsDialog | action
uG,ug_1,11,,,atG,7,3,ItemExchangeInvitationConfirmationMessage ItemExchangeInvitationMessage NetworkMessage,exchange.invitation.canceled | teamManagement.createXvsXInvitation | teamManagement.cancelXvsXTeamCreation
yh,yh,11,,,atG,6,2,NetworkMessage UiEventBus,selectedAchievementType | selectedAchievementSubtype | selectedAchievement | dofusarena.achievement | achievementDialog
AI,AI,10,,,rk_0,4,2,,Bonus ou malus d'XP en % (conso : rien) | Bonus ou malus d'XP (conso : idem) | Bonus ou malus d'XP en % pour l'adversaire (conso : rien) | Bonus ou malus d'XP pour l'adversaire (conso : rien) | Modification des blessures de ses combattants (conso : soigne toutes les blessures graves) | Modification des blessures des combattants adverses (conso : rien) | Modification des chances de mort de ses combattants (conso : rien) | Modification des chances de mort des combattants adverses (conso : rien)
Al,al_1,10,,,aho_0,6,10,,type | name | description | count | style | Death | Injury | fightEndAchievement
B,B,10,,hu_2,,8,2,NetworkMessage,error.fight.creation.badClick | teamManagement.teamPreset1vs1List | teamManagement.teamPreset2vs2List | error.teamManagement.teamEmpty | error.teamManagement.teamEmptyForACoach | error.teamManagement.budgetExploded | fight.creation.waitingForOpponentCoach | teamManagementOpen
BS,bs_0,10,,,aho_0,25,20,,teamManagement.teamPreset1vs1List | teamManagement.teamPreset2vs2List | teamManagement.teamPresetTournamentList | teamsIconsList | teamsBackgroundsList | teamsDatas | teamManagement.teamManager | teamManagement.editableTeamPreset
CA,ca_0,10,,aJj,aho_0,23,22,,name | privileges | canPromote | canDepromote | guildName | connected | rankIconUrl | guildCoachStats
CF,cf_2,10,,fh_2,"JG,adq_1",19,5,NetworkMessage,"Exception lev\u00e9e lors de la lib\u00e9ration d'une FrameworkEntity :  | Fermeture de l'ancienne connection du FrameworkEntity | Message vide ou erreur d'encodage :  | , class :  | Exception levee dans l'envoi d'un message | Pas de connexion disponible pour envoyer le message !"
CG,CG,10,,nk,aho_0,20,15,,exchangeId | localCardExchange | remoteCardExchange | localCardCount | remoteCardCount | localCardsValue | remoteCardsValue | remoteUserReady
CP,cp_0,10,,,atG,8,2,NetworkMessage,fusionTrade | fusionSuccess | fusionRecipeFailed | fusionLeftovers | fusionFailed | R\u00e9sultat de la fusion : \n\n - errorCode = 
Cn,cn_0,10,,,PA,63,12,,"On ne peut pas envoyer un timeEvent null | Pas de TimeEventHandler sur la timeline | Etat de la timeline incorrect :  | , attendu:  | Assertion incorrecte sur la timeline (demande de fin de tour alors que joueur suivant =  | null | Assertion incorrecte sur la timeline (joueur suivant =  | , attendu = "
DU,du_1,10,,,hR,3,1,,contentLoader.chat | vicinityPipe | chat.pipeName.vicinity | tradePipe | chat.pipeName.trade | privatePipe | chat.pipeName.private | teammatePipe
Dd,dd_0,10,,,bc_1,10,6,,must pass one non null stream | could not close stream {}: {} | attempting to open already open handler: {} | do not support read/write mode for Java IO Handlers | No OutputStream specified for writing: {} | No InputStream specified for reading: {} | Invalid flag passed to open: {} | Got IO exception reading from channel: {}; {}
EE,ee_2,10,,gn_0,"hy_0,ph_2,aho_0,oh_0",92,105,,name | breedId | sex | version | hairColorIndex | skinColorIndex | eyeColorIndex | actorDescriptorLibrary
FE,fe_1,10,,aqy_0,"aho_0,Comparable",14,14,,name | description | collection | collectionForEvolution | completed | setValue | size | completion
GV,GV,10,,,oa_1,45,39,,Stream corrompu :  | Probl\u00e8me \u00e0 l'ouverture du stream  | Probl\u00e8me au nettoyage du stream  | Impossible de fermer le flux pour le stream  | Exception |  : url= | Probl\u00e8me lors du seek sur le stream ! | Probl\u00e8me lors du tell sur le stream !
Gn,gn_0,10,,,"JG,afJ,alp_0",146,33,,Old Stack Trace :  | Double Release | Double checkout | ne peut arriver normalement | Altitude of the position is out of bounds :  | Impossible d'initialiser un fighter : race d'id  |  inconnue | caract\u00e9ristique inexistante
HW,HW,10,,aht_1,"Fc,aac,ajb_0,wS",32,30,,selection | calendar | cellSize | content | hgap | vgap | dateMargin | text
Hl,hl_2,10,,,aho_0,24,20,,position | reputation | creatorCoachName | teamName | totalVictories | totalDefeats | guildName | demonName
Id,id_2,10,,,cf_1,24,8,,".equals(string2) ||  | Syntax Error: depends attribute of target \"" | \"" has an empty string as dependency. | Syntax Error: Depend attribute for target \"" | \"" ends with a , character | Skipped because property ' | ' not set. | ' set."
JO,JO,10,,zp_1,StyleProvider,4,1,,init | package  | import  | public class  |  implements StyleProvider { | \tpublic  | \tpublic StyleSetter getStyleSetter(String style) { | \t\treturn m_setters.get(style);
Jb,jb_2,10,,,"Pi,akU",36,15,,AbstractFighterCard is static and can't be unserialized. Need to be get from a provider. | FIghterCard can't be stacked | FIGHTER_CARD_USE | FIGHTER_CARD_EQUIP | Impossible d'ajouter un effet pour la carte  |  : type de parent invalide :  | Unable to copy AbstractFighterCard | Unable to clone AbstractFighterCard
Jd,jd_0,10,,,,11,8,UiEventBus,dofusarena.chat | /whisper  | /reply  | /resetPosition | /resetposition | chat.selectedView | input | error.chat.floodDetected
KA,ka_2,10,,Thread,axx_0,24,41,,ConnectionHandler- | L'argument 'eventsHandler' ne doit pas \u00c3\u00aatre nul | ConnectionWriter- | Exception raised :  | createConnection exception :  | read exception :  | key exception :  | Unhandled operation ! 
Ky,Ky,10,,aFe,"ec_0,Runnable",46,13,,LUA | script | .lua | Impossible de charger le fichier  | Le Script de [ | ] n'existe pas | Command :  | Le Script de commande [
MK,mk_1,10,,gd_2,arQ,52,13,,userPreferences.properties | gamePreferences | hardwareManager | Impossible d'initialiser la WorldScene car elle n'a pas \u00e9t\u00e9 cr\u00e9\u00e9e ! | Erreur lors du resomePostDiagnosticLoading :  | exception sur onContentInitializerStart | Exception lors du nettoyage des mobiles | Exception lors du nettoyage du TextureManager
ML,ml_0,10,,,"Sz,aho_0,nz_0",36,16,,chat.dialogView | input | history | filtersList | channelsList | currentChannel | privateName | currentChannelName
MV,mv_1,10,,nI,"anw_2,aej_0",69,12,,"Erreur d\u00e9tect\u00e9 dans le match d'id  |  : On passe en mode observation sans \u00eatre en mode placement ! | Dans le match d'id  | , tour n\u00b0 | , nombre de fighters \u00e9gal \u00e0  | , putFighterOffPlay du fighter  | Impossible de lancer un sort dans le match d'id  |  : Spell \u00e9gal \u00e0 null."
Mq,mq_0,10,,,atG,6,2,NetworkMessage,error.mail.mailboxFull | newMailDialog | mailbox.newMail | receiverId | mailbox.mail | cards
NL,nl_0,10,,,aho_0,8,16,,mapSize | miniMapX | miniMapY | eliteBonus | evolutionBonus | name | eliteDropBonus | evolutionMapBonus
Na,na_1,10,,air_1,"JG,acw_1,anf_2,Comparable",82,22,,"Object is already checked-in | Tentative d'ajout un element null \u00e0  | On ne peut pas se d\u00e9finir soi-m\u00eame en parent | Tentative d'ajout d'une apparence  |  \u00e0 un  | pas de factory trouv\u00e9e pour  | Exception | L'event est null, impossible de le traiter"
OW,OW,10,,adl_0,aho_0,7,14,,initialXpGained | moraleBonus | goodRestBonus | itemBonus | totalXpGained | totalXp | morale | moraleModificationForProgressBar
PG,pg_1,10,,,atG,6,2,ItemExchangeCardRemovedMessage ItemExchangeUserReadyMessage NetworkMessage,error.exchange.uniqueCardAlreadyExists | error.exchange.linkedCard
Pn,pn_0,10,,do_1,ov_1,13,8,,DEMON_CHALLENGE | _BEGIN | Action performed on interactive element :  | null | [GameDesign] un D\u00e9monChallenge poss\u00e8de 4 param\u00e8tres | interactiveBubbleDialog | 1_AnimParlotte | challenge.accept
Po,po_0,10,,abb_1,,11,12,NetworkMessage,menuBar.teamManagementButton | menuBar.coachInventoryButton | menuBar.ladderButton | menuBar.statisticsButton | menuBar.randomFightButton | menuBar.tutorialButton | menuBar.socialButton | menuBar.achievementButton
QE,qe_0,10,,,cn_1,44,36,,debug | Exception | can't define a null cell as the destination | no TopologyMapInstanceSet defined | invalid m_moverHeight | invalid m_moverJumpCapacity | invalid m_moverPhysicalRadius :  | no PathFinderParameters defined
Qc,qc_0,10,,Enum,ye_0,20,5,,EAST | SOUTH_EAST | SOUTH | SOUTH_WEST | WEST | NORTH_WEST | NORTH | NORTH_EAST
RB,rb_2,10,,,atG,6,1,CoachEquipmentUpdateMessage CoachInventoryUpdateMessage NetworkMessage,graveyardDialog | evolutionDialog
RF,rf_0,10,,aht_1,"Fc,px_2",125,73,,List | horizontalScrollBar | verticalScrollBar | align | adaptCellSizeToContentSize | autoIdealSize | cellSize | content
Rp,rp_0,10,,auT,afs,33,7,,"methodName | parameterNames | parameterTypes | returnTypes | staticMethod | thrownExceptions | eval | SNO: Loaded class does not declare method \"""
Rt,rt_2,10,,,RE,10,1,,onConnectionClose | onConnectionError isConnected= |  isRetrying= | onConnectionHandlerCreationError | onConnectionHandlerInLoopError | onConnectionHandlerInitializationError | onConnectionRecovered | onNewConnection
SW,sw_1,10,,,cn_1,68,44,,evolution | graveyard | legend | Erreur lors du checkOut d'un  | Exception dans le release de  |  (normalement impossible...) | Selection d'un combattant de l'\u00e9quipe d'id  |  de mode de jeu d'id 
TQ,tq_1,10,,,,17,4,UiEventBus,dofusarena.cardMaster | cardMasterTrade | cardMasterCardsPrice | canBuyCards | localCoachCardsContainer | coachInventory.undestructibleCard | itemToSplit | splitCardMasterTradeDialog
TY,ty_1,10,,alz,,3,5,AssetBinaryReader AssetBinaryWriter,"Argument 0 for @NotNull parameter of com/ankamagames/baseImpl/graphics/alea/environment/DynamicElementDef.load must not be null | Argument 0 for @NotNull parameter of com/ankamagames/baseImpl/graphics/alea/environment/DynamicElementDef.save must not be null | SoundDef{m_id= | , m_gfxId= | , m_type= | , m_direction="
Te,Te,10,,axD,aho_0,16,15,,name | level | fighters | totalVictories | totalDefeats | consecutiveVictories | rankIconUrl | coachSpellInventory
Tm,Tm,10,,,eo_2,25,21,,name | category | group | shortcut | consoleCommand | rebindAllowed | alwaysValid | altKey
UI,UI,10,,,axm_0,119,34,,line.separator | VISITING | VISITED | ant.version | ant.core.lib | ant.project.name | Basedir  |  does not exist
VV,vv_2,10,,,aho_0,24,23,,position | level | rankIconUrl | rankName | coachName | guildName | teamName | consecutiveVictories
WM,wm_2,10,,,bc_1,10,6,,must pass one non null stream | could not close stream {}: {} | attempting to open already open handler: {} | do not support read/write mode for Java IO Handlers | No OutputStream specified for writing: {} | No InputStream specified for reading: {} | Invalid flag passed to open: {} | Got IO exception reading from stream: {}; {}
WN,WN,10,,,aho_0,12,14,,selected | coachCards | iconUrl | typeStyle | typeIconUrl | description | activated | forbidden
XZ,xz_0,10,,zK,aho_0,16,11,,allFighters | fightersOnBench | graveyardFighters | legendaryFighters | legendaryFightersOnBench | teamLeague | graveyardValue | legendaryValue
Xb,xb_2,10,,aJj,"el_2,cn_1,eU",115,40,,"On essaye de release un RunningEffect encore r\u00e9f\u00e9renc\u00e9 refCount= | Double release sur un  |  hashCode :  | Exception dans le release de  |  normalement impossible |  on veut calculer un effet qui a besoin d'une cible, sans cible :  | on veut calculer un effet qui a besoin d'un caster, sans caster :  | on veut calculer un effet qui a besoin d'une cellule cible, sans cellule cible : "
Xx,xx_2,10,,do_1,,10,7,UiEventBus,"null | [GameDesign] Impossible d'initialiser le laboratoire de fusion d'id  |  : Mauvais nombre de param\u00e8tres, diff\u00e9rent de  |  : D\u00e9finition de laboratoire de fusion d'id  |  non trouv\u00e9e. | fusionLab | Action performed on interactive element :  | fusionTrade"
YF,yf_1,10,,,LM,4,7,,animatedCursor | delay | type | cursorFrame | path | Probl\u00e8me \u00e0 la lecture d'un AnimatedCursor | add | ).a(ga)).append(
Yp,yp_2,10,,fv,"aho_0,Comparable",18,20,,name | description | backgroundDescription | iconUrl | illustrationUrl | cardType | value | actionPoints
Yt,yt_1,10,,adg_2,"aac,ajb_0,ayi,wS",57,29,,text | align | justify | font | brightenColor | darkenColor | horizontalAlignment | verticalAlignment
Zb,Zb,10,,ug_0,"ajb_0,and_0,ayi",31,20,,Appearance | ScrollContainerAppearance | SliderAppearance | ScrollBarAppearance | TextEditorAppearance | WindowAppearance | PopupMenuAppearance | DEFAULT
Zq,Zq,10,,avg,Cloneable,23,13,,")) : cda,  | beginToken must not be empty | endToken must not be empty | Could not read filters from file  |  as it doesn't exist. | Reading filters from  | Could not read filters from file:  | Must specify a file rather than a directory in the filtersfile attribute:"
Zw,zw_2,10,,alp,agk_1,81,1,,underlying native object already deleted | codec= | time base= | frame rate= | pixel type= | width= | height= | sample rate=
aAN,aAN,10,,,anf,19,5,,Exception | Impossible de parser le document  | Fichier non trouv\u00e9 :  | Exception :  | Probleme pendant la sauvegarde d'un fichier XML. | #text | #comment | #cdata-section
aBC,aBC,10,,,,56,1,UiEventBus,dofusarena.coachManagement | localCoach | name | error.coachCreation.invalidName | Formulaire invalide | exchangeDialog | exchange.cardTrade | zaapDialog
aBS,abs_0,10,,,"ajh_0,axm_0,hb_1",63,35,,openvms | **/CVS | **/CVS/** | **/.cvsignore | **/SCCS | **/SCCS/** | **/vssver.scc | **/.svn
aCX,acx_0,10,,,apG,7,3,,"Impossible de lire l'image  | Exception | pas de texture  | null | doc.getTexture(\"" | try { | \tURL url = new URL(\"" | } catch (MalformedURLException e) {}"
aDG,adg_2,10,,na_1,"aci_0,and_0",158,92,,size | prefSize | maxSize | expandable | shrinkable | greedy | focusable | focused
aDd,add_1,10,,,"amn_1,anf_2,ayy_0",117,73,,xulor | tooltipsDisplay | tooltipsDuration | # XULOR INFOS # | - loadedElementCount =  | - loadedElements = \n | Le package  |  est inconnue !
aDn,adn_1,10,,,aho_0,17,24,,list1vs1 | list2vs2 | listGuild | listTournamentInTheMonth | listTournamentInTheTrimester | listTournamentInTheYear | listReputation | listGuildDemon
aEz,aez_0,10,,amg_1,"cl_1,hy_0,adq_2,afJ,aho_0,aox_2",107,89,,coach | name | sex | hairIndex | hairColor | skinColor | actorDescriptorLibrary | actorLinkage
aFe,aFe,10,,,zt_1,18,9,,Impossible d'ouvrir un stream pour le fichier  | file | jar | Exception | Impossible de pr\u00e9charger le contenu de  |  depuis une URL(tentative depuis un fichier | PRELOAD  | : cacheSize=
aHh,aHh,10,,,"Du,qq_1,xw_0,aFy,aGf,aog_2,amw_0,arp_0",148,79,,AnimStatique | AnimHit | transform | Exception | Unable to load equipment | on veut appliquer un equipemnt depuis un path null | Argument 0 for @NotNull parameter of com/ankamagames/baseImpl/graphics/alea/animatedElement/AnimatedElement.applyParts must not be null | Argument 0 for @NotNull parameter of com/ankamagames/baseImpl/graphics/alea/animatedElement/AnimatedElement.removeParts must not be null
aIj,aij_0,10,,,aho_0,15,24,,cheapSets | expensiveSets | specialSets | evolutionSets | zaapSets | fireworkSets | fightSets | tomeManager
aJd,aJd,10,,,aho_0,14,15,,exchangeId | localCardExchange | cardMasterCardExchange | localCardCount | localCardsPrice | cardMasterCardsPrice | selectedCard | canBuyCards
aL,aL,10,,Thread,in_2,40,28,,unknown error | AL_INVALID_NAME | AL_INVALID_ENUM | AL_INVALID_VALUE | AL_INVALID_OPERATION | AL_OUT_OF_MEMORY | OpenAL error :  | SoundManager
aLb,aLb,10,,,cn_1,34,18,, SenderId :  |  SenderName :  |  SenderGame :  |  ReceiverId :  |  ReceiverName :  |  DeletedByReceiver :  |  DeletedBySender :  |  Read : 
aLe,ale_1,10,,dm_1,akm,5,1,,execute | Could not load  | setLocation | axc | Error setting location in  | setProject | Error setting project in  | Error in 
aMK,aMK,10,,,rk_0,7,4,,Smiley | Emote | Culotte | Coiffure | Tatouages | Brassard | Bottes | Epaulette
aMf,amf_1,10,,,aEe,5,3,,Initializing hardware tests... | Erreur \u00e0 l'initialisation du test hardware  | Testing supported features... | Erreur pendant le test hardware  |  supported ! |  not supported ! | Cleaning up hardware tests... | Erreur pendant le cleanup du test hardware 
aOW,aOW,10,,,ja_1,1,0,CreateFighterInformationRequestMessage DeleteFighterInformationRequestMessage OutputOnlyProxyMessage,teamLoadDialog | fileLoaded
aOb,aob_2,10,,,aho_0,32,76,,noPeriod | day | week | month | year | calendar | monthesList | selectedMonth
aPc,apc_1,10,,aht_1,ayi,45,35,,progressBar | horizontal | fullCirclePercentage | deltaAngle | maxBound | minBound | displayType | useIncreaseProgressTween
aY,ay_0,10,,aht_1,"Fc,px_2",46,25,,StackList | innerExpandable | clickSoundId | innerNonBlocking | content | horizontal | selected | selectedValue
aaZ,aaz_2,10,,aht_1,"Fc,ajb_0,px_2",56,47,,table | button | directSortButton | indirectSortButton | oddCell | evenCell | scrollBar | mouseOver
acq,acq,10,,rp_0,cy_2,8,1,,java.lang.Object | org | codehaus | commons | compiler | PrimitiveWrapper | wrap | ank
acs,acs_1,10,,ur_0,StyleSetter,4,2,,doc | element | applyStyle | method | package  | import  | public class  |  implements StyleSetter {
adc,adc_0,10,,,ro_2,2,2,,rememberLastLogin | lastLogin | lastServer | saveReplays | activateParticles | specialDeckEquipedCards | shadersActivated | shadersEnabled
aea,aea_1,10,,,aho_0,7,15,,isSelected | name | description | descriptionDone | conditions | completion | points | iconUrl
afL,afl_0,10,,,yw_1,61,17,,Ajout d'un client \u00e0 une propri\u00e9t\u00e9 qui le contient d\u00e9j\u00e0 :  | On essaye de r\u00e9cup\u00e9rer une propri\u00e9t\u00e9 enfant avec un nom null ! | Impossible de trouver la m\u00e9thode prepend |  avec la classe  | Impossible de trouver la m\u00e9thode append |  dans  | Exception illegalArgument :  | [fieldProviderSynchronize] PropertyClientData avec un element null : field = 
afS,afs_0,10,,,aeo_2,3,3,,JupeVetement | Jupe2Vetement | Ceinture | CheveuxBas | CheveuxHaut | CheveuxArriere | Natte | CorpsHabit
afZ,afz_0,10,,,aho_0,15,18,,isSelected | name | xpLimit | description | helpDescription | illustrationUrl | achievementLinkedCompleted | selectedChallenge
afk,afk_1,10,,cr_2,"kd_1,wb_2",39,22,,cache. | algorithm. | comparator. | Cache must be set. | Algorithm must be set. | Cache must be proper configured. | Algorithm must be proper configured. | cache.properties
aiA,aia_0,10,,,,20,1,UiEventBus,dofusarena.guild | guildCreationName | guildCreationDialog | guild.error.invalidName | guild | guildCanPromote | guildCanDepromote | error.chat.userNotFound
aiR,air_1,10,,,JG,63,19,,include | includeId | templateId | atlas | TAG | Erreur lors de la r\u00e9cup\u00e9ration du tag de  | Impossible de trouver l'attribut  |  pour 
ait,ait_0,10,,,"JG,apc_0",37,21,,"La connexion a \u00e9t\u00e9 ferm\u00e9e, ou la fermeture est d\u00e9j\u00e0 programm\u00e9e (aboutToClose= | , cleanClose= | Tentative de lecture sur une Connection sans SocketChannel. | Tentative de lecture sur une Connection avec un SocketChannel dans l'\u00e9tat connected= |  open= | Impossible d'agrandir le buffer d'entr\u00e9e: | Impossible de lire : la connexion a \u00e9t\u00e9 perdue. [ | Tentative d'\u00e9criture sur une Connection sans SocketChannel."
ajR,ajr_2,10,,,rk_0,4,5,,Modifie le budget | Modifie le nombre minimum de combattant | Modifie le nombre maximum de combattant | Sort interdit | Equipement interdit | Sort autoris\u00e9 | Equipement autoris\u00e9 | Interdit tous les sorts
ajT,ajt_1,10,,,aho_0,17,18,,fusionHelp | localCardExchange | fusionCard | localCardsPrice | resultCard | slotCount | labPower | kardsPower
akZ,akz_1,10,,,ro_2,2,2,,language | resolution | musicVolume | ambianceSoundsVolume | uiSoundsVolume | musicMute | ambianceSoundsMute | uiSoundsMute
alX,alX,10,,ii_2,"px_0,af_2",16,1,,Previously registered JMXConfigurator named [ | ] in the logger context named [ | Unexpected MalformedURLException occured. See nexted cause. | Could not find [ | Resetting context:  | Context:  |  reloaded. | Trying to set level 
anA,ana_0,10,,aht_1,"oc_0,ie_1",44,39,,multipleImage | internalPopup | internalPopupTextView | modulationColor | imagePath | manualInnerMove | useInnerMoveTween | shrinkToImageWidth
aoP,aop_1,10,,cr_2,wb_2,8,7,,expression | text | casesensitive | ignorewhitespace | {containsselector text:  |  casesensitive:  | true | false
apP,app_0,10,,,aLH,27,11,,checkOut | get | set | prepend | append | new  | onCheckOut | Impossible de trouver de constructeur pour les types : 
aqq,aqq_0,10,,aht_1,"oc_0,aac,ajb_0,wS",36,23,,Button | text | align | font | modulationColor | textOrientation | texture | pixmapAlign
arB,arb_0,10,,avp_0,,6,2,NetworkMessage,demonAffiliationTrade | coachInventory.undestructibleCard | localCardExchange | localCardsPrice | canBuyCards | coachManagement.currentSet | error.exchange.tooMuchCard | splitDemonAffiliationTradeDialog
arH,arh_0,10,,,Iterable,18,11,,Cellule de longueur invalide :  | PathFindResult s\u00e9rialis\u00e9 de longueur louche :  | Trying to get a path step not within the bounds length =  |  stepIndex =  | ).append(nArray[0]).append( | ).append(nArray[1]).append( | ).append(nArray[2]).append( | not found
arN,arN,10,,,"Bk,acs_0,Serializable,od_1",90,10,,"The level of the root logger cannot be set to null | Child name [ |  passed as parameter, may not include [ | For logger [ | ] child name [ |  passed as parameter, may not include '.' after index | Unknown FilterReply value:  | Logger["
asC,asc_0,10,,aht_1,Fc,20,19,,tournament | cellSize | content | hgap | vgap | Arone | Khalim | Tessaran
asL,asL,10,,cj_2,,3,0,AssetBinaryReader,"Buffer == null. Did you forget to call Read ? | DXT1 | DXT2 | DXT3 | DXT4 | DXT5 | Unsupported format  | Exception, e"
atg,atg_0,10,,aht_1,oc_0,37,35,,Slider | horizontalButton | verticalButton | horizontalSeparator | verticalSeparator | readOnly | useTween | horizontal
atu,atu,10,,,aho_0,16,11,,position | rating | coachName | guildName | style | LadderFirst | LadderSecond | LadderThird
auT,auT,10,,avj_0,akb_1,14,6,,"Zero implemented types must be specified as \""new Class[0]\"", not \""null\"" | Unexpected token \"" | \"" in default import | import | SNO: Generated compilation unit does not declare class \"" | auT | Must not be called on derived instances | Class is abstract, an interface, an array class, a primitive type, or void; or has no zero-parameter constructor"
auU,auU,10,,,,38,10,AssetBinaryReader,Invalid path :  | Can't set worldId if not using constant world. See TopologyMapManager.enableConstantWorld for more informations | Can't get worldId if not using constant world. See TopologyMapManager.enableConstantWorld for more informations | ) && string.endsWith( | Unable to create map ( | Can't loadMap without giving worldId if not using constant world. See TopologyMapManager.enableConstantWorld for more informations | Can't getMap without giving worldId if not using constant world. See TopologyMapManager.enableConstantWorld for more informations | Can't getMapFromCell without giving worldId if not using constant world. See TopologyMapManager.enableConstantWorld for more informations
auY,auY,10,,,aho_0,42,25,,title | description | descNormal | descRepro | types | selectedType | ReportBug.graphismeMapSon | ReportBug.interfaceTextTraduction
aug,aug,10,,,,13,1,UiEventBus,dofusarena.calendar | itemOver | calendar.fullEventList | itemSelected | registerToTournament | cardNeededToRegister | saveProfileQuestion | calendar
avE,avE,10,,,"JG,xt_0,nz",77,50,,"Exeption lev\u00e9e | Il n'y a aucune source \u00e0 lib\u00e9rer, mais on n'arrive pas \u00e0 r\u00e9server de voix | Impossible d'assigner suffisament de voix \u00e0 cette Source. | Impossible de cr\u00e9er un buffer suppl\u00e9mentaire. | Impossible de cr\u00e9er une source audio suppl\u00e9mentaire. | Processed buffers > 4 :  | Exception  | Exception"
avF,avF,10,,,aho_0,6,11,,events | day | month | style | hasMoreEventsToShow | calendarToday | calendarDayDefault | calendarDayGrey
avj,avj_0,10,,aem_2,WU,15,9,,"org.codehaus.janino.source_debugging.enable | -help | Usage: |     org.codehaus.janino.SimpleCompiler <source-file> <class-name> { <argument> } | Reads a compilation unit from the given <source-file> and invokes method | \""public static void main(String[])\"" of class <class-name>, passing the. | given <argument>s. | Source file and/or class name missing; try \""-help\""."
avv,avv_0,10,,,,138,2,UiEventBus,dofusarena | account.name | account.password | proxy.selected | account.remember | error.connection.invalidLogin | Formulaire invalide | notEnoughMembersDialog
awj,awj,10,,,aho_0,17,12,,position | guildName | quarterlyReputationPoints | differentialQuarterlyReputationPoints | monthlyReputationPoints | style | LadderFirst | LadderSecond
axb,axb_0,10,,,aho_0,12,10,,position | name | bossName | strength | style | LadderFirst | LadderSecond | LadderThird
axw,axw,10,,aJj,"JG,aml_2,abr_1,aii_0,rG",84,24,,mainLog.fightLog | Exception dans le release de  |  normalement impossible. | Pas d'opposant dans le match d'id  |  : Opponents \u00e9gal \u00e0 null. | Mauvais nombre d'opposants dans le match d'id  |  : Opponents \u00e9gal \u00e0  | Mauvais nombre de combattants dans l'\u00e9quipe d'id 
ay,ay,10,,,,15,2,UiEventBus,dofusarena.mail | mailbox.mail | newMailDialog | cardInventory | mailbox.newMail | mail.mustHaveValidReceiver | error.mail.mailboxFull | error.mail.noReply
ayB,ayb_0,10,,,aho_0,15,10,,position | name | points | style | LadderFirst | LadderSecond | LadderThird | LadderLocalCoach
ayr,ayr_0,10,,ajM,aho_0,48,88,,Spell | Bonus | Malus | Summon | Barrier | Teleport | Item | DeadEndType
azK,azk_0,10,,alp_2,oc_0,43,32,,poissonDisk | map | internalPopup | internalPopupTextView | internalPopupTextEditor | internalPopupValid | internalPopupCancel | mapPath
azc,azc_0,10,,adg_2,"oc_0,ie_1",34,16,,Image | align | displayShape | displaySize | flipHorizontaly | flipVerticaly | keepAspectRatio | modulationColor
azg,azg_0,10,,jm_0,aho_0,15,5,NetworkMessage,fighters | currentTableTurn | nextTableTurn | timelineSize | fight.timeline | fight.timeline.currentFighter
bK,bk_2,10,,avg,"mx_2,Cloneable",33,5,,java.class.path | sun.boot.class.path | user.dir | dropping  |  from path as it doesn't exist | Dropping path element  |  as it is not valid relative to the project | last
bx,bx_2,10,,,"FocusListener,KeyListener,MouseListener,MouseMotionListener,MouseWheelListener,GLEventListener",54,37,,Unable to call enableVSync if m_gl is not initialised! Did you call it before Renderer::Init ? | Renderer.init started | Renderer.init ended | Exception | Throwable dans le process du renderer :  | Reason :  | Argument 0 for @NotNull parameter of com/ankamagames/framework/graphics/opengl/Renderer.requestScreenShot must not be null |  Impossible d'enregistrer un ScreenShot dans 
dD,dd_1,10,,aht_1,"ajb_0,ayi,wS",32,26,,progressText | \u00af | displayValue | font | horizontal | maxBound | minBound | splitText
dm,dm_0,10,103,qr_2,,2,0,,
eI,ei_0,10,,,rk_0,6,5,,"vitesse de course normale | 300ms/cell, 7.5 frames \u00e0 25fps | vitesse de marche normale | 600ms/cell, 15 frames \u00e0 25fps | vitesse de marche lente | 1000ms/cell, 25 frames \u00e0 25fps | vitesse de marche tr\u00e8s lente | 1200ms/cell, 30 frames \u00e0 25fps"
ec,ec,10,,,aho_0,15,10,,position | demonName | quarterlyReputationPoints | guildName | style | LadderFirst | LadderSecond | LadderThird
fh,fh_2,10,,,alx_0,17,8,NetworkMessage,"Exception lev\u00e9e lors du traitement d'un message :  | L'entit\u00e9 destinataire du message n'a pas de frames, message :  | [DEFAUT DE CONCEPTION] Message ( | ) non trait\u00e9, de type  | , les frames ont toutes retourn\u00e9 true | Frames in "
fn,fn_0,10,,,,36,1,UiEventBus,dofusarena.tournaments | selectedTournamentEvent | defaultCalendar | tournamentCreationName | tournamentCreationDescription | errorNoNameOrDescription | customFightProfileDetailsDialog | tournamentTreeDialog
gC,gC,10,,,,25,10,AssetBinaryReader,faut pas d\u00e9conner non plus un short \u00e7a suffit pour la taille du monde | ) && string.endsWith( | Il faut d'abord appeler setMapFactory | version de map d'enviornenemt client incorrect | Argument 0 for @NotNull parameter of com/ankamagames/baseImpl/graphics/alea/environment/EnvironmentMapManager.loadMap must not be null | Argument 1 for @NotNull parameter of com/ankamagames/baseImpl/graphics/alea/environment/EnvironmentMapManager.loadMap must not be null | Argument 0 for @NotNull parameter of com/ankamagames/baseImpl/graphics/alea/environment/EnvironmentMapManager.loadDynamicDataFrom must not be null | chargement d'une map d\u00e9j\u00e0 charg\u00e9e  
gz,gz_2,10,,,bc_1,7,1,,Initializing file protocol handler without file | Initializing file protocol handler: {} | Closing file: {} | Error closing file: {} | Succesfully closed file: {} | attempting to open {} with flags {} | Opening file: {} | Invalid flag passed to open: {}
ho,ho_0,10,,ug,aho_0,8,11,,title | message | date | sender | cards | receiver | receiverId | read
ij,ij,10,,,"SQ,aho_0",8,11,,minimum | maximum | name | coachCardCost.all | coachCardCost.lessThan | coachCardCost.moreThan | coachCardCost.from | coachCardCost.to
jQ,jq_1,10,,,LM,4,6,,tooltip | borderWidth | backgroundColor | textColor | borderColor | font | new  | ).append(this.rF).append(
jk,jk_1,10,,,aho_0,19,51,,spellCategories | breedCategories | equipmentCategories | fightBudgetCategories | fightTimeCategories | arenaCategories | summary | profiles
kh,kh_0,10,,,bc_1,10,6,,must pass one non null stream | could not close stream {}: {} | attempting to open already open handler: {} | do not support read/write mode for Java IO Handlers | No OutputStream specified for writing: {} | No InputStream specified for reading: {} | Invalid flag passed to open: {} | Got IO exception reading from channel: {}; {}
ku,ku_2,10,,avp_0,,7,5,NetworkMessage,cardMasterTrade | coachInventory.undestructibleCard | localCardExchange | localCardsPrice | canBuyCards | coachManagement.currentSet | error.exchange.tooMuchCard | splitCardMasterTradeDialog
lj,lj_1,10,,adg_2,ayi,32,30,,AnimatedElementViewer | animatedElement | direction | filePath | equipment | animName | offsetX | offsetY
nh,nh_2,10,,,hR,3,4,,contentLoader.interactiveElements | Loading  |  interactive elements views... | Loaded view id= |  type= |  gfx= |  color= |  height=
ny,ny_1,10,,ClassLoader,afK,49,14,,ignore | Context loader has not been reset | only | build.sysclasspath | META-INF/MANIFEST.MF | UTF-8 | Class-Path | file
or,or_0,10,,,rk_0,4,2,,Avoir une carte dans son grimoire | Nombre de combats gagn\u00e9s en 20 \u00e0 25 minutes | Nombre de combats perdus en 20 \u00e0 25 minutes | Nombre de combats gagn\u00e9s en 25 \u00e0 30 minutes | Nombre de combats perdus en 25 \u00e0 30 minutes | Nombre de combats gagn\u00e9s en 30 \u00e0 35 minutes | Nombre de combats perdus en 30 \u00e0 35 minutes | Nombre de combats gagn\u00e9s en 35 \u00e0 40 minutes
pV,pv_1,10,,,,18,1,UiEventBus,dofusarena.customFight | selectedSpellCategory | selectedBreedCategory | selectedEquipmentCategory | selectedFightBudgetCategory | selectedFightTimeCategory | selectedArenaCategory | forbidden
qn,qn_2,10,,cj_2,,3,0,AssetBinaryReader,Buffer == null. Did you forget to call Read ? | DXT1 | DXT2 | DXT3 | DXT4 | DXT5 | Unsupported format  | DDSM file can't have mipmaps
qs,qs_2,10,,aba_2,"ala,eo_2,wi_1",76,29,,contents/gfx | contents/sounds | addReferences  |  fading= | removeReferences  | On ne peut pas trier plus de 8191 entit\u00e9s | pas de map topologique aux coordonn\u00e9es  | type de mur inconnu 
rD,rd_1,10,,,acx_1,51,12,,Argument 0 for @NotNull parameter of com/ankamagames/baseImpl/common/clientAndServer/game/time/calendar/GameDate.set must not be null | Argument 0 for @NotNull parameter of com/ankamagames/baseImpl/common/clientAndServer/game/time/calendar/GameDate.before must not be null | Argument 0 for @NotNull parameter of com/ankamagames/baseImpl/common/clientAndServer/game/time/calendar/GameDate.beforeOrEquals must not be null | Argument 0 for @NotNull parameter of com/ankamagames/baseImpl/common/clientAndServer/game/time/calendar/GameDate.after must not be null | Argument 0 for @NotNull parameter of com/ankamagames/baseImpl/common/clientAndServer/game/time/calendar/GameDate.afterOrEquals must not be null | Argument 0 for @NotNull parameter of com/ankamagames/baseImpl/common/clientAndServer/game/time/calendar/GameDate.add must not be null | Argument 0 for @NotNull parameter of com/ankamagames/baseImpl/common/clientAndServer/game/time/calendar/GameDate.sub must not be null | Onessaye de calculer une diff\u00e9rence \u00e0 partir d'une date nulle.
rl,rl_2,10,,,Serializable,10,24,,OFF | ERROR | WARN | INFO | DEBUG | TRACE | ALL | Level 
s,s_0,10,,,ain_0,29,21,,build.xml | -help | -version | -diagnostics | -quiet | -verbose | -debug | -noinput
sr,sr,10,,,aGm,1,2,,replay | popup(replayIdentificationCertificatePopup) | closePopup(replayIdentificationCertificatePopup) | style | replayIdentificationCertificateIcon | identificationCertificateInvalid | identificationCertificateValid | replayIdentificationCertificatePopup
sx,sx,10,,aht_1,"Fc,ajb_0",43,46,,tree | button | cell | openedCell | leafCell | selectedCell | oddCell | evenCell
tO,tO,10,,wq_2,aho_0,9,7,,name | description | iconUrl | illustrationUrl | cardType | eventsIconsPath | eventsIllustrationsPath | event
uP,up_0,10,,,rk_0,8,4,,AnimEmote-Applaudir | /clap | AnimEmote-Lire-Debut | /read | AnimEmote-Declaration | /declare | AnimEmote-Colere | /angry
uR,ur_1,10,,on_1,"cn_1,ie_1",31,17,,pixmap | Probl\u00e8me au borrowObject. | height | width | name | texture | position | rotation
ud,ud_1,10,,aht_1,gx_1,42,42,,TabbedContainer | tab | separator | backgroundTabsContainer | increaseButton | decreaseButton | tabsRadiogGroup | pixmapAlignment
uk,uk_0,10,,do_1,ov_1,10,5,,CHALLENGE_ | _BEGIN | Action performed on interactive element :  | interactiveBubbleDialog | 1_AnimParlotte | challenge.accept | challenge.refuse | null
vd,vd_2,10,,aen_1,aho_0,8,9,,name | rankLevel | rankIconUrl | canInvite | canRemove | canPromote | canDepromote | guildRankIconsPath
ve,ve_0,10,,jb_2,"aho_0,Comparable",18,21,,name | description | backgroundDescription | itemIconUrl | illustrationUrl | iconUrl | cardType | equipmentType
vg,vg,10,,,aho_0,19,19,,name | description | rules | openedSearch | coachLevel | illustration | tournamentLevelDescription | tournaments.tournamentSearchTimePeriod
wy,wy_2,10,,eb_1,"aho_0,Comparable",21,6,,uniqueId | quantity | globalQuantity | tomeStyle | barrierStyle | name | set | description
xj,xj,10,,oj_0,aho_0,13,50,,fighterColor | name | set | description | halfSetEffects | fullSetEffects | isHalfComplete | isComplete
xk,xk_1,10,,,abe_2,10,20,,os.name | os.arch | os.version | path.separator | windows | win9x | winnt | netware
yE,yE,10,,aht_1,Fc,31,23,,ComboBoxPlus | ComboBox | renderable | list | button | content | maxRows | selectedValue
zK,zK,10,,sw_1,aho_0,13,20,,name | selectedFighters | fighters | value | valueDetails | budgetDetails | isEditable | totalVictories
zL,zl_2,10,,,aGm,1,2,,replay | dofusarena.replay:playPause | playReplay | style | replayPaused | pausereplay | visible | tutorialMode
AO,ao_2,9,,,atG,6,1,NetworkMessage UiEventBus,npcTalkDialog | dofusarena.npcTalk | selectedTalkOption
Iz,iz_0,9,,,aho_0,25,13,,title | description | typeIcon | registrationButton | style | eventTypeIconsPath | eventDefault
Ld,ld_2,9,,,aep_0,4,5,,http://logback.qos.ch/codes.html#null_CS | default | Failed to auto configure default logger context | logback.ContextSelector | JNDI | Failed to instantiate [ | contextSelector cannot be null. See also http://logback.qos.ch/codes.html#null_CS
QA,qa_2,9,,,"Externalizable,Cloneable",55,3,,from cannot be greater than to | end index  |  greater than begin index  | begin index can not be < 0 | end index <  | cannot find maximum of an empty list | cannot find minimum of an empty list
RO,RO,9,,,"acg_2,alx_0",20,14,NetworkMessage,countdown | world | common | tutorial | fight
TP,TP,9,,avg,Cloneable,22,4,,An error occurred while reading from pattern file:  | Cannot append to a reference | Includesfile  |  not found. | Excludesfile  | patternSet{ includes:  |  excludes: 
TZ,tz_0,9,,,Serializable,25,15,,NULL_ARGUMENT_ARRAY_ELEMENT | argArray has been already set | threadName has been already set | ThrowableProxy has been already set. | The message for this event has been set already. | The level has been already set for this event. | The marker has been already set for this event.
UR,ur_0,9,,zp_1,BasicElementFactory,6,1,,getElement | method | package  | import  | public class  |  implements BasicElementFactory { | private Environment env;
Xu,Xu,9,,,aho_0,15,14,,name | selected | pipeInternalName | descSentence | displayable | colorString | command
Yx,yx_1,9,,DefaultHandler,aaa_1,21,1,,Parser configuration error occured | I/O error occurred while parsing xml file | Problem parsing XML document. See previously reported errors. Abandoning all further processing. | Parsing error on line  |  and column  | Parsing fatal error on line  | Parsing warning on line 
aBB,abb_1,9,,,atG,2,1,NetworkMessage,menuDialog | fightMenuDialog | reportBugDialog | mailboxDialog | optionsDialog
aFw,afw_2,9,,,,14,6,AssetBinaryReader AssetBinaryWriter,AlphaBitmapData ( | Exception | Version incorrecte: |  courante: | Pas d'insertion possible en tant que clef dans une HashMap/HashTable
aIN,aIN,9,,,alx_0,3,0,NetworkMessage,msg.pos( | ) / lastpos( | ) / delta( | checkpoint( | Exception
aKN,akn_2,9,,,rk_0,7,3,,Toutes | Fran\u00e7ais | Anglais | Allemand | Espagnol | Italien | Portugais
aKU,aku_2,9,,,"Externalizable,Cloneable",55,3,,from cannot be greater than to | end index  |  greater than begin index  | begin index can not be < 0 | end index <  | cannot find maximum of an empty list | cannot find minimum of an empty list
aaG,aaG,9,,,wb_2,11,7,,"Either the millis or the datetime attribute must be set. | Date of  |  results in negative milliseconds value |  relative to epoch (January 1, 1970, 00:00:00 GMT). |  Cannot be parsed correctly. It should be in |  MM/DD/YYYY HH:MM AM_PM |  format."
acQ,acq_1,9,,aqk_0,gx_2,12,9,,tokenchar | begintoken | Begin token cannot be empty | endtoken | End token cannot be empty | token | propertiesfile
ack,ack_1,9,,,"JG,kc_2,Pi,tl_2,ace_2",107,27,,contexte non initialis\u00e9 | impossible | caract\u00e9ristique inexistante | Teleport de BasicEffectArea non impl\u00e9ment\u00e9 | m_area est null | Exception levee lors de l'execution des effets d'une zone | appel d'un param\u00e8tre inexistant : 
alz,alz,9,,,azi_0,3,4,AssetBinaryReader AssetBinaryWriter,Argument 0 for @NotNull parameter of com/ankamagames/baseImpl/common/clientAndServer/alea/environment/ElementDef.load must not be null | Argument 0 for @NotNull parameter of com/ankamagames/baseImpl/common/clientAndServer/alea/environment/ElementDef.save must not be null | ElementDef{m_x=
aoZ,aoZ,9,,,adX,5,1,,Impossible de charger une bulle | text | container | coloredContainer | image | BubbleArrowLeft | BubbleArrowRight
au,au_1,9,,,atG,6,2,NetworkMessage,guild | guildCanAffiliate | ladderInformation.demon | demonAffiliationSuccessfull | cardmaster.exchange.error
avg,avg,9,,aat_0,Cloneable,21,2,,No Project specified | Class  |  is not a subclass of  |  doesn't denote a  | You must not specify more than one attribute when using refid | You must not specify nested elements when using refid | This data type contains a circular reference.
axE,axe_0,9,,NetworkMessage,,14,5,NetworkMessage,"ClockMessage clockId= | , subClockId= | , timestamp="
bP,bp_2,9,,cr_2,wb_2,6,4,,expression | {containsregexpselector expression:  | Invalid parameter  | The expression attribute is required | Could not get InputStream from  | Could not read  | Could not close 
gN,gn_1,9,,arr,,6,9,NetworkMessage,"Erreur lors d'un checkOut sur un message de type StatisticsReportSaveRequest :  | INSERT INTO tbl_dynamic_statistics(statistics_model_id,statistics_report_id,statistics_report) VALUES(?,?,?); | delete from tbl_dynamic_statistics where statistics_report_id = ?; | UPDATE tbl_dynamic_statistics SET statistics_report=? WHERE statistics_model_id=? AND statistics_report_id=?; | Update result is not an update count | Erreur lors de la sauvegarde : updateCount attendu=1, retourn\u00e9= | Exception : "
iN,iN,9,,,ov_1,3,3,,event | button | rotation | value | keyChar | keyCode | modifiers
jG,jg_0,9,,,"Externalizable,Cloneable",55,3,,from cannot be greater than to | end index  |  greater than begin index  | begin index can not be < 0 | end index <  | cannot find maximum of an empty list | cannot find minimum of an empty list
lg,lg_0,9,,,atG,7,3,ItemExchangeInvitationAnswerMessage ItemExchangeInvitationMessage NetworkMessage,menuBar.tutorialButton
mG,mg_0,9,,,atG,6,2,NetworkMessage,fireworkDialog | dofusarena.firework | fireworkLauncher | coachManagement.currentSet | error.cardIsNotFirework
mM,mm_0,9,,,"Externalizable,Cloneable",55,3,,from cannot be greater than to | end index  |  greater than begin index  | begin index can not be < 0 | end index <  | cannot find maximum of an empty list | cannot find minimum of an empty list
pS,ps_0,9,,,"Externalizable,Cloneable",55,3,,from cannot be greater than to | end index  |  greater than begin index  | begin index can not be < 0 | end index <  | cannot find maximum of an empty list | cannot find minimum of an empty list
sf,sf_1,9,,zp_1,ThemeLoader,5,1,,doc | initTheme | method | package  | import  | public class  |  implements ThemeLoader {
tp,tp_1,9,,aiu_0,"mg_2,axu_0",22,12,,"AnimTrans_ | AnimStatique_ | Func_ | End | Exception lev\u00e9e du retour d'un objet dans son pool :  | L'objet ne peut retourner dans un pool, il n'a pas \u00e9t\u00e9 initialis\u00e9 | AnimStatique"
tu,tu_1,9,,,,25,7,FightCreationMessage,error.loading | replayIdentificationCertificateIcon | replayIdentificationCertificateText | common | world | fight | tutorial
yq,yq_2,9,,,atG,10,3,NetworkMessage,enterSpectatorMode | fightInvitation.training | exchange.invitation | whispToCoach | guild.addGuildMember
AH,ah_1,8,,,aho_0,12,12,,firstRound | quarterFinal | semiFinale | finale | winner | coachNameHighlighted
Aa,aa_0,8,,uc_1,,4,0,,prepare | mobileId | actAsButton | duration | closeOnClick | onEndFunc | bubbleId | Le mobile n'existe pas 
Bc,Bc,8,,,,29,8,,org.apache.tools.ant.taskdefs.optional.Test | Access to this property blocked by a security manager | Invalid implementation version between Ant core and Ant optional tasks.\n core    :  | ant.home | lib | Could not create an XML Parser | ------- Ant diagnostics report ------- | Implementation Version
Be,be_1,8,,uc_1,,4,0,,"removeEventListener | dialog | , aos_1.elS, false), new LX( | Dialogue inconnu  | ElementDispatcher inconnu  |  dans le dialog  | MOUSE_CLICKED_AND_DOUBLE_CLICKED | Type d'evnement inconnu "
Bo,bo_1,8,,,atG,6,1,NetworkMessage TeamMateSetReadyForPlacementRequestMessage,singleCardData | fightPresentationDialog
Bz,bz_1,8,,,,4,1,,"nombre de param\u00e8tres attendus :  | . Trouv\u00e9s :  | Impossible de convertir la valeur donn\u00e9e | IllegalArgumentException : method= | , parametres= | La m\u00e9thode prend  |  param\u00e8tres | Impossible de convertir la valeur donn\u00e9e (attendu = "
CJ,cj_0,8,,,atG,6,2,NetworkMessage UiEventBus,selectedChallenge | challengeDialog
DS,DS,8,,,,56,62,,includeId | path | form | include | templateId | templateRef | template | templateElement
EI,ei_1,8,,a_0,cn_1,20,12,,RowLayout | Probl\u00e8me au borrowObject. | hgap | vgap | horizontal | align
ES,es_2,8,,,,17,8,,"antlib:org.apache.tools.ant | ant:current | antlib: | ant-type | org.apache.tools.ant.ProjectHelper | META-INF/services/org.apache.tools.ant.ProjectHelper | ant.projectHelper | Unable to load ProjectHelper class \"""
Ei,Ei,8,,ks_2,aho_0,23,13,,breed | spheres | season | Une sphere est dissoci\u00e9e du Sphere Board :  |  sphereBoard :  | sphereBoardTokenPath
Fm,Fm,8,,DefaultHandler,,3,11,,commandList | commandSet | command | name | cmdPattern | argsPattern | allowNoArg | class
Ft,ft_2,8,,uc_1,,4,0,,showMonologue | mobileId | texts | xOffset | yOffset | funcOnTerminate | funcParams | bubbleId
Fu,Fu,8,,uc_1,,4,3,,moveMobile | mobileId | worldX | worldY | altitude | func | params | le mobile 
GA,ga_2,8,,,,59,13,,netware | dos | win9x | windows | user.dir |  is not an absolute path | .DIR | java.io.tmpdir
GN,GN,8,,,,89,3,,package | import | static | Identifier expected | class | CDCM | Class doc comment missing | interface
Gw,gw_1,8,,atu_0,,3,10,,void | byte | short | char | int | long | float | double
Hm,hm_2,8,,,,34,11,,add | addConfigured | aaT | addTask | addText | java.lang.String | set | create
Hs,Hs,8,,,,10,13,,"UTF-8 | Can only handle valid file: URIs, not  | .class | jar:file: | jar: | file: | java.net.URI | file:/"
Ht,Ht,8,,lJ,,48,23,,Tentative de d\u00e9s\u00e9rialisation d'un objet avec une version non prise en charge | effect_id | effect_action_id | effect_parent_id | effect_duration | effect_parent_type | effect_area_shape | effect_area_ordering_method
IV,IV,8,,,,12,5,AssetBinaryReader AssetBinaryWriter,Error while loading PlayList file :  | Error while saving PlayList file :  | Argument 0 for @NotNull parameter of com/ankamagames/baseImpl/graphics/alea/environment/PlayListManager.load must not be null | Argument 0 for @NotNull parameter of com/ankamagames/baseImpl/graphics/alea/environment/PlayListManager.save must not be null
Ip,ip_2,8,,,,12,10,,Exception lev\u00e9e lors d'un checkOut d'op\u00e9ration | Exception lev\u00e9e lors du retour au pool d'un process | Tentative d'insertion d'un Runnable null | Undefined operation ! :  | Inner latency generation interrupted | (Paranoia) Process null ?! | ProcessScheduler exception ( | ProcessScheduler exception (null process): 
Is,is_2,8,,uc_1,,4,0,,"addColorTween | dialogName | widgetId | duration | repeat | , aos_1.elU, true), new LX( | Dialogue inconnu  | EventDispatcher inconnu "
Iw,Iw,8,,,,7,9,,ant.home | ant.library.dir | .ant | lib | org.apache.tools.ant.Main | user.home | java.class.path | Ant home is set incorrectly or ant could not be located
JX,JX,8,,,,27,14,,"Erreur lors du chargement du script :  | , pas de donn\u00e9es. | , pas de stream ouvert. | Impossible de d\u00e9finir une variable de contexte pour un script | No file loaded | Tente de r\u00e9cup\u00e9rer une variable ( | ) alors que le script est ferm\u00e9 | Variable "
KH,kh_2,8,,Zb,cn_1,19,17,,mapAppearance | modulationColor | startX | startY | endX | endY
KI,KI,8,,,aho_0,20,12,,guild.name | guild.members | guild.canManage | guild.editableRanks | guild.demon | ladderInformation.demon
Ka,ka_0,8,,ii_2,,7,6,,"name | value | file | class | pattern | actionClass | line:  | , column: "
Kv,kv_2,8,,,atG,6,2,NetworkMessage,cardMasterTrade | cannotOpenUIWhenSearchingFight | cardmaster.exchange.successfull | cardmaster.exchange.error
LD,LD,8,,,,8,1,,"http://www.slf4j.org/codes.html#StaticLoggerBinder | http://www.slf4j.org/codes.html#null_LF | http://www.slf4j.org/codes.html#version_mismatch | http://www.slf4j.org/codes.html#substituteLogger | http://www.slf4j.org/codes.html#unsuccessfulInit | org.slf4j.LoggerFactory could not be successfully initialized. See also http://www.slf4j.org/codes.html#unsuccessfulInit | org/slf4j/impl/StaticLoggerBinder | Failed to load class \""org.slf4j.impl.StaticLoggerBinder\""."
LR,lr_0,8,,ahT,,12,7,,"No port was configured for appender |  For more information, please visit http://logback.qos.ch/codes.html#socket_no_port | No remote address was configured for appender |  For more information, please visit http://logback.qos.ch/codes.html#socket_no_host | Could not close oos. | Interrupting the connector. | Could not connect to remote logback server at [ |  We will try again later."
Li,li_0,8,,,,8,5,,primaryReader must not be null. | java.io.FilterReader |  does not extend java.io.FilterReader | java.io.Reader |  does not define a public constructor |  that takes in a Reader as its  | single argument. | aee
Lm,lm_0,8,,uc_1,,4,0,,loadDialog | dialog | chatDialog | menuBarDialog | menuBarEvolutionDialog | menuBarTutoDialog | menuBarTuto2Dialog | Ce dialogue n'est pas pris en charge
Ln,ln_0,8,,,,5,2,,EOF | FormatModifier | LITERAL | OPTION | KEYWORD | RIGHT_PARENTHESIS | LEFT_PARENTHESIS | UNKNOWN
MH,mh_2,8,,nv,,1,168,,Perte de point de vie | Perte de point de vie - Feu | Perte de point de vie - Terre | Perte de point de vie- Eau | Perte de point de vie - air | Vol de vie | Vol de vie - Feu | Vol de vie - Terre
Mu,mu_0,8,,ait_0,,15,11,,"Impossible de lancer la reconnexion, aucun ConnectionHandler n'est d\u00e9fini. | Limite de reconnexion d\u00e9pass\u00e9e. | Lancement de la proc\u00e9dure de reconnexion pour  | Exception lors de la reconnexion  | Tentative de reconnexion # | (Re)connexion instantan\u00e9e. | Impossible de cr\u00e9er un nouveau SocketChannel  | Exception lev\u00e9e "
Nf,nf_1,8,,uc_1,,4,0,,addCubicSplineTweenToMobile | mobileId | destX | destY | destZ | duration | startVectorX | startVectorY
Nw,nw_2,8,,,,44,22,,"SourceFile | Deprecated | InnerClasses | Invalid magic number | Unrecognized class file format version  |  is neither a class nor an array | Unexpected constant value type \"" | Constant pool has grown past JVM limit of 0xFFFF"
Ob,ob_1,8,,apf_0,,29,28,,Particle | alignment | file | followBorders | level | moveClockWise | speed | timeToLive
Oo,Oo,8,,ka_0,,5,0,,"resource | In <property> element, either the \""file\"" attribute alone, or the \""resource\"" element alone, or both the \""name\"" and \""value\"" attributes must be set. | substitutionProperty | [substitutionProperty] element has been deprecated. Plase use the [property] element instead. | name | value | file | Could not read properties file ["
PS,ps_1,8,,,aho_0,12,11,,exchangeId | localCardExchange | localCardCount | localCardsPrice | affiliationPrice | canBuyCards
Pb,pb_1,8,,jw_1,,6,3,AssetBinaryReader AssetBinaryWriter,anm/ | fightId | %s%d%s | Impossible d'interpr\u00e9ter le parametre pour runScript param=
Pc,pc_0,8,,,,8,4,,"no moverHeight defined | no jump capacity defined | startCellData and nextCellData can't be null | startCell indexes out of bounds | nextCell indexes out of bounds | startCellIndex out of bounds | incoming position is not valid :  | only one element on the cell, and can move through. We'll fall forever. Cell : "
Pw,pw_0,8,,ParseException,,3,5,,Erreur au parse d'une date | Variable  |  inconnue dans le FORMAT [  | Variables  |  sans s\u00e9parateur dans le FORMAT [  | DATE [ | ] incompatible avec le FORMAT [  | Parse impossible pour le FORMAT [ 
Py,py_2,8,,,aFD,29,6,,xuggler | url is already mapped:  | xuggler: | must pass in non-zero url | must pass in a non null handler | stream {} already unmapped; it was likely already opened
QX,qx_2,8,,agf_2,,10,5,,"rectangle or square | Carr\u00e9 plein | Taille d'un c\u00f4t\u00e9 (doit \u00eatre impaire) | Rectangle plein | Largeur (doit \u00eatre impaire) | Hauteur (doit \u00eatre impaire) | Param\u00e8tres invalides pour une AOE de type square : 1 \u00e0 2 param\u00e8tre attendu, 0 trouv\u00e9(s) | Param\u00e8tres invalides pour une AOE de type carr\u00e9 : 1 \u00e0 2 param\u00e8tre attendu, "
QY,qy_2,8,,avq_0,aho_0,14,8,,achievementsList | achievementTypesList | achievementsTotalPoints | achievementManager | selectedAchievementSubtype | achievementUnlocked
Qr,qr_0,8,,th_2,,8,22,,registrationEnabled | tournamentDescription | tournamentIllustration | tournamentStyle | tournamentSchedule | tournamentPhaseSchedule | tournamentRules | tournamentInscriptionCard
Rg,rg_2,8,,uc_1,,4,0,,manageFrame | frame | push | Chat | World | TeamManagement | MenuBar | EvolutionTeamManagement
Sg,Sg,8,,alp,,46,1,,underlying native object already deleted | iname: | ilongname: | oname: | olongname: | omimetype: | oextensions: | null inputCodecId
Sn,sn_2,8,,Zb,,19,16,,AnimatedElementViewerAppearance | direction | filePath | animName | offsetX | offsetY | scale | useDefaultMaterial
Tr,tr_0,8,,bf_2,,5,0,,configuration/property | configuration/substitutionProperty | configuration/contextProperty | configuration/conversionRule | configuration/statusListener | configuration/appender | configuration/appender/appender-ref | configuration/newRule
UL,ul_2,8,,uc_1,,4,0,,"enableEvent | dialog | , aos_1.elS, false), new LX( | Dialogue inconnu  | ElementDispatcher inconnu  |  dans le dialog  | Type d'evenement inconnu  |  pour le dialog "
UV,UV,8,,YN,,33,9,,TextEditor | autoHorizontalScrolled | maxChars | maxCharacters | password | restrict | editable | unicodeRestrict
Ua,ua_1,8,,,,26,9,,Demande de mailbox par  | On tente de d\u00e9connecter un client qui n'est pas connect\u00e9  | Mail non existant : clientId |  mailId  | On demande la mailBox d'un client non connect\u00e9  | On demande la mailBox optimis\u00e9e d'un client non connect\u00e9  | Un client d\u00e9connect\u00e9 du MailManager tente d'envoyer un mail.  | Demande de suppression de mail 
Uc,uc_1,8,,JavaFunction,,34,5,,not yet implemented | Fonction  |  non \u00e9x\u00e9cut\u00e9e |  nombre de valeur de retour incorrect (attendu  | Exception levee | <inconnu> | pas de script associ\u00e9 a cette fonction | fichier=
VR,vr_0,8,,,dA,11,5,,Action In Execution :  | Executing Action Group ( |  actions) | Pending Action Group ( |  groupes) | Pending Action Group is null
WG,WG,8,,,,9,14,,"yyyy-MM-dd'T'HH:mm:ss | yyyy-MM-dd | HH:mm:ss | EEE, dd MMM yyyy HH:mm:ss  | 1 minute  | {0,number} minutes  | 0 seconds | 1 second"
WP,WP,8,,,,21,17,,Exception |  stats\n | \tNb objects out  =  | \tNb objects in   =  | \tNb contexts out =  | \tNb contexts in  =  | \tMemory usage    =  |  MByte(s)
WS,ws_0,8,,,amj_1,9,10,AssetBinaryReader AssetBinaryWriter,Argument 0 for @NotNull parameter of com/ankamagames/baseImpl/graphics/alea/sound/SoundData.load must not be null | Argument 0 for @NotNull parameter of com/ankamagames/baseImpl/graphics/alea/sound/SoundData.save must not be null
XY,xy_1,8,,uc_1,,4,0,,setWidgetVisibility | dialogName | widgetId | visible | Dialogue inconnu  | ElementDispatcher inconnu  |  dans le dialog  | le widget n'est pas du type Widget
YE,ye_2,8,,ahk_2,,2,1,,AnimatedElementViewer | AnimatedImage | basicColorPicker | Button | calendar | CircularList | ComboBoxPlus | ComboBox
YY,YY,8,,Thread,,11,8,,).append(string3).append( | ).append(n).append( | ).append(l2).append( | Erreur durant l'\u00e9criture des donn\u00e9es | /stats-instant.log | Impossible de cr\u00e9\u00e9r le fichier  | /stats- | .log
Ym,ym_2,8,,ka_0,,4,0,,"class | Assuming default evaluator class [ | Mandatory \""class\"" attribute not set for <evaluator> | name | Mandatory \""name\"" attribute not set for <evaluator> | Adding evaluator named [ | ] to the object stack | Could not create evaluator of type "
ZH,zh_1,8,,mk_1,,31,5,,gfxPath | Erreur durant l'initialisation du soundManager | gfxConfigFile | ANMGUIPath | particlePath | soundDevice | soundEnable | musicPath
ZM,zm_0,8,,,,9,3,,Il faut appeler la fonction readVersion(GL) | Renderer | Vendor | Version | Extensions | ------- GL dump --------- | GL_RENDERER :  | GL_VENDOR : 
Zc,zc_1,8,,,,2,17,,java.net.useSystemProxies | http.proxyHost | http.proxyPort | https.proxyHost | https.proxyPort | ftp.proxyHost | ftp.proxyPort | http.nonProxyHosts
aAB,aab_2,8,,ex_2,,35,26,,Window | MessageBox | titleBar | label | content | closeButton | minButton | maxButton
aAb,aab_0,8,,on_1,cn_1,14,10,,Color | NamedColor | color | name | position | Probl\u00e8me au borrowObject.
aAm,aam_1,8,,Thread,,16,9,,"MessageScheduler | Unable to push ClockMessage, exception raised :  | MessageScheduler running | Exception lev\u00e9e :  | Exception | Message Scheduler stopped | Found  |  clocks:\n"
aAp,aap_2,8,,,atG,7,1,NetworkMessage,chat.isMaximize | chat.selectedView | chat.dialogView | input
aBL,abl_2,8,,ml_0,,7,7,,viewName | chat.selectedPipe | chat.pipeName.vicinity | Impossible de charger les commandes de chat ! | chat.privateMessageFrom | chat.privateMessageTo | error | chat.pipeName.teammate
aCE,ace_1,8,,uc_1,,4,0,,removePropertyClient | dialogName | widgetId | propertyName | local | ElementMap inconnue  | Propri\u00e9t\u00e9e inconnue  | ElementDispatcher inconnu 
aDS,ads_1,8,,uc_1,,4,1,,loopSound | soundFileId | isStereo | gainMod | loopingTime | fadeOut time | Id du son nul | soundExtension or soundPath not initialized
aDl,aDl,8,,uc_1,,4,0,,addParticle | dialogName | widgetId | particleFileName | posX | posY | followBorder | alignment
aED,aED,8,,ka_0,,3,0,,conversionWord | converterClass | No 'conversionWord' attribute in <conversionRule> | No 'converterClass' attribute in <conversionRule> | PATTERN_RULE_REGISTRY | registering conversion word  |  with class [ | Could not add conversion rule to PatternLayout.
aEG,aEG,8,,,azi_0,2,7,AssetBinaryReader AssetBinaryWriter,Argument 0 for @NotNull parameter of com/ankamagames/baseImpl/graphics/alea/environment/InteractiveElementDef.load must not be null | Argument 0 for @NotNull parameter of com/ankamagames/baseImpl/graphics/alea/environment/InteractiveElementDef.save must not be null
aFL,aFL,8,,uc_1,,4,1,,setPartColorByte | mobileId | partName | red | green | blue | alpha | partName invalid 
aFc,afc_2,8,,,,22,5,,"ant.PropertyHelper | toString: | Property \"" | \"" has not been set | Override ignored for user property \"" | Overriding previous definition of property \"" | Setting project property:  | Override ignored for property \"""
aFg,aFg,8,,af_1,,49,40,,TextRenderer | Disabled mipmapping in TextRenderer | Compacting TextRenderer backing store due to vertical fragmentation  | TextRenderer Debug Output | bolditalic | bold | italic | plain
aGB,aGB,8,,adq_0,,9,4,,"env | environment | push | elementMaps | currentElementMap | elementMap | \tpublic BasicElement  | (Environment environment, ElementMap currentElementMap) {"
aGj,agj_0,8,,uc_1,,4,0,,addTweenParticleSystem | particleFileId | startX | startY | startZ | destX | destY | destZ
aHA,aha_2,8,,,,6,5,,logback.xml | logback-test.xml | logback.configurationFile | logback.statusListenerClass | SYSOUT | URL argument cannot be null | Failed to get url list for resource [ | Resource [
aHI,ahi_1,8,,,,0,40,,vicinityPipe | privatePipe | teammatePipe | channelPipe | gameErrorPipe | gameInformationPipe | fightInformationPipe | guildPipe
aHu,ahu_1,8,,,,12,2,,No sources found. | Caught  |  mapping resource  |  skipped - don't know how to handle it |  added as  |  is outdated. |  doesn't exist. |  omitted as 
aIV,aiv_1,8,,,,9,14,,(([^\\p{L}]|\\A)( | )([^\\p{L}]|\\z))) | [TRANSLATION] No censor pattern matched for language  | KAM | TOT | MANU | LICHEN | YAMATO
aIe,aie_0,8,,,,4,1,,Fran\u00e7ais | Anglais | Allemand | Espagnol | Italien | Japonais | Neerlandais | Portugais
aIg,aIg,8,,aht_1,,23,25,,ScrollBar | horizontalSlider | verticalSlider | horizontalIncreaseButton | verticalIncreaseButton | horizontalDecreaseButton | verticalDecreaseButton | horizontal
aJF,aJF,8,,agf_2,,9,5,,"Directed rectangle | Rectangle directionnel | Distance maximale \u00e0 la ligne centrale | Longueur | Deux param\u00e8tres attendus pour une aire d'effet rectangle directionnel,  |  trouv\u00e9s | Rectangle directionnel :  |  doit \u00eatre au moins 0."
aJX,ajx_2,8,,uc_1,,4,0,,showFloatingMonologue | align | screenXoffset | screenYoffset | texts | funcOnTerminate | funcParams | bubbleId
aJe,aje_2,8,,a_0,,5,0,,Le nombre de boutons est inf\u00e9rieur \u00e0 2 | MRU | $buttonEast | $buttonNorthEast | $buttonNorth | $buttonNorthWest | $buttonWest | $buttonSouthWest
aJj,aJj,8,,,,5,1,,Unable to serialize content without parts | Don't know how to unserialise part # |  (EMPTY). | Exception lev\u00e9e lors de la d\u00e9serialisation de la part : | Part  |  still have  |  byte(s) left ! |  is null
aKO,ako_2,8,,uc_1,,4,2,,playLocalSound | rollOff | soundFileId | gain | posX | posY | posZ | Pas de son sp\u00e9cifi\u00e9 (ID<=0)
aKR,akr_2,8,,,,10,9,,dateFormat.yearMonthDayHourMinute.short | dateFormat.monthDayHourMinute.short | dateFormat.yearMonthDayHourMinuteSecond | durationFormat.yearMonthDayHourMinuteSecond.short | Propri\u00e9t\u00e9 introuvable dans le Translator key= | GMT | Erreur dans formatDate : | user.language
aKZ,akz_2,8,,aht_1,,17,15,,valueSelector | increaseButton | decreaseButton | textEditor | maxBound | minBound | value | displayFormat
aKs,aks_0,8,,,ff_1,12,3,,logback- | .xml | Searching for [ | The jndi resource [ | ] for context [ | ] does not lead to a valid file
aLP,alp_2,8,,kn_1,,75,50,,content | compassContent | landMarkContent | isoCenterX | isoCenterY | isoCenterZ | isoMap | maxZoom
aLv,alv_2,8,,,,20,6,,Could not load a dependent class ( | ) for type  | Could not load class ( | Unable to create class for  | Unable to create adapter object | Could not create type  |  due to  | Type 
aMR,amr_2,8,,aGB,,4,2,,"doc | parser | push | elementMaps | currentElementMap | elementMap | \tpublic void  | (ElementMap currentElementMap, DocumentParser parser, Widget "
aMy,amy_1,8,,HandlerBase,,3,0,,resolving systemId:  | file: | Warning: ' |  should be expressed simply as ' | ' for compliance with other XML tools |  could not be found | project | Config file is not of expected XML type
aNX,aNX,8,,aNZ,,29,29,,tooltip | text | backgroundColor | borderColor | borderWidth | duration | hotPointPosition | maxWidth
aNl,aNl,8,,ka_0,,8,5,,"included | file | url | resource | Error while parsing   | One of \""path\"", \""resource\"" or \""url\"" attributes must be set. | Only one of \""file\"", \""url\"" or \""resource\"" attributes should be set. | Count value ["
aOD,aod_2,8,,abS,,33,23,,interactiveBubble | buttonContainer | clickLabel | text | Arial Unicode MS | actAsButton | bubbleText | closeOnClick
aOH,aOH,8,,hd_0,,3,0,,"name | name attribute must not be empty | depends | unless | description | Unexpected attribute \"" | target element appears without a name attribute | Duplicate target '"
aOZ,aoz_1,8,,,,15,9,,engine | Exception | You must call initializePools before | textures/maskAlpha.tga | textures/perturb.tga | Unable to find engine node | pools | Unable to find pools node
aOj,aoj_1,8,,,,9,5,,"The DirectBufferPoolManager is already initialised and can't be initialised twice | bufferCounts can't be less than zero | No group created, all buffer counts are null | DirectBufferPoolManager allocates  | DirectBufferPoolManager is not initialized | Creating byte buffer pool of size  | No more free ByteBuffer pools of size  | No ShortBufferPool initialized"
aOk,aok_1,8,,hx_1,,9,4,,"Selector  |  not initialized, no such class |  not initialized, could not create class |  not initialized, class not accessible | There is no classname specified | The classname attribute is required | Internal Error: The custom selector was not created | Cannot set parameters on custom selector that does not implement ExtendFileSelector"
aOn,aon_0,8,,ch_0,,3,530,,minutes | hours | days | dateFormat.hms | chat.privateMessageTo | chat.privateMessageFrom | chat.friendList | chat.ignoreList
aOu,aou_1,8,,ka_0,,2,0,,Could not find an AppenderAttachable at the top of execution stack. Near [ | ] line  | ref | Missing appender ref attribute in <appender-ref> tag. | APPENDER_BAG | Could not find an appender named [ | ]. Did you define it below in the config file? | See http://logback.qos.ch/codes.html#appender_order for more details.
aOz,aoz_2,8,,yb_0,,15,12,,"image | width | height | pixmap | width=\""([0-9]+)\"" | height=\""([0-9]+)\"" | pixmap=\""([a-zA-Z0-9-/!:.]+)\"" | ).append(this.fb).append("
aPm,apm_0,8,,,,5,20,,Ljava/lang/Object; | Ljava/lang/String; | Ljava/lang/Class; | Ljava/lang/Throwable; | Ljava/lang/RuntimeException; | Ljava/lang/Error; | Ljava/lang/Cloneable; | Ljava/io/Serializable;
aaC,aac_0,8,,uc_1,,4,0,,createActor | mobileId | spriteName | worldX | worldY | altitude | availableDirection | setId
aaE,aae_0,8,,nu_1,,29,25,,Exception | Impossible de red\u00e9marrer la musique | On peut pas appliquer de reverb sur de la musique | Ne doit pas etre appel\u00e9 | Ne doit pas \u00eatre appel\u00e9 | Impossible de charger le son d'id  | AudioResourceHelper non sp\u00e9cifi\u00e9. | Exception lev\u00e9e durant le crossfading :
abH,abh_2,8,,dm_1,cf_1,6,4,,antlib | Unable to find  | Unexpected tag  |  expecting  | abH | Invalid task in antlib 
abP,abp_2,8,,uc_1,,4,0,,throwCarriedMobile | mobileId | destX | destY | destZ | duration | startVectorZ | endVectorZ
abS,abS,8,,aht_1,"fj_0,lk",39,15,,WatcherContainer | align | target | useTargetPositionning | xOffset | yOffset
abm,abm_1,8,,,,39,16,,Can't load default task list | Can't load default type list | ant.ComponentHelper | only | property | aLe |  is not public |  is abstract
abv,abv_1,8,,ee_2,,13,10,,breedSpells | weaponCards | petCards | cloakCards | hatCards | dofusCards | actorDirection | actorDescriptorLibrary
acE,ace_0,8,,Thread,,22,11,,"Exception lev\u00e9e lors d'un checkOut d'op\u00e9ration | Exception lev\u00e9e lors du retour au pool d'un process | BinaryStorage started  | Interrupt | BinaryStorage stopped :  |  operations,  |  saved,  |  destroyed"
acY,acy_1,8,,ep_2,JG,53,23,,Exception :  | \n\t+ Deux buffers ont la m\u00eame adresse | Mesh2D[ | ).append(this.bsE).append( | ).append(this.bsF).append( | Erreur lors d'un checkOut sur un Mesh2D : 
acd,acd_2,8,,,,5,0,,"ch.qos.logback.classic | ch.qos.logback.classic:Name= | ,Type= | Failed to convert [ | ] to ObjectName | Failed to create mbean | Unregistering mbean [ | Failed to unregister mbean"
acw,acw_0,8,,ZT,,9,4,,Erreur lors d'un newInstance sur un  | Impossible de lancer l'effet  |  : EffectUser \u00e9gal \u00e0 null. | Nombre de param\u00e8tres incorrect dans un  | Impossible de calculer l'effet  |  : Caster \u00e9gal \u00e0 null. |  : Target \u00e9gal \u00e0 null. |  : Context \u00e9gal \u00e0 null.
adV,adv_0,8,,yb_0,,24,22,,"text | font | name | (name|face) | color | (name|face)=\""([a-zA-Z0-9-]+)\"" | size=\""([0-9]+)\"" | color=\""([0-9A-Fa-f]{6})\"""
adu,adu_0,8,,mv_1,,52,6,,Le client ne doit pas d\u00e9finir l'id des effectUsers | Impossible d'ajouter le controller du fighter  |  dans le match d'id  |  : Controller \u00e9gal \u00e0 null. | fight.team0 | fight.controller0 | fight.team0isLocal | fight.team1
aeh,aeh_1,8,,,,16,4,,"Can't start an attribute with a continuation line  | Unable to merge sections with different names | Class-Path | Name | Specify the section name using the \""name\"" attribute of the <section> element rather than using a \""Name\"" manifest attribute | Attributes must have name and value | \""Name\"" attributes should not occur in the main section and must be the first element in all other sections: \"" | From"
ael,ael_1,8,,uc_1,,4,1,,"playRandomApsSound | fightId | apsId | duration | fadeOutTime | rollOffId | loop | soundId,gain"
aey,aey_0,8,,,,18,1,,0123456789abcdef | UTF-8 | (\u00e3|\u00e1|\u00e0|\u00e2|\u00e4) | (\u00e9|\u00e8|\u00ea|\u00eb) | (\u00ed|\u00ec|\u00ef|\u00ee) | (\u00f5|\u00f3|\u00f2|\u00f6|\u00f4) | (\u00fa|\u00f9|\u00fc|\u00fb) | null
afC,afc_1,8,,,,11,7,,Winter | Spring | Summer | Fall | Printemps | Et\u00e9 | Automne | Hiver
afQ,afQ,8,,aht_1,,37,24,,ScrollContainer | horizontalScrollBar | verticalScrollBar | enableScrollBar | horizontalScrollBarBehaviour | verticalScrollBarBehaviour | horizontalScrollBarPosition | verticalScrollBarPosition
afu,afu_2,8,,,,7,0,,"http://www.slf4j.org/codes.html#null_MDCA | http://www.slf4j.org/codes.html#no_static_mdc_binder | key parameter cannot be null | MDCAdapter cannot be null. See also http://www.slf4j.org/codes.html#null_MDCA | org/slf4j/impl/StaticMDCBinder | Failed to load class \""org.slf4j.impl.StaticMDCBinder\"". | See http://www.slf4j.org/codes.html#no_static_mdc_binder for further details. | Could not bind with an instance of class ["
afz,afz_1,8,,aNZ,cn_1,21,13,,Property | local | name | attribute | field | Probl\u00e8me au borrowObject.
agA,aga_1,8,,ka_2,,5,8,,"listener | -listener-port- | -slave- | Ouverture de socket impossible sur  |  initialized: server mode. | Server ConnectionHandler started : bindAddress= | , bindPort= | ListenerConnectionHandler stopped"
ags,ags_2,8,,hd_0,,2,0,,"default | name | basedir | Unexpected attribute \"" | ant.file. | Duplicated project name in import. Project  |  defined first in  |  and again in "
ahP,ahp_1,8,,,,2,2,,canSummon | canCastWhenCarrying | cantCastWhenCarrying | cantCastWhenCarried | canCastWhenDying | canCastWhenDrunk | canCastWhenMaskClass | canCastWhenMaskBerzerk
ahr,ahr_1,8,,,,19,17,,"org.codehaus.janino.source_debugging.enable | org.codehaus.janino.source_debugging.dir | janino | .java | ((byte) | ((short) | null | Unexpected value type \"""
aiP,aip_1,8,,tr_0,,1,0,,configuration | configuration/contextName | configuration/insertFromJNDI | configuration/evaluator | configuration/appender/sift | configuration/appender/sift/* | configuration/logger | configuration/logger/level
akO,ako_1,8,,,,14,23,,dos | netware | aix | java.home | /bin | /../bin | .exe | com.sun.org.apache
akf,akf_1,8,,ace_0,,13,9,,Tentative d'acces au (Simple)BinaryStorage alors qu'il n'est pas initialis\u00e9 | Objet restaur\u00e9 du simple binary storage :  |  bytes restants non lus [type: | Impossible de fermer le descripteur ouvert sur un fichier ! | Il faut initialiser m_baseWorkspace | Tentative de changement de workspace [ | ] vers un fichier [not directory] existant [Aborted & Shutdown] | Impossible de creer l'arborescence de repertoire [
alA,ala_1,8,,atv,,33,1,,underlying native object already deleted | complete: | dts: | pts: | size: | key: | flags: | stream index:
alR,alr_0,8,,PT,,2,1,,date | relative | level | thread | logger | msg | message | class
alx,alx_1,8,,uc_1,,4,0,,question | mobileId | text1 | texts | bubbleId | Le mobile n'existe pas  | interactiveBubbleDialog | dialog.next
amA,amA,8,,,,3,3,,GL render targets | renderTargetsSupported | GL multi-sampling | multiSamplingSupported | GL multi-texturing | multiTexturingSupported | GL texture compression | textureCompressionSupported
amc,amc_0,8,,,,28,15,,Should never ever be unlocked here | Must pass in a positive integer | Must pass in positive percentage | only 0 < shrinkFactor < 100 allowed | Memory slots in use: {} | Slot: {}; Ref: {} | Should never be unlocked here | Thread already running
amj,amj_2,8,,es_2,,11,7,,ant.targets | ant.parsing.context | No tasks defined | Source  |  not supported by this plugin | parsing buildfile  |  with URI =  | Encoding of project file 
amu,amu,8,,,,2,12,,UNKNOWN_EVENT | BROADCAST_EVENT | MAINTENANCE_EVENT | TOURNAMENT_BEGIN | TOURNAMENT_END | TOURNAMENT_BEGIN_PERIOD | TOURNAMENT_END_PERIOD | TOURNAMENT_ANNOUNCEMENT
anB,anb_2,8,,cr_2,,12,13,,millis | datetime | checkdirs | granularity | when | pattern | {dateselector date:  |  compare: 
anX,anx_0,8,,,,7,12,,Argument 5 for @NotNull parameter of com/ankamagames/baseImpl/graphics/alea/display/ScreenWorld.loadMaps must not be null | on ne devrait pas \u00eatre l\u00e0!! chargement de la map:  | file not found to load map ( | Unable to load map ( | Saving map  | exportPath =  | Num elements =  | Avg elements by maps = 
ans,ans_0,8,,,alx_0,4,12,CoachActorMovementRequestMessage NetworkMessage,Impossible de changer l'id d'une instance : Id =  |  fix\u00e9 dans le constructeur.
ant,ant_0,8,,dz_2,,28,12,,"SpringLayoutData | spld | North | East | West | South | , width= | , height="
aoQ,aoq_0,8,,aja_1,,73,32,,"debug | Coords must be in the fightMap, you can call isInMap to do make sure that's the case | trying to get information in a fightmap on a out of bounds cell | obstacleId is out of bounds :  | Obstacle not found.  | No obstacle found for the given id | Obstacle null | can't work on a null obstacle"
apK,apk_0,8,,OK,,22,15,,^((/(\\w+))+/){1}|^(((\\w+)/)+){1}|^(/\\w+){1} | Chemin  |  invalide | Trop de possibilit\u00e9s | Commande ' | ' invalide | Exception dans l'ex\u00e9cution de la commande \u00e0 la ligne :  | Les param\u00e8tres de commande ne correspondent pas !
apL,apl_1,8,,ace_0,,27,25,,[^a-zA-Z0-9-_/\\.] | data. | .bdat | index. | metadata.bdat | ~building_index.tmp | ~building_data.tmp | BinaryStorage (
apb,apb_1,8,,uc_1,,4,1,,setMobileLookAt | mobileId | worldX | worldY | isHeightDirections | directionIndex | le mobile  |  n'existe pas 
aqV,aqV,8,,uc_1,,4,0,,addButton | bubbleId | text | function | parameters | interactiveBubbleDialog | MOUSE_CLICKED | id de bulle correspondant \u00e0 rien
aqg,aqg_0,8,,uc_1,,4,0,,"addEventListener | dialog | , aos_1.elS, false), new LX( | Dialogue inconnu  | ElementDispatcher inconnu  |  dans le dialog  | MOUSE_CLICKED_AND_DOUBLE_CLICKED | Type d'evnement inconnu "
aqr,aqr,8,,uc_1,,4,1,,setPartColor | mobileId | partName | red | green | blue | alpha | partName invalid 
arE,are_0,8,,,,10,9,,\\[(#name)\\] | Impossible de formatter l'expression :  | Constante trop grande pour le test du sex de l'interlocuteur :  | coucou | c'est [#1] chats [#2] | bleus | c'est [#2] [#1]{[>2]?s:} | chat
arG,arG,8,,agf_2,,10,5,,"t inv | Zone en T Invers\u00e9 (barre en bas) (order 0: defaut, 1: pied->barre, 2: barre->pied) | largeur de la barre (par rapport au centre : 1 = barre de 3 cellules) | hauteur du pied (par rapport au centre : 1 = barre de 1) | -barre: | -pied: | Param\u00e8tres invalides pour une AOE de type TI : 2 param\u00e8tres attendus, 0 trouv\u00e9 | Param\u00e8tres invalides pour une AOE de type TI : 2 param\u00e8tres attendus, "
arS,arS,8,,,,6,5,,xugglerfile | xugglernull | protocol required | Registering factory for URLProtocol: {} | Letting FFMPEG know about an additional protocol: {} | looking for protocol handler for: {} | expected valid URL | asked to get handler for unsupported protocol: {}
art,art_0,8,,,,0,3,,hideObstacle | !/common/alphaMask | showMap | !/world/map | mute | !/world/mute | bugReport | !/common/bugReport
asX,asx_0,8,,aNk,,1,0,,kilo | KILO | kibi | KIBI | mega | MEGA | mebi | MEBI
asf,asf_0,8,,,,15,1,,cast.effectDescription | cast.criticalEffectDescription | cast.bonusDescription | cast.infiniteDuration | cast.durationDescription | cast.use | cast.useInfiniteInterval | cast.useInterval
atA,atA,8,,,,3,6,,<init> | Could not load library: {}; version: {}; Visit http://www.xuggle.com/xuggler/faq/ to find common solutions to this problem | Successfully Loaded library: {}; Version: {} | Attempt: library load of library: {}; version: {}: relative path: {} | <unspecified> | Attempt: library load of library: {}; version: {}: absolute path: {} | Success: library load of library: {}; version: {}: absolute path: {} | Failure: library load of library: {}; version: {}: absolute path: {}; error: {}
auA,auA,8,,wl_1,,12,4,,Erreur lors d'un checkOut sur un message de type InventoryItemModifiedEvent :  | Log de type   |  sur un inventaire non-loggable de type  | Log de type  |  sur un InventoryItemModifiedEvent d'un item de type non-loggable :  | itemAcquired= | itemChange= | itemLost=
auL,auL,8,,Zb,,22,19,,TextWidgetAppearance | TextViewAppearance | TextEditorAppearance | LabelAppearance | text | align | alignment | justify
auM,aum_0,8,,avc,,3,0,,ant.regexp.regexpimpl | java.util.regex.Matcher | org.apache.tools.ant.util.regexp.Jdk14RegexpRegexp | org.apache.oro.text.regex.Pattern | org.apache.tools.ant.util.regexp.JakartaOroRegexp | org.apache.regexp.RE | org.apache.tools.ant.util.regexp.JakartaRegexpRegexp | No supported regular expression matcher found
auW,auW,8,,dz_2,,39,32,,StaticLayoutData | sld | align | alignment | cascadeMethodEnabled | resizeOnce | initValue | size
auu,auu_0,8,,avg,"Cloneable,kk_1",58,9,,No directory specified for  |  not found. |  is not a directory. | ds cannot be null | : Setup scanner in dir  |  with 
avQ,avQ,8,,aiv_1,,3,9,,KAM | TOT | MANU | LICHEN | YAMATO | VENOM | XYO | BEK
avV,avV,8,,JPanel,,7,8,,debugBar.properties | Center |  component already present | Unable to instanciate a  |  DebugComponent | Error while deleting DebugComponent  | Encore des composants de pr\u00e9sent alors qu'on vient de tous les supprimer | Encore des debugcomposants de pr\u00e9sent alors qu'on vient de tous les supprimer
avc,avc,8,,,,5,0,,ant.regexp.regexpimpl | java.util.regex.Matcher | org.apache.tools.ant.util.regexp.Jdk14RegexpMatcher | org.apache.oro.text.regex.Pattern | org.apache.tools.ant.util.regexp.JakartaOroMatcher | org.apache.regexp.RE | org.apache.tools.ant.util.regexp.JakartaRegexpMatcher | No supported regular expression matcher found
avo,avo_0,8,,,,34,18,,"saveLocalVariables must be called first | : Unexamined code at offset  | : Offset out of range | : Invalid offset | : Operand stack inconsistent at offset  | : Previous size  | , now  | : Invalid opcode "
awF,awf_0,8,,,awp,20,6,," (duration: | ) > from= | , initVel= | , finalVel= | , initialTime= | , finalTime="
awK,awK,8,,,,10,1,,ant.reuse.loader | The specified classpathref  |  does not reference a Path. | ant.loader. | The specified loader id  |  does not reference a class loader | java.lang.Object | Class of unexpected Type: 
axs,axs_0,8,,alz,,3,1,AssetBinaryReader AssetBinaryWriter,Argument 0 for @NotNull parameter of com/ankamagames/baseImpl/graphics/alea/environment/SoundDef.load must not be null | Argument 0 for @NotNull parameter of com/ankamagames/baseImpl/graphics/alea/environment/SoundDef.save must not be null | SoundDef{m_x= | m_soundId=
ayh,ayh,8,,atv,,26,1,,underlying native object already deleted | pixel type: | width: | height: | time stamp: | complete: | size: | key:
azv,azv_0,8,,uc_1,,4,0,,setWidgetEnabled | dialogName | widgetId | enabled | Dialogue inconnu  | ElementDispatcher inconnu  |  dans le dialog  | le widget n'est pas du type Widget
azx,azx_0,8,,,,3,7,,"RSA | Dur\u00e9e de Cipher.getInstance(ENCRYPTION_ALGO) :  | Une erreur est survenue lors de l'initialisation des ciphers :  | Impossible de crypter les donn\u00e9es, raison :  | Impossible de crypter les donn\u00e9es, raison : encoder = null | Impossible de d\u00e9crypter les donn\u00e9es, raison :  | Impossible de d\u00e9crypter les donn\u00e9es, raison : decoder = null | Export de la clef priv\u00e9e vers "
bA,bA,8,,ka_2,,6,4,,Traceur | listener | onNewConnection failed | Une exception dans l'ouverture de la connection a ete levee ( | Unable to create a connection | Impossible de g\u00e9n\u00e9rer un nouveau SocketChannel. | Client ConnectionHandler started:  | ConnectorConnectionHandler stopped
bL,bl_0,8,,,,9,4,,"emptyStacktrace, current is  |  caused by  | stackTrace= | getStackTrace | com.ankamagames.wakfu.server.game | com.ankamagames.wakfu.server.ia | com.ankamagames.wakfu.server | com.ankamagames.wakfu.client"
br,br,8,,,,3,3,,"Impossible de lire les donn\u00e9es : SerializableData \u00e9gal \u00e0  | Impossible de lire les donn\u00e9es : Mauvais nom de fichier \"" | file.separator | Impossible de lire les donn\u00e9es du fichier de nom \"" | \"" : R\u00e9pertoire de sauvegarde non trouv\u00e9. | \"" : Fichier non trouv\u00e9. | \"" : Taille du fichier sup\u00e9rieure \u00e0  | \"" : Nombre d'octets lus diff\u00e9rents de la taille attendue, "
cF,cF,8,,,,4,4,,Impossible d'ajouter une carte : ReferenceCoachCard \u00e9gal \u00e0 null. | Impossible d'ajouter la referenceCoachCard d'id  |  : Id de type \u00e9gal \u00e0  |  invalide. |  : D\u00e9j\u00e0 pr\u00e9sente. | Impossible d'obtenir la carte d'id  |  : ReferenceCoachCard \u00e9gal \u00e0 null. | Impossible d'obtenir une id de carte : Manager vide !
cT,ct_0,8,,ka_0,,3,1,,"level | name | No 'name' attribute in element  | , around  | INHERITED | NULL | Setting level of logger [ | ] to null, i.e. INHERITED"
cW,cW,8,,zr_2,zt_1,21,7,,Unsupported image mode | Unsupported image type | Fichier introuvable :  | tga | createRawTextureFromFile => null | Exception
dU,du_2,8,,uc_1,,4,0,,setCarriedMobile | carrierId | carriedId | Pas de carrier trouv\u00e9 avec l'id  | Le mobile  |  porte deja qq  |  est deja port\u00e9 ou est null  |  ne porte personne 
de,de_1,8,,cr_2,,7,23,,"value | units | when | {sizeselector value:  | compare:  | Invalid size setting  | Invalid parameter  | The value attribute is required, and must be positive"
dj,dj_2,8,,atd_0,,23,13,,"/antlib.xml | name, file or resource attribute of  |  is undefined | antlib: | Only antlib URIs can be located from the URI alone,not the URI  | classname attribute of  |  element  | is undefined"
eX,eX,8,,cr_2,,6,4,,min | max | {depthselector min:  |  max:  | Invalid minimum value  | Invalid maximum value  | Invalid parameter  | You must set at least one of the min or the max levels.
ed,ed_1,8,,,,22,5,,Il n'existe pas de propri\u00e9t\u00e9:  | La propri\u00e9t\u00e9  |  n'est pas un int. |  n'est pas un float. |  n'est pas un double. | url nulle au load. | Exception | Impossible de trouver le fichier de propri\u00e9t\u00e9 
el,el,8,,lt,,4,3,,import ch.qos.logback.classic.Level;\r\n | DEBUG | INFO | WARN | ERROR | event | message | logger
en,en_1,8,,es_1,,42,5,,Impossible de cr\u00e9er un inventaire \u00e0 la fois non stackable (donc sans quantit\u00e9) et pour lequel on veut s\u00e9rialiser une quantit\u00e9. | Erreur lors de la d\u00e9s\u00e9rialisation d'un ArrayInventory : impossible d'ajouter l'item  | Erreur lors de la d\u00e9s\u00e9rialisation d'un ArrayInventory : impossible d'ajouter l'item | Can't decrease the size of an ArrayInventory | On essaye d'ajouter un item avec une quantit\u00e9 de  | Item with uniqueID  |  is already present in the inventory | Cannot add item : maximum size of inventory is reached (
fT,ft_1,8,,,atG,6,3,NetworkMessage,xvsxFightInvitation.confirmation | error.fight.creation.canceledByOpponent | opponentSearchConfirmation.request | opponentSearchConfirmation.resultIsNo
fa,fa_1,8,,aNk,,2,1,,identity | org.apache.tools.ant.util.IdentityMapper | flatten | org.apache.tools.ant.util.FlatFileNameMapper | glob | org.apache.tools.ant.util.GlobPatternMapper | merge | org.apache.tools.ant.util.MergingMapper
fm,fm_2,8,,,,3,3,,Class | isAlive | emitters | pos | cnt= | cnt=0 | Pos | Enabled
gw,gw_2,8,,,,75,43,,Argument 0 for @NotNull parameter of com/ankamagames/framework/graphics/engine/Anm2/AnmInstance.applyParts must not be null | Argument 1 for @NotNull parameter of com/ankamagames/framework/graphics/engine/Anm2/AnmInstance.applyParts must not be null | Argument 0 for @NotNull parameter of com/ankamagames/framework/graphics/engine/Anm2/AnmInstance.unapplyParts must not be null | Argument 1 for @NotNull parameter of com/ankamagames/framework/graphics/engine/Anm2/AnmInstance.unapplyParts must not be null | Unable to attach a child to baseNameCRC ( | Animation  |  not found ( | On ne peut pas mettre a jour une animation nulle
hS,hs_1,8,,,,32,17,,"Applying resolution :  | Resolution applied :  | Fullscreen mode not supported, defaulting to simulated fullscreen | No available displayMode corresponding to  | Unable to change display mode. Defaulting to windowed mode | Unable to set mode  | . Defaulting to windowed mode | {Mode "
hd,hd_2,8,,cr_2,,7,6,,name | casesensitive | negate | {filenameselector name:  |  negate:  | true | false |  casesensitive: 
hv,hv_0,8,,uc_1,,4,0,,showText | characterId | text | offsetX | offsetY | infiniteDuration | funcOnEnd | bubbleId
iL,il_1,8,,aea_0,,3,3,,Impossible de s\u00e9rialiser le match d'id  |  : Controller s\u00e9rialis\u00e9 \u00e9gal \u00e0 null. |  : Equipe s\u00e9rialis\u00e9e \u00e9gale \u00e0 null. |  : Fighter s\u00e9rialis\u00e9 \u00e9gal \u00e0 null. | Impossible de d\u00e9s\u00e9rialiser le match d'id  |  : Controller \u00e9gal \u00e0 null. |  : Fighter \u00e9gal \u00e0 null. | Impossible d'ajouter le combattant d'id 
ie,ie,8,,aNZ,,46,39,,ItemRenderer | onActivation | onClick | onDoubleClick | onFocusChange | onItemClick | onItemDoubleClick | onItemOut
ix,ix_0,8,,uc_1,,4,0,,onSpellUsed | mobileId | checkCell | cellX | cellY | funcName | params | le fighter 
jL,jL,8,,,,27,39,,BorderTopLeft.png | BorderTop.png | BorderTopRight.png | BorderRight.png | BorderBottomRight.png | BorderBottom.png | BorderBottomLeft.png | BorderLeft.png
jR,jR,8,,,atG,6,2,NetworkMessage TeamMateSetReadyForPlacementMessage,waitingForOpponents | Error : 
je,je_0,8,,uc_1,,4,0,,playLocalSound | rollOffPresetId | stopOnAnimationChange | soundFileId | gainModification | playCount | Id du son nul | soundExtension or soundPath not initialized 
jm,jm,8,,uc_1,,4,1,,getAnimationDuration | mobileId | animationName | time | le mobile  | n'existe pas | animation ( | ) qui boucle
kE,ke_0,8,,,,10,5,AssetBinaryReader AssetBinaryWriter,Error while loading AmbianceZone file :  |  (world  | Argument 0 for @NotNull parameter of com/ankamagames/baseImpl/graphics/alea/environment/AmbienceZoneBank.load must not be null | Argument 0 for @NotNull parameter of com/ankamagames/baseImpl/graphics/alea/environment/AmbienceZoneBank.save must not be null
kF,kf_0,8,,afB,,29,10,,Unsupported color format | Unable to convert  |  bits to RGB24 | Unable to convert |  bits to RGBA32 | layer trop grand | Impossible de merger des layers de profondeur diff\u00e9rente | Unsupported color format for this operation
kJ,kJ,8,,,,0,18,,"line.separator | http://logback.qos.ch/codes.html | default | PATTERN_RULE_REGISTRY | ISO8601 | yyyy-MM-dd HH:mm:ss,SSS | dd/MM/yyyy:HH:mm:ss Z | EVALUATOR_MAP"
kt,kt_1,8,,uc_1,,4,1,,playApsSound | soundFileId | fightId | gain | apsId | duration | fadeOutTime | rollOffId
lD,ld_0,8,,uc_1,,4,0,,addPointLight | posX | posY | posZ | red | green | blue | radius
lN,lN,8,,DefaultHandler,,8,3,,resolving systemId:  | file: | Warning: ' |  should be expressed simply as ' | ' for compliance with other XML tools | file= |  could not be found | could not resolve systemId
mU,mu_1,8,,ed_1,,8,92,,config.properties | coachANMEquipmentPath | fighterANMEquipmentPath | fighterANMSkinPath | playerGfxPath | npcGfxPath | ANMGUIPath | ANMIndexFile
mV,mv_0,8,,kr_0,,6,5,,fight.HPEarthLoss | fight.HPFireLoss | fight.HPWaterLoss | fight.HPWindLoss | fight.HPLoss | fight.HPGain | fight.HPLeech | fight.MPLoss
mo,mo_1,8,,,,3,2,,"Argument 2 for @NotNull parameter of com/ankamagames/baseImpl/common/clientAndServer/world/topology/TopologyChecker.getHighestWalkableZ must not be null | no moverHeight defined | can't get highest height : no data for this element | cell elements index and count are out of bounds | data invalid : we can move through, but this element is the only one | cellData can't be null | invalid bounds : [ | moverZIndex not within the given bounds"
mx,mx_0,8,,,,0,32,,http://www.dofus-arena.com | http://www.dofus-arena.com/en/manuel | http://www.dofus-arena.com/fr/manuel | kards-boufteurs | espace-cadeaux | debug | common | world
nI,nI,8,,axw,,18,0,,Impossible d'ajouter le fighter  |  dans le match d'id  |  : Timeline \u00e9gal \u00e0 null. | Impossible de d\u00e9buter le tour du fighter  | D\u00e9synchronisation de timeline client/serveur sur le fighter  | Impossible de continuer le traitement d'un tour dans le match d'id  |  : Timeline \u00e9gal \u00e0 null ou stop\u00e9e. | Impossible de terminer le tour du fighter d'id 
nJ,nj_1,8,,ii_2,,22,5,,"Failed to introspect  | No such property [ | Failed to set property [ | ] to value \"" | No setter for property [ | #params for setter != 1 | Conversion to type [ | ] failed. "
nd,nd_1,8,,agf_2,,10,7,,rectangular or square ring | Pourtour d'un carr\u00e9 | demi c\u00f4t\u00e9 inf\u00e9rieur (cellule comprise dedans) | demi c\u00f4t\u00e9 sup\u00e9rieur (cellule comprise dedans) | Pourtour d'un rectangle | demi longueur inf\u00e9rieure X (cellule comprise dedans) | demi longueur inf\u00e9rieure Y (cellule comprise dedans) | demi longueur sup\u00e9rieure X (cellule comprise dedans)
nk,nk,8,,,,37,8,,"First user of an ItemExchanger can't be null | Second user of an ItemExchanger can't be null | Only an Initializing exchanger can be started. Current State:  | Exception lors de la notification d'un \u00e9v\u00e8nement aux utilisateurs d'un ItemExchanger:  | Impossible d'envoyer un \u00e9v\u00e8nement \u00e0 l'utilisateur num\u00e9ro  | Exception lors de la notification d'un \u00e9v\u00e8nement \u00e0 un user d'un ItemExchanger:  | Impossible d'annuler l'\u00e9change,  |  n'est pas concern\u00e9"
oB,ob_2,8,,,apx,1,0,,"moral :  | \u00e9tat :  |  (0 en forme, 2 mort) | fatigue :  | blessures :  | dur\u00e9e : "
oh,oh_2,8,,,,1,186,,messageBoxDialog | popupDialog | interactiveBubbleDialog | progressDialog | consoleDialog | optionsDialog | logonDialog | menuDialog
oi,oi_2,8,,ahT,,15,4,,"No layout set for the appender named \"" | No writer set for the appender named \"" | Could not close writer for WriterAppener. | Error initializing output writer. | Unsupported encoding? | Failed to write header for appender named [ | Failed to write footer for appender named [ | IO failure in appender"
pp,pp_0,8,,,,6,20,,public | private | protected | static | final | synchronized | volatile | transient
qt,qt_1,8,,uc_1,,4,0,,prepareQuestion | text | align | screenXoffset | screenYoffset | firstChoiceFunc | secondChoiceFunc | bubbleId
qv,qv,8,,agf_2,,9,7,,cross | Croix (deux barres de tailles identiques) | distance centre -> extr\u00e9mit\u00e9 | Croix (deux barres de tailles diff\u00e9rentes) | distance centre -> extr\u00e9mit\u00e9 face \u00e0 soi | distance centre -> extr\u00e9mit\u00e9 sur le c\u00f4t\u00e9 | Croix (4 barres de tailles diff\u00e9rentes) | distance centre -> extr\u00e9mit\u00e9 face \u00e0 soi vers le haut
rB,rb_1,8,,hx_1,,6,4,,{presentselector targetdir:  | NOT YET SET |  present:  | both | srconly | Cannot define more than one mapper | The targetdir attribute is required. | Could not set <mapper> element.
rh,rh_0,8,,avg,Cloneable,14,6,, mapper implementation does not support nested mappers! | null |  at reference ' | ' is not a valid mapper reference. | nested mapper or one of the attributes type or classname is required | must not specify both type and classname attribute
rr,rr_0,8,,,,28,26,,l'installation de xuggler ne supporte pas la conversion de format \u00e0 la vol\u00e9e | Impossible d'ouvrir le fichier video :  | Probl\u00e8me \u00e0 l'ouverture de la video :  | Le fichier ne contient pas de stream video :  | Impossible de trouver un decodeur video pour :  | Impossible de cr\u00e9er un convertisseur de  | Lancement d'un stream video non initialis\u00e9 | got error decoding video in: 
rw,rw_2,8,,,,42,4,,).append(string).append( | text | image | pixmap | width | height | align | color
sA,sA,8,,,,17,29,,Ljava/lang/Object; | Ljava/lang/String; | Ljava/lang/StringBuffer; | Ljava/lang/StringBuilder; | Ljava/lang/Class; | Ljava/lang/Throwable; | Ljava/lang/RuntimeException; | Ljava/lang/Error;
su,su_2,8,,uc_1,,4,0,,getTweenParticleSystemTime | particleFileId | startX | startY | startZ | destX | destY | destZ
tA,tA,8,,,,3,6,,messageBoxTitle | messageBoxImage | messageBoxTextView | messageBoxButtonsContainer | messageBoxButton | messageBoxInfoIcon | messageBoxErrorIcon | messageBoxQuestionIcon
tC,tc_1,8,,uc_1,,4,0,,prepareFloating | align | screenXoffset | screenYoffset | actAsButton | duration | closeOnClick | onEndFunc
tM,tm_1,8,,uc_1,,4,2,,play3DSound | soundFileId | posX | posY | posZ | isLoop | isStereo | Pas de son sp\u00e9cifi\u00e9 (ID<=0)
tP,tp_0,8,,aur_0,cf_1,3,2,,Only one nested element allowed | addTask called with a task that is not an unknown element | Missing nested element | Name not specified | Unable to find typedef  | defining preset 
tg,tg_0,8,,uc_1,,4,0,,characterDisplayerOpen | fileName | linkageName | align | screenXoffset | screenYoffset | emissaryTutoDialog | .anm
tv,tv_1,8,,,oa_1,22,3,,JOrbisVirtualStream.rawTell | JOrbisVirtualStream.pcmTell | JOrbisVirtualStream.timeTell | Impossible de seek sur un son non stream\u00e9 \u00e0 la seconds= | Impossible de pcmSeek sur un son non stream\u00e9 \u00e0 la position offset= | Impossible de rawSeek sur un son non stream\u00e9 \u00e0 la position offset=
ug,ug,8,,aLb,,31,9,,Erreur lors d'un checkOut sur un objet de type Mail | Erreur lors du release d'un Mail |  Title :  |  Message :  |  DAItems :  | null  |  objet(s) :  | DAServerMessageId : 
uj,uj_1,8,,uc_1,,5,1,,"Zoom sur un point pendant un certain temps puis revient \u00e0 sa position d'origine | zoomOn | zoomFactor | time | , aos_1.elU, false), new LX( | attachCameraToMobile | setZoomFactor | SetCamera"
vK,vk_1,8,,,aho_0,19,13,,tournamentsOfTheDay | tournamentsList | tournamentDefinitionsAvailable | proLeagueDefinitions | tournamentsManager | on essaye d'ajouter une info de tournoi qui est d\u00e9j\u00e0 pr\u00e9sente
vV,vv_1,8,,,atG,6,2,NetworkMessage TeamMateSetReadyForActionMessage,waitingForOpponents | Error : 
vv,vv,8,,acz_1,,3,0,,PropertySetter.computeAggregationType returned  | class | No class name attribute in [ | Pushing component [ | ] on top of the object stack. | Could not create component [ | ] of type [ | parent
xH,xh_2,8,,ka_0,,2,1,,class | Missing class name for appender. Near [ | ] line  | About to instantiate appender of type [ | name | No appender name given for appender of type  | Naming appender as [ | APPENDER_BAG
xW,xw_1,8,,,,12,8,AssetBinaryReader,pr\u00e9chargement des anms:  |  fichiers ( | Error while loading Common Animations : | .anm | Unable to load file  | Exception
xd,xd_2,8,,,,14,15,,"Manifest-Version | Signature-Version | Name | From | Class-Path | Manifest attributes should not start with \""From\"" in \"" | UTF-8 | Decompilation failed"
xx,xx_1,8,,,,10,16,,Argument 0 for @NotNull parameter of com/ankamagames/baseImpl/graphics/alea/MapManagerHelper.setValidMapsCoordFile must not be null | Argument 1 for @NotNull parameter of com/ankamagames/baseImpl/graphics/alea/MapManagerHelper.setValidMapsCoordFile must not be null | Il faut d'abord appeler setWorldId | Topology map  | Light map  | Environnement map doesn't exists  | D'abord appler setValidMapsCoordFile | probl\u00e8me de lecture des coordonn\u00e9es de maps valides
yB,yb_0,8,,,,22,13,,"text | selectableText | image | type | align | (text|image|selectableText) | align=\""(west|center|east)\"" |  data="
yX,yX,8,,atv,,28,1,,underlying native object already deleted | sample rate: | channels: | format: | time stamp: | complete: | num samples: | size:
zB,zb_1,8,,,atG,6,1,NetworkMessage,calendarDialog | calendar | dofusarena.calendar | coachManagement.selectedCard
zP,zp_1,8,,,BasicElementFactory,17,7,,Class0 | package  | import  | public class  |  implements BasicElementFactory { | private Environment env;
zQ,zq_0,8,,,ma_1,11,12,AssetBinaryReader,.tab | bordered | 000.DDS | 000.tga
zh,zh_2,8,,,,310,21,,"SNO: This exception should have been caught and processed | Janino.TargetVersion | Ljava/lang/StringBuilder; | Ljava/lang/StringBuffer; | SNO: Could neither load \""StringBuffer\"" nor \""StringBuilder\"" | SNO: Error loading \""StringBuffer\"" or \""StringBuilder\"":  | java | lang"
A,A,7,,,atG,6,2,NetworkMessage UiEventBus,achievementDialog
Ee,ee_0,7,,na_1,,20,14,,tableColumn | name | field | sortable | columnIndex | columnId | cellWidth
FM,fm_0,7,,Zb,cn_1,15,9,,ImageAppearance | modulationColor | scaled | Probl\u00e8me au borrowObject. |  poss\u00e8de une ImageAppearance et ne peut pas recevoir de Pixmap
GY,GY,7,,yu_2,,23,11,,Impossible d'ajouter l'\u00e9l\u00e9ment id= | Impossible de retirer un element null | Impossible de supprimer un element d'ID  |  qui n'existe pas | Supression de tout les Element du AnimatedElementSceneViewManager. | Il reste encore  |  apr\u00e8s la supression !!!
HE,he_0,7,,aNZ,jn_2,10,8,,ValueReplacer | size | concat | value | key
Hc,hc_0,7,,uc_1,,5,0,,selectFirstSphere | funcName | params | sphereBoardDialog | Dialogue inconnu sphereBoardDialog | sphereBoard | ElementDispatcher inconnu sphereBoard dans le dialog sphereBoardDialog
Iy,Iy,7,,,"gh_1,RE,eG",27,10,NetworkMessage,Le d\u00e9codeur de messages n'a pas \u00e9t\u00e9 sp\u00e9cifi\u00e9 | Le pool de ConnectionUser+MessageUser n'a pas \u00e9t\u00e9 sp\u00e9cifi\u00e9 | ServerInstance exception : 
KE,ke_1,7,,,,9,4,UiEventBus,dofusarena.demonAffiliation | localCoachCardsContainer | coachInventory.undestructibleCard | itemToSplit | splitDemonAffiliationTradeDialog
NW,nw_0,7,,agf_2,,9,4,,"circle | Cercle | rayon | circle- | Param\u00e8tres invalides pour une AOE de type cercle : 1 param\u00e8tre attendu, 0 trouv\u00e9(s) | Param\u00e8tres invalides pour une AOE de type cercle : 1 param\u00e8tre attendu,  |  trouv\u00e9(s)"
OL,OL,7,,uc_1,,4,0,,playBark | barkId | gain | breedId | Impossible de trouver de BarkData ad\u00e9quat | Id du son nul | soundExtension or soundPath not initialized 
Og,og_2,7,,,,18,1,UiEventBus,dofusarena.sphereBoard | sphereboard.overSphere | sphereboard.overSphereSpell | sphereDetailsDialog | sphereboard.selectedCard
QK,qk_1,7,,,rk_0,4,2,,Poss\u00e9der une position | Poss\u00e9der un nombre de points de victoire | Tuer des combattants d'une classe | Atteindre un tour donn\u00e9 | Aucune condition sur ce combat
QS,qs_0,7,,Eq,alx_0,6,3,NetworkMessage,"Attention ! Une action  |  dure plus d'une minute :  |  ms \u00e7a parait long, il y a peut etre un probleme"
Ss,Ss,7,,ef_1,,13,5,,DXT1 | DXT3 | DXT5 | Using an item with a reference counter < 0 is forbidden | Unable to generate a new texture | Setting layer to RGBA32 | Trying to release a texture in a non-opengl thread
TE,te_1,7,,,,7,6,,"(^([a-zA-Z.]+):)?([a-zA-Z]+){1}(\\((([_a-zA-Z0-9]+([,]?[\\s]*[_a-zA-Z0-9]+)*)*)\\))? | Erreur de syntaxe : ' | ' n'est pas du type 'package:method(param1,param2,...)'. | Erreur lors du invokeCallBack sur la m\u00e9thode  |  de la classe  | Raison :  | La m\u00e9thode '"
Ti,ti_1,7,,,ma_1,18,12,AssetBinaryReader,.fnt | _0.dds | _0.DDS
VI,vi_1,7,,,rk_0,6,4,,weapon | pet | cloak | hat | dofus
Y,y_0,7,,Eq,,2,8,,fight.team0 | fight.team1 | tournamentDefeat | tournamentVictory | fight.winningTeam | fight.losingTeam | Erreur dans FIghtEndAction
YU,YU,7,,,,9,3,,"trying to get a bit index= |  but only  |  available. | trying to set a bit index= | loosing data in BitSet (oldSize= |  newSize= | bit index should be < 8 , found : "
Yg,yg_0,7,,,JG,18,5,,ne peut arriver normalement | On ajoute un gars \u00e0 une team alors qu'il est dans une autre ? | On essaye de virer un gars d'une team qui ne le contient pas : nombre de fighters :  |  teamId  |  fighterId 
Yy,yy_0,7,,,atG,6,1,NetworkMessage,logon.progress | gameNotTranslated | replayMode
Yz,yz_0,7,,rj_2,oc_0,14,5,,TiledPixmapBackground | modulationColor | Probl\u00e8me au borrowObject. | Appearance null !? | Widget null !?
ZX,zx_0,7,,,aho_0,10,6,,friend | ignore | party | guild | contact.list.filter
aAC,aac_2,7,,do_1,,11,5,,DEMONI | _BEGIN | Action performed on interactive element :  | null | [GameDesign] un DemonI poss\u00e8de 4 param\u00e8tres | interactiveBubbleDialog | dialog.next
aAF,aAF,7,,uc_1,,4,1,,playSound | soundFileId | isStereo | gainModification | playCount | Id du son nul | soundExtension or soundPath not initialized 
aCF,acf_2,7,,rj_2,oc_0,17,5,,PixmapBackground | modulationColor | Probl\u00e8me au borrowObject. | Une des pixmaps pass\u00e9e est nulle ! | La taille du tableau pass\u00e9 en parametre ne correspond pas au nombre de pixmap donc on a besoin!
aCO,aco_1,7,,uc_1,,4,1,,setMobilePosition | mobileId | worldX | worldY | altitude | le mobile  |  n'existe pas 
aCg,acg_0,7,,agf_2,,9,4,,"forme \u00e0 base de points | Liste de 1 point : prendre l'axe sud-est pour construire | ), new of_0( | )), new alw_2( | , new of_0( | Param\u00e8tres invalides pour une AOE de type Point : modulo2 attendu,  |  fourni(s)"
aCm,acm_1,7,,,,6,7,AssetBinaryReader,cellPathData array must have a size at least equal to one | cellpathData array seems not to be initialized | The cell ( | cellVisibilityData array must have a size at least equal to one | cellVisibilityData array seems not to be initialized
aGT,aGT,7,,,bg_1,40,1,,On tente de retirer un fighter absent de la timeline ( | [Timeline]  | [Timeline] Tentative d'attacher un  |  au fighter  |  absent de la timeline.
aHU,ahu_0,7,,bZ,"cs_2,mt_2",26,7,,root | EVALUATOR_MAP | name argument cannot be null | No appenders present in context [ | ] for logger [
aHt,aht_1,7,,adg_2,,46,12,,"Container | pack | Tentative d'ajout d'un widget a un parent avec un index invalide (index= | , taille= | Tentative d'ajout d'un widget d\u00e9j\u00e0 contenu | On lib\u00e8re le Widget qui n'a pas p\u00fb \u00eatre ajout\u00e9 | Probl\u00e8me au borrowObject."
aIO,aio_1,7,,,,24,1,UiEventBus,dofusarena.evolution | teamManagement.editableFighter | selectedConsumableCard | question.saveEditableFighter | consumableTypeIcon
aIv,aiv_0,7,,uc_1,,4,1,,setMobileMovementStyle | mobileId | walkStyle | runStyle | uniqueUsage | le mobile  |  n'existe pas 
aKB,akb_2,7,,,acg_2,19,4,,Forced execution | In Group order | [_FL_] ACTION FAILURE ( | Kill des actions de la pile ( | Executing all actions
aab,aab_1,7,,uc_1,,4,0,,addSphereSelectionListener | funcName | params | sphereBoardDialog | Dialogue inconnu sphereBoardDialog | sphereBoard | ElementDispatcher inconnu sphereBoard dans le dialog sphereBoardDialog
abx,abx_0,7,,uc_1,,4,0,,removeParticle | particleId | time | Suppression de la particule d'id :  | Exception lev\u00e9e dans le removeParticle( | Impossible de trouver la particle  |  pour la supprimer
adD,add_0,7,,,atG,6,2,NetworkMessage,Impossible de sauvegerde les statistiques de coach si aucun coach local n'est d\u00e9fini ! | teamManagement.teamPreset1vs1List | teamManagement.teamPreset2vs2List
adh,adh,7,,uc_1,,4,0,,playSound | soundFileId | stopOnAnimationChange | gainModification | playCount | Id du son nul | soundExtension or soundPath not initialized 
afD,afd_0,7,,,,6,2,AssetBinaryReader AssetBinaryWriter,animation sans frame | dur\u00e9e:  |  images: 
afi,afi_1,7,,Thread,,1,0,,Attempting connection to  | Connection established. Exiting connector thread. | Connector interrupted. Leaving loop. | Remote host  |  refused connection. | Could not connect to  | . Exception is 
ahz,ahz,7,,aht_1,,21,19,,MRU | Button | IncreaseButton | DecreaseButton | radius | $buttonNorth | popupText
ajK,ajk_1,7,,,aho_0,9,7,,isSelected | name | description | subtypes | selectedAchievementType
ajv,ajv_2,7,,es_1,,30,5,,Erreur lors de la d\u00e9s\u00e9rialisation d'un StackInventory : impossible d'ajouter l'item  | Erreur lors de la d\u00e9s\u00e9rialisation d'un StackInventory : impossible d'ajouter l'item | Impossile d'ajouter un item avec un quantit\u00e9e de  | Cannot add item : maximum size of inventory is reached ( | Item with uniqueID  |  is already present in the inventory | StackInventory = 
amL,aml_0,7,,afd_0,,13,5,AssetBinaryReader AssetBinaryWriter,pas une animation | valeurs incorrectes | utiliser la classe AnimData.Use
amp,amp_2,7,,aea_0,,2,0,,Impossible de s\u00e9rialiser un \u00e9l\u00e9ment interactif c\u00f4t\u00e9 client | D\u00e9codage des donn\u00e9es globales (len= | Impossible de d\u00e9s\u00e9rialiser une partie vide | Impossible de d\u00e9s\u00e9rialiser  |  actions dans un buffer de  |  octets | Pas de InteractiveElementAction d'ID=
ani,ani_2,7,,auL,,18,12,,ButtonAppearance | default | disabled | mouseHover | pressed | gap | Probl\u00e8me au borrowObject.
ao,ao_0,7,,,"aho_0,nz_0",12,9,,debug.console | prompt | input | logs | Commande invalide
aqL,aql_0,7,,,rk_0,4,7,,Tournoi avec \u00e9quipes de type inconnu. | Tournoi avec \u00e9quipes de type classique 1vs1. | Tournoi avec \u00e9quipes de type \u00e9volution. | Tournoi avec \u00e9quipes de type cimeti\u00e8re. | Tournoi avec \u00e9quipes de type l\u00e9gendaire.
arL,arL,7,,,LM,3,5,,texture | path | permanent | Impossible de cr\u00e9er l'instance de texture | loadTexture
arp,arp,7,,,,9,4,AssetBinaryReader AssetBinaryWriter,Argument 0 for @NotNull parameter of com/ankamagames/baseImpl/graphics/alea/sound/SoundBank.load must not be null | SoundBank already loaded :  | Argument 0 for @NotNull parameter of com/ankamagames/baseImpl/graphics/alea/sound/SoundBank.save must not be null
asM,asM,7,,,alx_0,15,4,NetworkMessage,Exception |  statistics : \n | \tout=
avp,avp_0,7,,tn_1,,3,1,NetworkMessage,coachManagement.selectedCard | coachInventory.undestructibleCard | question.deleteCoachEquipment | coachManagement.errors | world
aw,aw_1,7,,,er_0,6,6,,.equals(this.cr) && ! | SHA | <DigestAlgorithm: | algorithm= | ;provider=
awm,awm_0,7,,,,3,9,,WALK | RUN | SLIDE | SWIM | WALK_CARRY | THROW | CUSTOM_WALK
axh,axh_0,7,,arr,,5,2,NetworkMessage,"Erreur lors d'un checkOut sur un message de type StatisticsReportLoadAllForLadderRequest :  | SELECT * FROM tbl_dynamic_statistics, tbl_dynamic_stats_ladder where statistics_report_id = ladder_coach_id; | statistics_report | Ladders datas empty found in resultSet number  | Exception : "
ayW,ayW,7,,amq_2,,2,1,,"name | name attribute must not be empty | depends | unless | description | Unexpected attribute \"" | target element appears without a name attribute"
cX,cX,7,,agf_2,,10,5,,"ring | Anneau | rayon int\u00e9rieur | rayon ext\u00e9rieur | Param\u00e8tres invalides pour une AOE de type ring : 2 param\u00e8tres attendus, 0 trouv\u00e9 | Param\u00e8tres invalides pour une AOE de type ring : 2 param\u00e8tres attendus,  |  trouv\u00e9(s)"
cj,cj_2,7,,,,14,2,AssetBinaryReader,Exception | Erreur au chargement de l'image  | Erreur au chargement de l'image | read error | skip error
cw,cw_1,7,,,,8,6,,"Impossble d'obtenir la liste d'\u00e9v\u00e8nements d'id  |  : FightEventsList \u00e9gal \u00e0 null. | Impossble d'ajouter la liste d'\u00e9v\u00e8nements d'id  |  \u00e0 une liste d'\u00e9v\u00e8nements : FightEventsList \u00e9gal \u00e0 null. | Impossible d'ajouter une s\u00e9rie d'\u00e9v\u00e8nements \u00e0 une liste d'\u00e9v\u00e8nements : ArrayList \u00e9gal \u00e0 null. | Impossible d'ajouter une s\u00e9rie d'\u00e9v\u00e8nements \u00e0 une liste d'\u00e9v\u00e8nements : CurrentEventsList \u00e9gal \u00e0 null. | Houla, faites gaffe, y a pas assez de cartes disponibles pour remplir la p\u00e9riode sans r\u00e9p\u00e9tition"
eW,ew_2,7,,uc_1,,4,1,,setMobileAnimation | mobileId | animationName | func | params | le mobile  |  n'existe pas 
ew,ew_0,7,,uc_1,,4,0,,manageActions | packageName | push | Fight | Evolution | SphereBoard | Ce package n'est pas support\u00e9 par manageActions 
fc,fc_2,7,,,atG,6,1,NetworkMessage,fightMenuBarDialog | fightMenuDialog | menuDialog
gu,gu,7,,akw_0,aho_0,9,7,,name | description | value | iconUrl | type
hu,hu_0,7,,dd_2,,6,0,,full | short | Could not parser [ |  as an integer | EVALUATOR_MAP | Exception thrown for evaluator named [ | This was the last warning about this evaluator's errors.We don't want the StatusManager to get flooded.
iG,ig_2,7,,,jp_1,11,3,,AnimStatique | AnimMarche | AnimMarche-Debut | AnimMarche-Boucle | AnimMarche-Fin
iV,iv_1,7,,avg,"mx_2,Cloneable,Comparable",23,9,,Resource | null name | CloneNotSupportedException for a Resource caught. Derived classes must support cloning. | Can only be compared with Resources | (anonymous)
jO,jo_2,7,,ha_2,aho_0,6,4,,isHeavy | name | type | description | duration
jU,ju_2,7,,,,11,7,AssetBinaryReader AssetBinaryWriter,errur avec la defintion  | . nombre de frame incorrete | ).append(this.m_name).append(
kS,kS,7,,QN,,4,9,,com/ankamagames/dofusarena/common/constants/build.properties | build.revision | build.date | E MMMM d h:m:s z yyyy | BUILD_DATE invalide :  | %d.%02d (build %s) | %d.%02d (build %s %4$tY-%4$tm-%4$td)
li,li_2,7,,,aho_0,10,8,,isSelected | name | description | achievements | selectedAchievementSubtype
mA,ma_2,7,,uc_1,,4,1,,setWorldTarget | coordX | coordY | altitude | funcName | funcParams | pas de camera associ\u00e9e \u00e0 CameraFunctionsLibrary
ni,ni_0,7,,do_1,,9,5,UiEventBus,Action performed on interactive element :  | selectedTalkOption | npcGuiStyle | null | [GameDesign] un NPCTalker poss\u00e8de 5 param\u00e8tres
oc,oc_1,7,,,axx_0,23,12,NetworkMessage,Thread interrupted :  | Pas de cannal disponible pour poster la requ\u00eate | Exception
pt,pt_0,7,,uc_1,,4,1,,getMobilePosition | mobileId | posX | posY | posZ | le mobile  |  n'existe pas 
vw,vw_2,7,,,aho_0,8,7,,description | quantity | timeRemaining | cast.durationDescription | cast.infiniteDuration
wg,wg_2,7,,,atG,6,2,NetworkMessage,error.fight.creation.canceledByOpponent | fight.id | fight.budget
wk,wk_0,7,,uc_1,,4,0,,getActions | actionType | actionId | actions | uid | from | target
xO,xO,7,,uc_1,,4,0,,removeColorTween | dialogName | widgetId | Dialogue inconnu  | EventDispatcher inconnu  |  dans le dialog  | l'EventDispatcher n'est pas du type Widget
xc,xc_2,7,,,,4,2,AssetBinaryReader AssetBinaryWriter,Exception durant le chargement d'une action anm actionId= |  parametersCount= | Exception durant la sauvegarde d'une action anm
yf,yf_0,7,,abS,"aje,dE",40,22,,wakfuBubble | text | container | coloredContainer | image
zU,zu_1,7,,,,7,10,,wetdry | decaytime | decayLPF | earlygain | predelay | value | reverb
zk,zk_0,7,,le_1,,14,13,,tintIntensityColorPicker | tintColorPicker | intensityColorPicker | colors | numVariations | minIntensity | maxIntensity
zx,zx,7,,ii_2,,2,0,,"Failed to initialize Parser | a LITERAL or '%' | a FORMAT_MODIFIER, KEYWORD or LEFT_PARENTHESIS | a LEFT_PARENTHESIS or KEYWORD | Unexpected token  | Expecting RIGHT_PARENTHESIS token but got  | All tokens consumed but was expecting "
AK,ak_0,6,,aht_1,oc_0,16,10,,RepeatableImage | horizontal | modulationColor | repeatNumber
AQ,aq_1,6,,uc_1,,4,0,,invoke | time | loopCount | funcName | funcParams | taskId
AS,AS,6,,,aho_0,8,6,,name | iconUrl | count | tokensIconsPath
AT,at_2,6,,alp,,35,1,,underlying native object already deleted | index: | streamcoder: | framerate: | timebase: | direction:
BF,bf_0,6,,jw_1,,6,4,AssetBinaryReader AssetBinaryWriter,deux pourcentage se suivent  | pourcentage incorrect 
BY,BY,6,,gl,nv_2,17,9,, contains  |  distinct pools:  | ).append(k2).append( | Objects are already active
CM,cm_0,6,,,"JG,Iterator",7,7,,erreur dans le checkOut de  | checkOut d'un iterator sans liste derri\u00e8re | checkOut d'un  LinkedToEffectContainerIterator sans container | impossible
CT,ct_2,6,,UiEventBus,,2,1,UiEventBus,
DE,de_2,6,,,aho_0,15,7,,calendar | currentMonth | calendar.eventFilter | month
EB,eb_1,6,,,"JG,akU",16,5,,"Unable to unserialize AbstractCoachCard : referenceCard not found :  | referenceCardId =  | null | , quantity = "
Ep,ep_2,6,,,"AW,ah_2,awQ",80,30,,boucle infinie ? | child == parent : boucle infinie ? | Exception :  | <<abstract Mesh>>
Et,et_2,6,,at_0,,62,41,,Erreur \u00e0 la d\u00e9serialisation d'un fighter | Erreur lors d'un checkOut sur un FighterInformation :  | impossible de release l'objet | Double release de  | Noob | Ancien fighter 2.28 qui aurait du merder d\u00e9tect\u00e9.
FG,fg_0,6,,sr_0,,6,1,,"), new aag_2(1280, 720, 32,  | ), new aag_2(1280, 800, 32,  | ), new aag_2(1280, 1024, 32,  | ), new aag_2(1360, 768, 32,  | ), new aag_2(1680, 1050, 32,  | activateMapParticles"
Fy,fy_2,6,,,Serializable,21,12,,"ant-type | refid |  doesn't support the \"" | \"" attribute"
G,G,6,,,LM,3,5,,cursor | path | type | loadCursor
HF,hf_1,6,,uc_1,,4,0,,getElementId | type | posX | posY | posZ | L'element interactif de type=
Ic,ic_1,6,,uc_1,,4,0,,attachToMobile | bubbleId | mobileId | pas de bulle de texte  | mobile inconnu  | attachtoMobile 
Jp,jp_2,6,,ka_0,,3,0,,pattern | actionClass | No 'pattern' attribute in <newRule> | No 'actionClass' attribute in <newRule> | About to add new Joran parsing rule [ | Could not add new Joran parsing rule [
KF,kf_1,6,,InputOnlyProxyMessage,,3,2,InputOnlyProxyMessage,
Ki,ki_0,6,,UiEventBus,,6,3,UiEventBus,
Ks,ks_1,6,,,rk_0,6,6,,Type inconnu. | Type priv\u00e9. | Type multi-instanci\u00e9. | Type multi-pyramidal ou dit d\u00e9terministe.
LC,lc_0,6,,,Serializable,4,4,,<internally generated location> | File  | Line  | Column 
LQ,lq_1,6,,uc_1,,4,0,,removeSphereSelectionListener | funcName | sphereBoardDialog | Dialogue inconnu sphereBoardDialog | sphereBoard | ElementDispatcher inconnu sphereBoard dans le dialog sphereBoardDialog
LT,lt_1,6,,amq_2,,3,0,,"default | name | basedir | Unexpected attribute \"" | The default attribute is required | target"
Mb,mb_0,6,,,,24,9,,"On tent d'afficher des informations de souris non valides | image | URL malform\u00e9e : \"" | White18Bordered | text | test"
ND,ND,6,,avg,mx_2,10,2,,", \t\n\r\f | No directory specified for filelist. | No files specified for filelist. | No name specified in nested file element"
NK,nk_1,6,,UiEventBus,,2,1,UiEventBus,
NU,nu_1,6,,,nz,48,22,,Nombre de voix invalide | Il faut d'abord initialiser en  appelant setHelper | Impossible de charger le son d'id  | Impossible de pr\u00e9parer le son d'id 
PI,pi_0,6,,,,7,1,UiEventBus,dofusarena.fightCreation | teamManagement.editableTeamPreset | error.teamManagement.noTeamSelected | fight.id
Pj,pj_2,6,,dz_2,cn_1,8,6,,borderLayoutData | bld | data | Probl\u00e8me au borrowObject.
Pv,pv_2,6,,OutputOnlyProxyMessage,,4,3,OutputOnlyProxyMessage,
RG,rg_0,6,,UiEventBus,,6,3,UiEventBus,
RU,RU,6,,aea_0,,2,0,,"Les \u00e9l\u00e9ments interactifs client ne peuvent pas \u00eatre s\u00e9rialis\u00e9s | D\u00e9codage des donn\u00e9es sp\u00e9cifiques (len= | Impossible de d\u00e9s\u00e9rialiser un \u00e9l\u00e9ment interactif vide | Taille de donn\u00e9es restantes dans le buffer invalide :  | Houl\u00e0, j'ai des properties sur ce MapInteractiveElement, alors que je suis pas cens\u00e9 avoir de properties dans DA. | Il reste des donn\u00e9es non trait\u00e9es dans le buffer : "
Rm,rm_1,6,,,ayc,2,4,,Tentative d'execution d'une WaitingTask sur un script ferm\u00e9 id= |  n'est pas une librairie connue | Fonction inconnue  |  dans le script 
Rs,rs_0,6,,dm_1,,30,6,,"ant:current | Could not create task of type:  |  doesn't support the nested \"" | \"" element. | task or type | preset "
S,S,6,,,atG,15,11,FighterActorMovementRequestMessage NetworkMessage,
UE,ue_2,6,,uc_1,,4,0,,getElementsId | type | posX | posY | posZ | L'element interactif de type=
UQ,uq_1,6,,,"aGa,alx_0",8,5,NetworkMessage,Le num\u00e9ro de serveur doit \u00eatre compris entre 0 et 255 | Impossible d'initialiser le GUIDGenerator : Le num\u00e9ro de serveur doit \u00eatre fix\u00e9 par la m\u00e9thode init
Um,um_2,6,,UiEventBus,,2,1,UiEventBus,
WA,wa_1,6,,,,5,8,,Impossible de compresser une donn\u00e9e : InflatedByteArray \u00e9gal \u00e0 null. | Impossible de compresser une donn\u00e9e : InflatedByteArray de longueur \u00e9gale \u00e0 z\u00e9ro. | Impossible de compresser une donn\u00e9e :  | Impossible de d\u00e9compresser une donn\u00e9e : DeflatedByteArray \u00e9gal \u00e0 null. | Impossible de d\u00e9compresser une donn\u00e9e : DeflatedByteArray de longueur \u00e9gale \u00e0 z\u00e9ro. | Impossible de d\u00e9compresser une donn\u00e9e : 
XP,XP,6,,uc_1,,4,2,,setMobileAnimationStaticKey | mobileId | animName | AnimStatique | le mobile  |  n'existe pas 
Xi,Xi,6,,Thread,,8,6,,ConnectionWriter | ConnectionWriter running | Des donn\u00e9es n'ont pas pues \u00eatre envoy\u00e9es au destinataire : on abandonne. | Exception lev\u00e9e lors de l'\u00e9criture des donn\u00e9es | Interrupted | ConnectionWriter stopped
Zd,zd_2,6,,yp_2,,5,7,,usable | smallDescription | cooldownInFight | linkedSpells | cooldown | )).append(
aAA,aaa_2,6,,ii_2,mt_2,14,7,,All Matcher objects must be named | Failed to compile regex [ | Matcher [ | ] not started
aBW,aBW,6,,uc_1,,4,1,,setMobileRadius | mobileId | radius | oldRadius | le mobile  |  n'existe pas 
aBv,abv_2,6,,,atG,6,1,ItemExchangeInvitationAnswerMessage NetworkMessage,
aBw,abw_1,6,,,,10,4,,bold | italic | bordered | plain | Unable to load the font  |  from path 
aC,ac_2,6,,UiEventBus,,6,3,UiEventBus,
aCB,acb_1,6,,abS,dE,25,9,,"smiley | animatedElementViewer | Impossible de charger un smiley | On a charg\u00e9 un Widget de Smiley, mais il n'a pas de widget d'animatedElementViewer..."
aEB,aeb_0,6,,,hR,3,2,,contentLoader.staticEffect | AOE incorrecte | TRAP | SPECIAL
aEK,aek_1,6,,,er_0,5,2,,CRC | ADLER | <ChecksumAlgorithm: | algorithm=
aEy,aEy,6,,UiEventBus,,2,1,UiEventBus,
aFE,afe_2,6,,,,0,8,AssetBinaryReader AssetBinaryWriter,Argument 0 for @NotNull parameter of com/ankamagames/baseImpl/graphics/alea/environment/AmbienceData.load must not be null | Argument 0 for @NotNull parameter of com/ankamagames/baseImpl/graphics/alea/environment/AmbienceData.save must not be null
aHg,ahg_1,6,,,atG,6,39,NetworkMessage,ladderInformationDialog | demonAffiliationDialog
aIx,aix_0,6,,,,15,10,AssetBinaryReader AssetBinaryWriter,Argument 0 for @NotNull parameter of com/ankamagames/baseImpl/graphics/alea/environment/PlayListData.load must not be null | Argument 0 for @NotNull parameter of com/ankamagames/baseImpl/graphics/alea/environment/PlayListData.save must not be null
aJm,ajm_1,6,,uc_1,,4,0,,"addParticleSystem | particleFileId | , aos_1.elT, false), new LX( | , aos_1.elT, true), new LX( | systemId | fightId"
aKd,akd_2,6,,,Iterator,4,4,,n1Aa | n1Ab | n1Ba | n1Bb
aMD,amd_2,6,,uc_1,,4,2,,onPathEnded | mobileId | funcName | params | le mobile  |  n'existe pas 
aMg,aMg,6,,,amb,13,1,,Null values are not valid Status. | INFO | WARN | ERROR
aOS,aos_2,6,,,ja_1,1,0,DeleteTeamPresetRequestMessage NetworkMessage,
aV,av_1,6,,aNZ,jn_2,21,12,,Condition | value | elseValue | returnOriginalValue
aZ,az_1,6,,,,2,1,,Argument 0 for @NotNull parameter of com/ankamagames/baseImpl/common/clientAndServer/game/time/calendar/util/GameDateFormatter.parse must not be null | Argument 1 for @NotNull parameter of com/ankamagames/baseImpl/common/clientAndServer/game/time/calendar/util/GameDateFormatter.parse must not be null | Argument 0 for @NotNull parameter of com/ankamagames/baseImpl/common/clientAndServer/game/time/calendar/util/GameDateFormatter.format must not be null | Argument 1 for @NotNull parameter of com/ankamagames/baseImpl/common/clientAndServer/game/time/calendar/util/GameDateFormatter.format must not be null | Caract\u00e8re de formattage inconnu ' | ' dans la chaine 
aaq,aaq_1,6,,uc_1,,4,0,,fireAction | interactiveElementId | action | user | executed | type d'action inconnue 
abT,abt_0,6,,UiEventBus,,2,1,UiEventBus,
adG,adG,6,,uc_1,,5,1,,"Positionne la cam\u00e9ra sur un point | setCamera | zoomFactor | , aos_1.elU, false), new LX( | , aos_1.elS, true), new LX( | pas de camera associ\u00e9e \u00e0 CameraFunctionsLibrary"
adY,adY,6,,,aho_0,19,6,,teamManagement.fighterList | teamManagement.filtredFighterList | teamManagement.fighterManager | teamManagement.editableFighter
ae,ae_2,6,,,"aHq,atG",11,6,NetworkMessage,highlightLayer | SansSerif
aeD,aed_1,6,,uc_1,,4,2,,"onCellTransition | mobileId | , aos_1.elT, false), new LX( | , aos_1.elS, false), new LX( | le mobile  |  n'existe pas "
afE,afe_0,6,,,ahs_2,2,0,,"Illegal char ' |  at column  | . Only \\\\, \\_ | , \\t, \\n, \\r combinations are allowed as escape characters."
afR,afr_2,6,,,JG,13,5,,Erreur de checkout :  | Impossible de retourner l'\u00e9v\u00e9nement  |  au pool | Aucun pool n'a \u00e9t\u00e9 d\u00e9fini pour l'\u00e9v\u00e9nement 
agO,agO,6,,uc_1,,4,0,,"playLocalRandomSound | rollOffPresetId | stopOnAnimationChange | soundId, gain | Id du son nul | soundExtension or soundPath not initialized "
agY,agY,6,,UiEventBus,,2,1,UiEventBus,
age,age,6,,,"JG,Iterator",7,9,,erreur dans le checkOut de  | checkOut d'un iterator sans liste derri\u00e8re | checkOut d'un  LinkedToEffectUserIterator sans effectUser | impossible
aip,aip_2,6,,alp,agk_1,86,5,,underlying native object already deleted | url: | type: | format:
akL,akl_2,6,,,aho_0,14,9,,card | delay | xDeviation | yDeviation
alG,alg_0,6,,uc_1,,4,0,,setScreenPosition | bubbleId | align | screenXoffset | screenYoffset | SetScreenPosition 
aln,aln_2,6,,uc_1,,4,2,,attachCameraToMobile | mobileId | funcName | funcParams | pas de camera associ\u00e9e \u00e0 CameraFunctionsLibrary | mobile inconnu 
amq,amq,6,,,yc_2,7,4,,progress.task.name | progress.subtask.name | progress.value | loading
aoS,aos_0,6,,uc_1,,4,0,,setPointLightColor | lightId | red | green | blue | La lumi\u00e8re n'existe pas
aoV,aov_0,6,,,,9,2,AssetBinaryReader AssetBinaryWriter,Argument 0 for @NotNull parameter of com/ankamagames/baseImpl/graphics/alea/environment/AbstractClientEnvironmentMap.load must not be null | Argument 0 for @NotNull parameter of com/ankamagames/baseImpl/graphics/alea/environment/AbstractClientEnvironmentMap.save must not be null
aov,aov_2,6,,uc_1,,5,0,,"getFighterId | Renvoi l'id du mobile positionn\u00e9 en X, Y ou nil si aucun mobile trouv\u00e9 | worldX | worldY | mobileId | pas de fight"
apd,apd,6,,aan_1,alx_0,13,5,NetworkMessage,timeLeft | tournamentCountdown
ape,ape,6,,,,10,1,,"HH:mm:ss,SSS | Context argument cannot be null | WARN: Context named \"" | \"" has no status manager | Caused by:  | \tat "
arZ,arz_0,6,,ii_2,aom_2,4,0,,Could not instantiate class [ | SimpleRuleStore (  | rules =  | ).append(
asV,asV,6,,,aho_0,10,9,,textureUrl | color | teamsIconsPath | teamsBackgroundsPath
asm,asm_0,6,,,Runnable,1,0,,PSys Debug  |  Part.:  |  (max  | ) Lights: 
avP,avP,6,,UiEventBus,,4,2,UiEventBus,
awE,awe_0,6,,jw_1,,5,4,AssetBinaryReader AssetBinaryWriter,AddParticle ( | ) depuis un animatedElement 
ayD,ayd_0,6,,UiEventBus,,2,1,UiEventBus,
azy,azy,6,,uc_1,,4,1,,setPartVisible | mobileId | visible | partNames | le mobile  |  n'existe pas 
bJ,bj_0,6,,,jp_1,11,3,,AnimSaut | AnimStatique | AnimCourse-Fin | AnimCourse
bi,bi_1,6,,ka_0,,2,2,,port | Port  |  in ConsolePlugin config is not a correct number | localhost | root | Sending LoggingEvents to the plugin using port 
cE,cE,6,,uc_1,,4,1,,linkMobile | mobileId | toLink | le mobile source  |  n'existe pas  | le mobile cible 
dP,dP,6,,,ja_1,1,0,UiEventBus,AnimFusion | fusionTrade
ey,ey_2,6,,UiEventBus,,4,2,UiEventBus,
fF,fF,6,,,LM,3,5,,font | bordered | path | loadFont
fI,fi_0,6,,,,1,0,,execute | get | No public  | Dispatchable Task attribute ' | ' not set or value is empty. | Action Parameter Name must not be empty for Dispatchable Task.
fv,fv,6,,,"Pi,akU",50,23,,AbstractSpell can't be unserialized. Need to be get from AbstractReferenceCoachCardManager | Spell can't be stacked | Unable to copy AbstractSpell | Unable to clone AbstractSpell
ha,ha_2,6,,aiz_2,aho_0,6,5,,name | description | duration | type
in,in_1,6,,uc_1,,4,0,,setPointLightColor | lightId | red | green | blue | La lumi\u00e8re n'existe pas
ju,ju_1,6,,,atG,6,1,NetworkMessage,mapDialog | miniMap
kn,kn_0,6,,,,5,3,,"radius= | , afterCount= | , maskCount= | , overCount= | Center | Root"
kq,kq,6,,UiEventBus,,2,1,UiEventBus,
kr,kr_0,6,,qs_0,ec_0,11,10,,execution_Time | ERREUR CRITIQUE DANS UN SCRIPT | on tente de finir une action de script( | ) demand\u00e9 par la fin d'un autre script(
l,l,6,,,adh_1,12,7,,"TimeUniformSpline={ | ( position= |  velocity= | , length="
lC,lC,6,,qs_0,,2,3,,AnimMort | fight.die | onActionFinished DieAction | spells | on demande de tuer un personnage qui n'est pas (encore ?) dans le combat | on demande de tuer un personnage alors qu'on n'est pas (plus ?) en combat
lZ,lz_2,6,,,Runnable,1,0,,error.connection.saveInProgress | connection.kicked | connection.closed | logon.notConnectedToServer
mp,mp_2,6,,,,13,6,,condition_id | condition_parameters | condition_type | condition_is_necessary | condition_victory_points | condition_affected_team
pT,pt_1,6,,,sl_0,18,5,,Argument 0 for @NotNull parameter of com/ankamagames/baseImpl/common/clientAndServer/game/time/calendar/GameInterval.greaterThan must not be null | Argument 0 for @NotNull parameter of com/ankamagames/baseImpl/common/clientAndServer/game/time/calendar/GameInterval.lowerThan must not be null | {Interval:  | / by zero
pZ,pz_0,6,,hd_0,,4,0,,"ant-type | antlib:org.apache.tools.ant | WARNING: the ant-type mechanism has been deprecated |          and |  will not be available in Ant 1.8.0 or higher | Unable to find XML NS prefix \"""
pw,pw,6,,,,6,7,,RAW | TGA | TGAM | PNG | BMP | JPG
qr,qr,6,,on_1,cn_1,11,5,,Font | renderer | Probl\u00e8me au borrowObject. | ref
rV,rV,6,,pL,aho_0,7,5,,name | characterName | displayedName | online
rb,rb,6,,uc_1,,4,1,,getDistanceBetweenMobile | mobileIdA | mobileIdB | distance | le mobile  | n'existe pas
sK,sk_2,6,,,azy_0,3,7,,loading | island | fight | Erreur de cr\u00e9ation de l'URL \u00e0 partir de l'ID sp\u00e9cif\u00e9 : r\u00e9sultat = 
sV,sV,6,,uc_1,,4,1,,setCustomWalkStyle | mobileId | animationName | cellSpeed | le mobile  |  n'existe pas 
sp,sp_2,6,,agf_2,,10,5,,"Zone en T (order 0: defaut, 1: pied->barre, 2: barre->pied) | largeur de la barre (par rapport au centre : 1 = barre de 3 cellules) | hauteur du pied (par rapport au centre : 1 = barre de 2) | Param\u00e8tres invalides pour une AOE de type T : 2 param\u00e8tres attendus, 0 trouv\u00e9 | Param\u00e8tres invalides pour une AOE de type T : 2 param\u00e8tres attendus,  |  trouv\u00e9(s)"
tn,tn_1,6,,,atG,7,0,NetworkMessage,actorDirection | dofusarena.coachManagement
tx,tx_1,6,,,aho_0,12,6,,showAllEvent | tournamentEventFilter | broadcastEventFilter | maintenanceEventFilter
uK,uk_1,6,,,,6,1,UiEventBus,dofusarena.social | guild | guild.notEnoughGuildMembersToBeActive | guildManagementDialog
vi,vi,6,,cr_2,,5,2,,type | {typeselector type:  | Invalid parameter  | The type attribute is required | dir | file
wN,wn_2,6,,,aHq,21,7,,Aucune texture par d\u00e9faut n'est d\u00e9finie ! | probl\u00e8me d'hightlight  | le layer  |  n'exsite pas
wm,wm_0,6,,UiEventBus,,2,1,UiEventBus,
xw,xw_2,6,,UiEventBus,,2,1,UiEventBus,
yW,yW,6,,,,7,5,,memoryObjectPools | No pools configuration found | pool | class | size | Exception
zV,zv_0,6,,es_2,,3,7,,Only File source supported by default plugin | parsing buildfile  |  with URI =  | Encoding of project file is invalid. | Error reading project file:  | description
zt,zt_0,6,,alp,,14,2,,underlying native object already deleted | position: | timestamp: | flags: | size: | min-distance:
AA,aa_1,5,,uc_1,,4,0,,"playRandomSound | stopOnAnimationChange | soundId, gain | Id du son nul | soundExtension or soundPath not initialized "
BZ,bz_2,5,,,kp_2,18,7,,Total time:  | BUILD FAILED | BUILD SUCCESSFUL
Bn,bn_1,5,,ka_0,,3,0,,"For element <level>, could not find a logger at the top of execution stack. | value | INHERITED | NULL |  level set to "
Cz,cz_1,5,,uc_1,,4,0,,openWindow | windowName | CHAT | INVENTAIRE | Fen\u00eatre inconnue ou non prise en charge 
DC,dc_1,5,,uc_1,,4,1,,setMobileVisible | mobileId | visible | le mobile  |  n'existe pas 
FF,ff_2,5,,ms_2,,6,1,,static  | abstract  | <invalid type> |  throws  | <invalid thrown exception type>
HM,hm_1,5,,,atG,6,1,NetworkMessage,coachStatisticsDialog
HY,hy_1,5,,ZT,,7,3,,"Erreur lors d'un checkOut sur un ArenaRunningEffect :  | Dans le match  | , nouvelle invocation  |  de parent  | Nombre de param\u00e8tres incorrect dans un Summon : "
He,he_1,5,,,JG,27,6,,"impossible | Double release de  | Trying to insert an effectArea already present, but with a different Id"
IZ,iz_1,5,,,aho_0,13,13,,infosList | tournamentsList | infosManager
Ik,Ik,5,,ii_2,adr_0,14,6,,Attempted to append to non started appender [ | Appender [ | ] failed to append.
Jr,jr_0,5,,Random,Serializable,18,14,,probability must be between 0.0 and 1.0 inclusive. | n must be >= 0 | n must be > 0
KG,kg_1,5,,pt_2,,2,5,,ListCondition | evenIndex | oddIndex | index | tableIndex
Kt,Kt,5,,,"JG,hp_1",13,3,,Exception dans le release de  |  normalement impossible | Double release de 
NX,nx_0,5,,,zD,1,0,AssetBinaryWriter,Exception
OD,OD,5,,uc_1,,4,1,,getMobileJumpCapacity | mobileId | jumpCapacity | le mobile  |  n'existe pas ou n'est pas un PathMobile
OH,OH,5,,,wX,6,3,AssetBinaryReader,le tableau des \u00e9l\u00e9ments interactifs devrait \u00eatre nul apr\u00e8s lecture du fichier
PM,pm_2,5,,pD,oc_0,14,4,,PixmapBorder | modulationColor | Tentative d'ajout d'une Pixmap sans position
PW,pw_1,5,,,,7,2,NetworkMessage,fightInvitation.messageOut | fightInvitation.messageIn | fightInvitation.messageInEvolution
Pk,pk_1,5,,ani_2,,6,6,,ToggleButtonAppearance | selected | disabledSelected | mouseHoverSelected | pressedSelected
QW,qw_0,5,,,Serializable,9,6,,org.apache.log4j.Category | Native Method | Unknown Source
SP,sp_0,5,,uc_1,,4,1,,getMobileStatus | mobileId | status | le mobile  |  n'existe pas 
SR,sr_2,5,,uc_1,,4,1,,setMobileAnimationSuffix | mobileId | animationSuffix | le mobile  |  n'existe pas 
Sd,sd_1,5,,,aho_0,8,6,,name | value | fightRules
Sl,sl_2,5,,hx_1,,6,5,,Cannot define more than one mapper | The targetdir attribute is required. | Could not set <mapper> element. | Invalid destination file results for  |  with filename 
TG,tg_2,5,,Thread,,5,7,,VideoManager | VideoManager running | Exception | Suspending VideoManager thread... | Resuming VideoManager thread...
UU,uu_0,5,,uc_1,,4,1,,setMobileJumpCapacity | mobileId | jumpCapacity | le mobile  |  n'existe pas ou n'est pas un PathMobile
VG,vg_0,5,,tk_0,,3,1,,addParticleSystemToIeWithOffset | particleFileId | targetId | level | height
Vc,vc_0,5,,,,12,1,UiEventBus,dofusarena.graveyard | selectedConsumableCard | iconUrl
Vp,vp_0,5,,afd_0,,5,1,AssetBinaryReader AssetBinaryWriter,utiliser la classe AnimData.Export
Vq,vq_2,5,,,,23,1,AssetBinaryWriter,file:// | Argument 0 for @NotNull parameter of com/ankamagames/framework/fileFormat/io/FileHelper.write must not be null | Argument 1 for @NotNull parameter of com/ankamagames/framework/fileFormat/io/FileHelper.write must not be null
WZ,wz_0,5,,,Runnable,1,0,AssetBinaryReader,Exception while loading ANM 
Xs,xs_1,5,,aNZ,,20,10,,Spring | edge | referentEdge | referentId | value
YN,YN,5,,yt_1,ClipboardOwner,27,10,,selectable | selectOnFocus | enableOnlySelectablePartInteraction
aAL,aal_2,5,,uc_1,,4,1,,getMobileRadius | mobileId | radius | le mobile  |  n'existe pas 
aAn,aan_1,5,,,aho_0,10,5,,name | iconUrl | infosTypeIconsPath
aAq,aaq_0,5,,,,2,1,,console | debug.console | input | instance  | logs
aBq,abq_0,5,,,rk_0,5,2,,Filtre Obs\u00e9nit\u00e9 | Banni | Nom prot\u00e9g\u00e9
aCP,aCP,5,,aNk,,2,10,,equal | greater | less | more | Comparison value not set.
aET,aet_0,5,,,,13,139,,"ANKAMA | NAME CENSORED | DESCRIPTION CENSORED | atd | ([\\p{L}]|[\\p{L}][-]){2,}\\p{L}"
aEk,aek_2,5,,,,32,2,UiEventBus,dofusarena.fight | fight.timeline.selectedFighter | selectedEndFightAchievement
aGN,agn_2,5,,ka_0,,3,0,,root | level | Setting level of ROOT logger to  | The object on the top the of the stack is not the root logger | It is: 
aGg,agg_0,5,,,sb_2,6,1,,le groupe d\u00e9fini est null ! | Le groupe est null ! Comment est-ce possible ? | On essaie de jouer un son alors que le son n'est pas initialis\u00e9
aGt,agt_1,5,,uc_1,,4,0,,playGroundSound | walkType | gain | Impossible de trouver de GroundSoundData ad\u00e9quat | soundExtension or soundPath not initialized 
aIA,aia_2,5,,pD,oc_0,13,4,,pixmapBorder16 | modulationColor | La taille du tableau pass\u00e9 en parametre ne correspond pas au nombre de pixmap donc on a besoin!
aIf,aif_2,5,,,aho_0,8,7,,style | name | enabled
aJ,aj_2,5,,cj_2,,3,0,AssetBinaryReader,Buffer == null. Did you forget to call Read ? | Exception | This is not a valid TGAM file
aJE,aje_1,5,,uc_1,,4,0,CreateFighterInformationRequestMessage,serializeTeam | team | errorSavingFile
aJK,ajk_2,5,,uc_1,,4,0,,setInterval | time | funcName | funcParams | taskId
aJS,aJS,5,,aht_1,,12,10,,FoldingContainer | titleBar | content | titleBarPosition | folded
aLn,aln_0,5,,aMn,,15,19,,"Le temps ne doit pas etre inferieur a 0 |  (duration: | ) > from= | , initVel= | , finalVel="
aMj,aMj,5,,uc_1,,4,0,,isVisible | elementId | visible | l'element interactif d'id  |  n'existe pas..
aMx,aMx,5,,gi_2,,3,0,,EVALUATOR_MAP | Exception thrown for evaluator named [ | This was the last warning about this evaluator's errors.We don't want the StatusManager to get flooded. | Caller+ | \t at 
aNM,anm_0,5,,Vb,AW,6,2,,Exception | reload de la Texture  | unload de la Texture 
aNR,anr_0,5,,,,6,6,,scenario/ | %s%d%s | On a pas trouv\u00e9 le script du sc\u00e9nario  | runEvent : impossible de trouver un script d'id de sc\u00e9nario  | reward_
aNU,anu_2,5,,uc_1,,4,0,,getState | elementId | state | l'element interactif d'id  |  n'existe pas....
aPb,aPb,5,,,cn_1,21,11,,Erreur lors d'un checkOut sur un Material :  | Exception dans le release de  | (normalement impossible)
aPs,aps_0,5,,uc_1,,4,0,,isUsable | elementId | usable | l'element interactif d'id  |  n'existe pas.....
aax,aax_0,5,,aih_0,cn_1,3,2,,Erreur au checkOut d'un  | Erreur au release d'un  | Double release de 
abf,abf_1,5,,uc_1,,4,1,,incrementMobileDeltaZ | mobileId | deltaZ | le mobile  |  n'existe pas 
acM,acM,5,,AbstractSequentialList,Externalizable,24,3,,"index: | Index:  | , Size: "
acU,acu_2,5,,uc_1,,4,1,,getWorldTarget | posX | posY | posZ | Pas de scene associ\u00e9 \u00e0 CameraFunctionsLibrary
adJ,adj_1,5,,eT,,3,1,,addParticleSystemToTargetWithOffset | particleFileId | targetId | level | height
aew,aew_2,5,,uc_1,,4,0,,"getWindowSize | dialog | , aos_1.elU, false), new LX( | Impossible de r\u00e9cup\u00e9rer la taille de la fen\u00eatre ' | ' qui n'existe pas"
agV,agV,5,,rk_2,aiQ,39,31,,masterRootContainer | Exception | arial-plain-10
aga,aga_2,5,,uc_1,,4,1,,setMobileDirection | mobileId | directionIndex | le mobile  |  n'existe pas 
ahC,ahc_2,5,,,cn_1,13,18,,debug | Exception | No TopologyMapInstanceSet defined for this LOS Check
ahT,ahT,5,,ii_2,adr_0,14,6,,Attempted to append to non started appender [ | Appender [ | ] failed to append.
ahy,ahy_1,5,,,aho_0,11,6,,challengesList | challengeManager | selectedChallenge
aiN,ain_1,5,,,,5,7,,rollOffFactor | refDistance | maxDistance | value | rollOff
ajX,ajX,5,,,,8,3,,Coordonn\u00e9es incorrectes  | Impossible d'ajouter un \u00e9l\u00e9ments interactif d'ID= |  au manager  |  qui le contient d\u00e9j\u00e0. | on essaye d'enlever un interactiveElement qui n'est pas dans la liste
ajl,ajl_2,5,,,,2,4,,Impossible de cr\u00e9er un des pools par d\u00e9faut : size =  |  bytes | Impossible de s\u00e9rialiser le BInarSerial : une part est null | Impossible d'ajouter une part non r\u00e9f\u00e9renc\u00e9e :  | Exception lev\u00e9e lors de la s\u00e9rialisation de la part 
ako,ako,5,,,aho_0,7,7,,name | value | completion
alS,als_1,5,,aih_0,cn_1,3,2,,Erreur au checkOut d'un  | Erreur au release d'un  | Double release de 
amf,amf,5,,amh,,1,4,,private | protected | /*default*/ | public | amf
aoE,aoe_1,5,,asn,,18,4,,SNO: Non-array type has no component type | SNO: AbstractTypeDeclaration is neither ClassDeclaration nor InterfaceDeclaration |  is an interface; classes can only extend a class |  is not an interface; classes can only implement interfaces |  is not an interface; interfaces can only extend interfaces
aoO,aoo_2,5,,uc_1,,4,0,,"getPosition | elementId | , aos_1.elT, false), new LX( |  : l'element interactif d'id  |  n'existe pas..."
aon,aon_2,5,,afB,,26,11,,"No ImageReader registered for file ext (. | \"", new  | Impossible de lire l'image  | Impossible de lire les donn\u00e9es d'image. | Unable to flip the image since the buffer length is not a muptiple of line size"
arA,ara_0,5,,uc_1,,4,0,,setMobileStatus | mobileId | statusId | le mobile  |  n'existe pas 
arr,arr,5,,,JG,18,4,NetworkMessage,Exception lev\u00e9e lors du release d'une SqlRequest (
asU,asu_0,5,,,,9,2,AssetBinaryReader AssetBinaryWriter,Exception
ash,ash_0,5,,iv_1,qO,19,4,,null file | (unbound file resource) | file attribute is null!
asn,asn,5,,,,45,30,,"Class circularity detected for \"" | Interface circularity detected for \"" | Ljava/lang/Object; | Ljava/lang/Cloneable; | Ljava/io/Serializable;"
ava,ava_0,5,,,up_1,8,7,,Le tableau de vertex ne devrait pas \u00eatre null | Les tableaux de vertex doivent avoir la m\u00eame taille | Le tableau de vertex doit avoir 2 coordonn\u00e9es
ave,ave_0,5,,uc_1,,4,0,,addGlobalLight | red | green | blue | lightId
awC,awC,5,,aht_1,,17,14,,PopupMenu | Button | Label | Separator | hotSpotPosition
awW,aww_0,5,,ZT,,7,3,,"Erreur lors d'un checkOut sur un SummonDouble :  | Dans le match  | , nouvelle invocation  |  de parent  | Nombre de param\u00e8tres incorrect dans un Summon : "
awe,awe,5,,alt_0,ov_0,13,6,,propertyExists | local | name
axL,axL,5,,,,11,5,AssetBinaryReader,PaperMapManager : Path undefined | Problem during PaperMapManager Load : invalid URL  | Exception during PaperMapManager Load : 
axN,axN,5,,,ov_1,1,0,,table | directSortButton | indirectSortButton
ayI,ayi_0,5,,ka_0,,2,0,,objectName | contextName | begin | Failed to for ObjectName for [ | Failed to create mbean
ayg,ayg_0,5,,ua_1,aho_0,16,4,,receivedMails | sentMails | mailbox.mail
azN,azN,5,,uc_1,,4,1,,setMobileAlpha | mobileId | alpha | le mobile  |  n'existe pas 
azs,azs_0,5,,,zw,56,7,,La d\u00e9finition d'une valeur de champ est impossible sur la propri\u00e9t\u00e9  | La d\u00e9finition d'une valeur de champ  |  est impossible sur la propri\u00e9t\u00e9 
bZ,bZ,5,,,vU,9,2,,null StatusManager not allowed | default | Context has been already given a name
dH,dh_2,5,,,,9,0,,_IS_UNDEFINED | Failed to instantiate type  |  has no closing brace. Opening brace at position  | true | false
dN,dN,5,,,ayc,2,7,, n'est pas une librairie connue | Fonction inconnue  |  dans le script 
f,f_0,5,,pD,ayi,16,4,,PlainBorder | color | Tentative d'ajout d'un ColorElement sans couleur
gp,gp_1,5,,,ja_1,1,0,,guild | guild.members | guildCoachStatsDialog
hB,hb_0,5,,do_1,,9,1,UiEventBus,Action performed on interactive element :  | [GameDesign] un cardUsingSwitch poss\u00e8de un param\u00e8tre : son nom | Totem de Tournois
hk,hk_2,5,,uc_1,,4,0,,setWindowMovable | dialogName | movable | Impossible de trouver la fen\u00eatre ' | ' pour la rendre movable=
ic,ic,5,,uc_1,,4,1,,getMobileDirection | mobileId | directionIndex | le mobile  |  n'existe pas 
jS,jS,5,,uc_1,,4,1,,getMobileAlpha | mobileId | alpha | le mobile  |  n'existe pas 
jT,jT,5,,,,13,5,,"Manifest line \"" | \"" is not valid as it does not  | contain a name and a value separated by ': '  | UTF-8 | Unable to write manifest line "
kC,kC,5,,,,8,11,AssetBinaryReader AssetBinaryWriter,ScreenMap {
kY,ky_2,5,,,"afJ,zc_2",42,8,,"Impossible d'ajouter une carte nulle \u00e0 un inventaire. | Type de carte inconnu pour la carte  | Pas de position en Int pour cet inventaire, Utiliser une position en short"
mc,mc_1,5,,,aho_0,16,7,,friends.list | ignore.list | userManager
mn,mn_2,5,,dz_2,,12,9,,tld | row | column | horizontalAlign | verticalAlign
nm,nm_0,5,,,cn_1,25,6,,Erreur lors d'un checkOut sur un Item :  | Exception dans le release de  |  (normalement impossible)
nw,nw_1,5,,and_1,gx_2,2,2,,org.apache.tools.ant.filters.util.JavaClassHelper | ISO-8859-1 | getConstants
pE,pE,5,,uc_1,,4,1,,setMobileAnimationSpeed | mobileId | animationSpeed | le mobile  |  n'existe pas 
pH,ph_0,5,,rj_2,ayi,17,4,,PlainBackground | color | Tentative d'ajout d'un ColorElement sans couleur
pc,pc,5,,uc_1,,5,1,,anm/ | runScript | scriptId | fightId | %s%d%s
qB,qb_2,5,,ka_0,,3,0,,class | Missing class name for statusListener. Near [ | ] line  | Could not create an StatusListener of type [ | The object at the of the stack is not the statusListener pushed earlier.
qI,qi_1,5,,,aHq,9,8,,Argument 0 for @NotNull parameter of com/ankamagames/baseImpl/graphics/alea/display/GroupLayerManager.getLayerColor must not be null | Argument 0 for @NotNull parameter of com/ankamagames/baseImpl/graphics/alea/display/GroupLayerManager.prepareBeforeRendering must not be null | Argument 0 for @NotNull parameter of com/ankamagames/baseImpl/graphics/alea/display/GroupLayerManager.process must not be null
qa,qa_1,5,,aht_1,Fc,47,18,,renderableContainer | content | enableDND
sR,sr_0,5,,,aho_0,42,4,,"[CODE-Prefs] Impossible d'enregistrer la pr\u00c3\u00a9f\u00c3\u00a9rence de clef= |  \u00c3\u00a0 cet endroit, le preferenceStore n'est pas initialis\u00c3\u00a9. | [CODE-Prefs] Impossible de r\u00c3\u00a9cup\u00c3\u00a9rer la pr\u00c3\u00a9f\u00c3\u00a9rence de clef="
sZ,sz_0,5,,asr_0,,10,7,,GlEffect not loaded : Cg library not loaded | GlEffect not loaded : Cg library not found :  | Unable to read file  | Invalid renderer type | [TECHNIQUE] 
so,so_2,5,,uc_1,,4,1,,getMobileHeight | mobileId | height | le mobile  |  n'existe pas 
tN,tn_2,5,,,"JG,Iterator",6,7,,erreur dans le checkOut de  | checkOut d'un iterator sans liste derri\u00e8re | checkOut d'un  ChildIterator sans parent
vD,vD,5,,amg_1,,19,7,,fighterANMEquipmentPath | Erreur au chargement de l'\u00e9quipment :  | actorEquipment | Impossible d'afficher le cercle d'\u00e9quipe sur l'acteur id= | Impossible d'afficher le symbole d'immobilisation sur l'acteur id=
vP,vP,5,,,,37,17,,Invalid intensity value  | ).append(vP.dX(this.atX)).append( | ).append(vP.dW(this.atX)).append( | run | done
wG,wg_0,5,,uc_1,,4,0,,changeCursor | cursorState | DEFAULT | SPELL | Type de curseur inconnu 
wH,wh_2,5,,,alx_0,6,2,NetworkMessage,countdown
wn,wn_0,5,,,aqD,10,4,,<PropertiesfileCache: | cachefile= | ;noOfEntries=
xN,xN,5,,aOE,alW,3,8,,<init> | <clinit> | @deprecated
yn,yn_0,5,,,aeo_2,3,3,,Arme | Cape | Chapeau
yp,yp_1,5,,,,12,10,,ProxyClient | Une connexion est toujours active | Tentative de connexion  | La connexion au proxy ( | ) n'a pas pu etre \u00e9tablie en 
zW,zw_0,5,,,aho_0,7,3,,description | value | month
zi,zi_2,5,,,yx_0,1,0,,image | container | text
AD,ad_1,4,,,aho_0,6,8,,name | fightResult
AG,ag_2,4,,,JG,9,6,,Erreur lors d'un checkOut sur un message de type ItemExchangerEvent :  | Double release de 
BK,bk_0,4,,vs_2,,3,1,AssetBinaryReader AssetBinaryWriter,
Bb,Bb,4,,,zt_2,4,4,,style inconnu pour la marche | style inconnu pour la course
Bw,bw_1,4,,,mg_2,1,0,,"Impossible de retirer un \u00e9l\u00e9ment interactif ID= | , il n'est r\u00e9f\u00e9renc\u00e9 dans aucune partition."
CV,cv_2,4,,fz_1,,4,0,,configuration | configuration/appender | APPENDER_BAG | FILTER_CHAIN_BAG
Cs,Cs,4,,,sq_1,6,3,,Exception on checkOut :  | Exception on checkIn : 
ED,ed_0,4,,,aho_0,8,5,,replies | message
Ed,Ed,4,,uc_1,,4,1,,setMobileToStaticAnimation | mobileId | le mobile  |  n'existe pas 
En,en_2,4,,nb_0,,8,3,NetworkMessage,tournamentEvolutionDialog | tournamentGraveyardDialog
FC,fc_1,4,,uc_1,,4,0,,randomFloat | param1 | param2 | result
Fa,Fa,4,,,,3,4,AssetBinaryReader AssetBinaryWriter,
Fd,Fd,4,,cj_2,,3,0,AssetBinaryReader,Buffer == null. Did you forget to call Read ? | Exception
Fj,fj_2,4,,uc_1,,4,0,,"characterDisplayerChangeLinkage | , aos_1.elT, false), new LX( | animName | direction"
GW,gw_0,4,,Eq,,2,0,,L'acteur  |  est inconnu ! | pas de fight | Aucun fight !
HN,hn_2,4,,,,3,1,AssetBinaryReader AssetBinaryWriter,
II,ii_2,4,,,aaa_1,10,2,,Context has been already set | LOGBACK: No context given for 
IP,IP,4,,GregorianCalendar,Runnable,29,13,,Exception levee lors de l'execution d'un evenement | Exception levee lors de la notification d'un evenement aux observers
JW,jw_1,4,,,,7,1,AssetBinaryReader AssetBinaryWriter,
Jh,jh_1,4,,,,18,5,,"no applicable action for [ | ], current pattern is [ | ActionException in Action for tag [ | RuntimeException in Action for tag ["
Jy,jy_0,4,,uc_1,,4,0,,isGreater | param1 | param2 | result
Kg,kg_0,4,,,aji_0,1,1,,"erreur le texte est null | Le text est null, ce qui veut certainement dire que l initialisation de l'objet n a pas eu lieu ou s est mal pass\u00e9."
Kh,kh_1,4,,,aim_2,6,4,,A compilation unit has no enclosing scope | Re-setting package declaration
Kn,kn_1,4,,aht_1,,21,8,,dndc | validateDrop | dragEnabled | dropEnabled
L,l_0,4,,wl_1,,2,1,,Erreur lors d'un checkOut sur un message de type InventoryClearedEvent :  | Log de type   |  sur un inventaire non-loggable de type  | clearedInventory=
Lo,lo_0,4,,gg_0,,4,1,AssetBinaryReader AssetBinaryWriter,
Lt,lt_2,4,,apc,,1,0,,chat.selectedView | input | chatDialog | chatInput
MI,mi_2,4,,,Iterable,34,6,,Can't change the size of the inventory to  |  : current size is 
MM,MM,4,,ZT,,6,2,,Erreur lors d'un newInstance sur un  | Impossible de lancer l'effet  |  : EffectUser \u00e9gal \u00e0 null. | Nombre de param\u00e8tres incorrect dans un 
MR,MR,4,,uc_1,,4,0,,substract | param1 | param2 | result
MU,mu_2,4,,,hR,3,1,,contentLoader.console | Impossible de trouver la d\u00e9finition des commandes de console.
Md,md_0,4,,abb_1,,6,1,NetworkMessage,cantDestroyCoachDuringFight | questionDestroyCoach
Nk,nk_0,4,,tk_1,,25,3,,ogg | Impossible de charger le son d'id  | Exception lev\u00e9e lors de la cr\u00e9ation d'une source positionn\u00e9e | Exception :
No,no_0,4,,ka_0,,2,0,,debug | ) || string2.equals( | debug attribute not set | End of configuration.
Nt,nt_1,4,,ayp,,6,2,,Exception sur crit\u00e8re (expected) !! User :  |  Target :  |  Cnotext :  | Exception inatendue !!
Od,od_2,4,,jw_1,,5,1,AssetBinaryReader AssetBinaryWriter,
On,On,4,,gg_0,,4,1,AssetBinaryReader AssetBinaryWriter,
PE,pe_2,4,,,atG,6,1,NetworkMessage,
PR,pr_2,4,,gg_0,,4,1,AssetBinaryReader AssetBinaryWriter,
PY,PY,4,,do_1,,8,0,UiEventBus,Action performed on interactive element :  | Zaap
Pm,Pm,4,,dz_2,,7,5,,rld | align | vgap | horizontal
Pp,pp_1,4,,,apG,6,3,,"Exception | .replace(\"""
Pu,pu_2,4,,WeakReference,,3,8,,native= | proxyClass= | hashCode= | object=[
QQ,qq_2,4,,,ja_1,1,0,AddIgnoreMessage,
QT,qt_0,4,,,,12,2,AssetBinaryWriter,partitions | partition
QV,qv_2,4,,aoZ,,1,4,,DefaultBold14 | chatBubble | BubbleArrowLeft | BubbleArrowRight
Qd,qd_2,4,,uc_1,,5,0,,gotoRandomAnimation | animationNames | deux pourcentage se suivent  | pourcentage incorrect 
Qj,qj_2,4,,uc_1,,4,0,,isEqual | param1 | param2 | result
Qs,qs_1,4,,aht_1,,16,13,,WindowMovePoint | WMP | horizontal | vertical
RT,rt_0,4,,mp_0,"ajY,axq_0",7,5,,BubbleText | ClientEvent null at BubbleText.onAdviserEvent
SO,SO,4,,uc_1,,4,0,,displayWideScreenBand | show/hide | percentOfScreen | duration
ST,ST,4,,,ja_1,1,0,,isInTome | tomeStyle
Sw,sw_0,4,,,Iterator,6,3,,parent object is null | cannot wrap null iterator
Tk,tk_0,4,,abj_2,,4,1,,addParticleSystemToIe | particleFileId | targetId | level
UC,UC,4,,,,11,0,AssetBinaryReader AssetBinaryWriter,
UF,UF,4,,,,6,2,AssetBinaryWriter,Un \u00e9l\u00e9ment avec l'id  |  existe d\u00e9j\u00e0
UM,um_0,4,,auw_0,,4,1,AssetBinaryReader AssetBinaryWriter,
Ud,ud_2,4,,ZT,,7,3,,"Erreur lors d'un checkOut sur un SummonDouble :  | Dans le match  | , nouvelle invocation  |  de parent "
Ug,ug_0,4,,aNZ,,32,12,,margin | border | padding | shape
Un,un_2,4,,amp_1,,1,0,,element interactif  |  n'a pas de vue | Adding view  |  to element 
Ur,Ur,4,,aNZ,,15,4,,Form | validate | Form :  | Attention : l'id du formulaire est nulle.
VP,vp_1,4,,,alx_0,3,0,NetworkMessage,
VT,vt_0,4,,,,13,10,,STATIC_EFFECT | ACTIVATE_LAYER | highLightGfxFile | .tga
Vn,vn_1,4,,ZT,,6,2,,Erreur lors d'un newInstance sur un  | Impossible de lancer l'effet  |  : EffectUser \u00e9gal \u00e0 null. | Nombre de param\u00e8tres incorrect dans un 
Wm,Wm,4,,,alx_0,7,2,NetworkMessage,
Wo,wo_0,4,,,"JG,bv_2",7,6,,Erreur lors d'un checkout d'un IndexEntry | Erreur lors d'un release d'un IndexEntry
XC,XC,4,,,,11,6,,Buffer type not supported | Buffer type not supported in slice | Buffer type not supported in createPage |  size=
XI,xi_0,4,,,aoU,1,0,FighterInformationListMessage,
XO,xo_0,4,,,ja_1,1,0,GiveUpFightRequestMessage,
Xe,Xe,4,,,,2,12,AssetBinaryReader AssetBinaryWriter,
Xg,Xg,4,,aqk_0,gx_2,8,10,,lines | skip
Xl,xl_1,4,,uc_1,,4,1,,setMobileToHitAnimation | mobileId | le mobile  |  n'existe pas 
YB,yb_1,4,,,,7,2,AssetBinaryReader AssetBinaryWriter,
YG,yg_2,4,,uc_1,,4,0,,"setAnimation | , aos_1.elR, false), new LX( | l'eleemnt d'id  |  n'existe pas"
YO,YO,4,,,alx_0,8,7,NetworkMessage,
ZT,ZT,4,,xb_2,,28,5,,"null | On veut pousser dans la timeline le arenaRunningEffect  |  de fa\u00e7on instantan\u00e9e : EffectId =  | , ActionId = "
ZV,zv_1,4,,,hR,2,0,,playListBankFile | contentLoader.playList
Zn,zn_1,4,,uc_1,,4,0,,closeWindow | windowName | CHAT | Fen\u00eatre inconnue ou non prise en charge 
aB,ab_0,4,,,,9,0,,The maxSize argument ( | ) is not a positive integer. | Negative array size [ | ] not allowed.
aBD,abd_0,4,,,,22,8,AssetBinaryReader AssetBinaryWriter,
aBK,aBK,4,,uc_1,,4,1,,addMobileCreationCallback | mobileId | funcName | params
aBo,abo_2,4,,uc_1,,4,0,,random | param1 | param2 | result
aCD,acd_1,4,,,,11,4,,Argument cannot be null | Formatting string [ | ] should not end with '.' | FormatInfo(
aCk,aCk,4,,,apG,6,1,,null | setFunc
aDI,aDI,4,,uc_1,,4,0,,addDialogUnloadedListener | dialog | funcName | params
aDU,aDU,4,,anc_1,,1,1,,applicationSkinPath | Arena | Unable to create skinPath | icon.png
aDk,aDk,4,,cZ,,4,1,AssetBinaryReader AssetBinaryWriter,
aEF,aef_2,4,,,JG,34,9,,Probl\u00e8me au borrowObject. | Probl\u00e8me lors du retour dans un pool
aER,aER,4,,,apG,6,1,,new Percentage( | null
aEW,aew_1,4,,ZT,,9,2,,Erreur lors d'un newInstance sur un  | Impossible d'executer l'effet  |  : AbstractEffectArea \u00e9gal \u00e0 null. | Nombre de param\u00e8tres incorrect dans un 
aEY,aey_1,4,,,"Wv,Comparable",19,10,,"Comparaison d'un listener avec null. | , nextTime : "
aEp,aEp,4,,,ja_1,1,0,DeleteFighterInformationRequestMessage,
aFA,aFA,4,,,,15,5,,Not a keyword token | Not an identifier token | Not a literal token | Not an operator token
aFS,afs_2,4,,,alx_0,3,0,NetworkMessage,
aFT,aft_1,4,,,alx_0,3,0,NetworkMessage,
aGA,aga_0,4,,,aht_2,33,26,,) && string.endsWith( | You must call setPath before
aGG,agg_1,4,,uc_1,,4,1,,"playRandomSound | soundId, gain | Id du son nul | soundExtension or soundPath not initialized "
aGn,agn_1,4,,,aaa_1,11,2,,Context has been already set | LOGBACK: No context given for 
aHD,ahd_1,4,,,,8,1,UiEventBus,dofusarena.fusionLaboratory | questionFusion
aHR,ahr_0,4,,,apG,6,1,,new Dimension( | null
aHV,ahv_0,4,,,aho_0,12,5,,chat.viewList | chatViewManager
aI,ai_2,4,,aNZ,,18,8,,popup | align | hotSpotPosition | hideOnClick
aIL,aIL,4,,,,1,1,,music | sound | sound_amb_2d | sound_amb_3d
aJP,ajp_1,4,,sl_2,,2,0,,{dependselector targetdir:  | NOT YET SET |  granularity:  |  mapper: 
aJb,ajb_1,4,,aNZ,,20,12,,TabItem | text | enabled | visible
aJp,aJp,4,,,ja_1,1,0,UiEventBus,
aKK,akk_0,4,,,,7,5,,ParticleScripts | particles/ | %s%d%s | playAps
aKe,ake_1,4,,,BackingStoreManager,7,1,, TextRenderer allocating backing store  |  *** Cleared all text because addition failed ***
aLD,ald_0,4,,,,4,5,,gain | gainHF | value | lowpass
aLH,aLH,4,,,,15,4,,set | get | prepend | append
aLV,alv_0,4,,,atG,6,2,NetworkMessage,
aMs,ams_1,4,,afB,,15,4,AssetBinaryReader AssetBinaryWriter,
aN,an_2,4,,,,3,1,,file | ) ? true : !(string2 = string3.substring((n = string3.lastIndexOf( | Impossible de rajouter  |  ../ au chemin 
aNC,anc_1,4,,hs_1,"ala,avk_0",14,4,,Center | South
aNf,anf_0,4,,uc_1,,4,0,,max | param1 | param2 | result
aOE,aOE,4,,aj_1,aR,6,2,,"Declaring type for type body declaration \"" |  is already set"
aOK,aok_2,4,,,ja_1,1,0,DeleteFighterInformationRequestMessage,
aOP,aop_2,4,,gg_0,,4,1,AssetBinaryReader AssetBinaryWriter,
aPn,apn_0,4,,adw_0,xn_1,17,4,,Action non prise en compte par le ModelControler (ClientMapInteractiveElement) :  | elementId
aaH,aaH,4,,aqn_0,,10,3,,Color components array can't be null | Color components size must be equal to 4 | Color can't be null | Object is already checked out
aaL,aaL,4,,uc_1,,4,0,,addDialogLoadedListener | dialog | funcName | params
aaN,aan_0,4,,gg_0,,4,1,AssetBinaryReader AssetBinaryWriter,
aaU,aau_0,4,,mp_0,,19,5,,Sound | On essaie de jouer un son alors que le son n'est pas initialis\u00e9 | Impossible de trouver de BarkData ad\u00e9quat | appel \u00e0 resetLinkerMix alors que le son n'est pas initialis\u00e9
abI,abi_1,4,,,aE,2,2,,mainLog.fightLog | ObservationEndEvent utilis\u00e9 avec un mauvais time event handler
abL,abl_1,4,,,ja_1,1,0,GiveUpFightRequestMessage,
abo,abo_1,4,,gg_0,,4,1,AssetBinaryReader AssetBinaryWriter,
adw,adw_0,4,,aJj,ri_1,53,18,,Erreur lors du retour au pool | Double release de 
aeK,aek_0,4,,,,26,15,AssetBinaryReader AssetBinaryWriter,
aeM,aem_1,4,,,"ass_0,Runnable",5,4,,delay <= 0 ! | Invalid cursor array !
aeZ,aez_1,4,,ZT,,9,4,,Erreur lors d'un newInstance sur un  | Impossible de lancer l'effet  |  : EffectUser \u00e9gal \u00e0 null. | Nombre de param\u00e8tres incorrect dans un 
afT,afT,4,,,,2,2,,c:/replay0.rda | Erreur lors de la cr\u00e9ation du replayReader  | Erreur lors de la lecture d'une ligne | Erreur lors de la fermeture
afd,afd_1,4,,uc_1,,4,1,,setUserZoomLocked | zoomLocked | pas de scene associ\u00e9 \u00e0 CameraFunctionsLibrary | pas de camera associ\u00e9 \u00e0 la scene
afm,afm_0,4,,uc_1,,4,0,,"clickButton | dialog | , aos_1.elS, false), new LX( | , aos_1.elU, true), new LX("
afv,afv_0,4,,cZ,,4,1,AssetBinaryReader AssetBinaryWriter,
agt,agt_2,4,,,,6,6,AssetBinaryReader AssetBinaryWriter,
ahM,ahM,4,,,apG,6,1,,new  | setFunc
ahN,ahn_1,4,,uc_1,,4,0,,setShortcutEnabled | enabled | groupName | name
ahb,ahb_0,4,,,,18,12,,content | (PropertyClientData Element: |  attribute= |  field=
ahd,ahd,4,,,ov_1,1,0,,DEMONI | _BEGIN
aiJ,aiJ,4,,fh_1,,11,2,,Erreur lors du chargement d'un fichier de particule (fichier vide?) | particle  | Le systeme de particule attach\u00e9 \u00e0 la cellule  | Impossible de charger le syst\u00e8me de particule : 
ais,ais_1,4,,,Du,13,2,,Argument 0 for @NotNull parameter of com/ankamagames/baseImpl/graphics/isometric/DefaultIsoWorldTargetWithOffset.<init> must not be null | Argument 0 for @NotNull parameter of com/ankamagames/baseImpl/graphics/isometric/DefaultIsoWorldTargetWithOffset.setTarget must not be null
ajO,ajO,4,,,Iterable,7,2,,impossible d'ajouter ce sort : inventaire plein | impossible d'ajouter ce sort : on l'a d\u00e9j\u00e0
ajc,ajc,4,,le_1,,12,9,,basicColorPicker | horizontal | numByLines | m_buttons devrait avoir la m\u00eame taille que m_colors
akV,akV,4,,aNk,,1,8,,fail | report | ignore | failall
akd,akd_0,4,,,,8,19,,CellPathData( | ).append(this.aH).append( | ).append(this.wp).append( | ).append(this.aba).append(
ake,ake_2,4,,,Runnable,1,0,NetworkMessage,
akv,akv_1,4,,,ja_1,1,0,,evolutionSets | coachManagement.currentSet
alb,alb_0,4,,aj_1,,8,0,,"Expression \"" | \"" is not a type | \"" is not an rvalue | \"" is not an lvalue"
alj,alj,4,,,rk_0,4,2,,Lancer un d\u00e9fi | Donne un exploit
als,als_0,4,,jw_1,,5,4,AssetBinaryReader AssetBinaryWriter,
amC,amc_2,4,,vs_2,,4,1,AssetBinaryReader AssetBinaryWriter,
amg,amg_1,4,,abm_2,,8,2,,outline | playerGfxPath | npcGfxPath | Erreur dans  la cr\u00e9ation DescriptorLibrary : 
aml,aml_1,4,,ka_0,,3,0,,class | Could not create layout of type  | The object on the top the of the stack is not the layout pushed earlier. | Could not set the layout for containing appender.
ane,ane_2,4,,a_0,,14,9,,GlidingLayout | hgap | vgap | horizontal
aof,aof_0,4,,do_1,,7,0,UiEventBus,Action performed on interactive element :  | MAILBOX
aph,aph_1,4,,,"aMW,aki_0",5,1,,Lights | Switch Lights
apn,apn_1,4,,aNZ,agx_1,14,6,,enabled | removable
apu,apu_0,4,,gg_0,,4,1,AssetBinaryReader AssetBinaryWriter,
aqA,aqA,4,,,,2,4,,"netware | , true) : new StringTokenizer(string,  | ) || string2.startsWith( | ) || string.startsWith("
arD,ard_0,4,,tj_0,,3,4,,[PositionTween] ( | ).append(this.yW).append( | ).append(this.yX).append( | ).append(this.yY).append(
arf,arf_0,4,,Exception,,4,2,,java.lang.Exception | initCause | java.lang.Throwable | Caused by: 
arw,arw,4,,,ov_1,1,0,,DEMONI | _BEGIN
asB,asB,4,,,apG,6,1,,new  | setCallBackFunc
asR,asr_0,4,,,,16,11,,Technique  |  selected | No technique selected | file:
asd,asd_0,4,,adi_0,,4,1,,"Constructor \"" | \"" lacks synthetic enclosing instance parameter | Enclosing instance parameter of constructor \"" | \"" has wrong type -- \"""
atY,atY,4,,,,3,1,,os.name | windows | mac | sunos
atk,atk_0,4,,,aho_0,9,5,,name | isSelected
auz,auz_0,4,,,,0,6,,user | logback.ContextSelector | java:comp/env/logback/configuration-resource | java:comp/env/logback/context-name
awS,awS,4,,,alx_0,14,9,NetworkMessage,
awY,awy_0,4,,,aE,2,2,,mainLog.fightLog | ObservationEndEvent utilis\u00e9 avec un mauvais time event handler
awq,awq_0,4,,,,6,2,,No reference specified | Reference  |  not found. | No project set on reference to 
awu,awu_0,4,,,ja_1,1,0,,Barrier | barrier
awy,awy,4,,,aoU,1,0,FighterInformationListMessage,
axa,axa_0,4,,rV,aho_0,8,11,,notify | type
ayF,ayF,4,,do_1,,9,0,,Action performed on interactive element :  | null | [GameDesign] un cardmaster poss\u00e8de 2 param\u00e8tres : un byte indiquant si c'est un kardmaster ou la d\u00e9mone II et l'id de sa liste de cartes | Kardmaster
ayw,ayw_0,4,,gg_0,,4,1,AssetBinaryReader AssetBinaryWriter,
azE,aze_0,4,,,ja_1,1,0,UiEventBus,
azP,azP,4,,,alx_0,3,0,NetworkMessage,
azi,azi_0,4,,,,2,0,AssetBinaryReader AssetBinaryWriter,
bR,br_0,4,,do_1,,7,0,UiEventBus,Action performed on interactive element :  | graveyard
bo,bo,4,,,rk_0,3,2,,Exploits associ\u00e9s aux personnages | Exploits associ\u00e9s \u00e0 nos amis les F\u00e9cas
bs,bs_2,4,,,,10,7,AssetBinaryReader AssetBinaryWriter,
bv,bv_1,4,,apn_1,mH,8,3,,label | state
ca,ca_2,4,,hd_0,,1,0,,"project | ) || string.equals( | Unexpected element \""{ | Unexpected element \"""
cf,cf_0,4,,,"aMW,aki_0",5,1,,VSync | Switch VSync
cm,cm_2,4,,jw_1,,5,2,AssetBinaryReader AssetBinaryWriter,
dQ,dq_0,4,,,Runnable,5,4,,Resource invalide :  | Interrupted Exception
di,di,4,,alp,,35,1,,underlying native object already deleted | bytes= | type= | size=
eN,eN,4,,,,2,0,,Setting up default configuration. | console | %d{HH:mm:ss.SSS} [%thread] %-5level %logger{36} - %msg%n | root
eT,eT,4,,abj_2,,4,1,,addParticleSystemToTarget | particleFileId | targetId | level
ej,ej_2,4,,uc_1,,4,1,,setMobileNext4Direction | mobileId | le mobile  |  n'existe pas 
ep,ep_0,4,,,abc_0,6,6,,direction ou position null : update partLocalisator first | direction null : update partLocalisator first
ev,ev_1,4,,,ja_1,1,0,,evolutionSets | coachManagement.currentSet
fY,fY,4,,uc_1,,4,0,,isLower | param1 | param2 | result
hD,hD,4,,,,9,6,AssetBinaryReader AssetBinaryWriter,
iY,iy_2,4,,aea_0,,3,1,,Impossible de s\u00e9rialiser le match d'id  |  : EffectUser \u00e9gal \u00e0 null. | Impossible de d\u00e9s\u00e9rialiser le match d'id  |  : EffectUser \u00e9gal \u00e0 null ou donn\u00e9es vides.
id,id,4,,aen_2,,12,2,,{select |  unless:  | SelectSelector | Only one selector is allowed within the <selector> tag
ik,ik_1,4,,uc_1,,4,0,,"setVisible | , aos_1.elR, false), new LX( | l'element interactif d'id  |  n'existe pas."
jb,jb_1,4,,gg_0,,4,1,AssetBinaryReader AssetBinaryWriter,
jl,jl_2,4,,,atG,14,6,NetworkMessage,
kP,kp_1,4,,,,11,6,,Type de classe invalide : n'h\u00e9rite pas de MemoryObject | Type de classe invalide : impossible d'instancier | Exception lev\u00e9e lors de l'extraction d'un \u00e9l\u00e9ment du pool | Failed to create object
kU,ku_1,4,,gg_0,,4,1,AssetBinaryReader AssetBinaryWriter,
ke,ke,4,,,"JG,cn_1",19,9,,Probl\u00e8me au borrowObject. | Event type=
km,km_0,4,,aqk_0,gx_2,8,5,,contains | negate
lV,lv_2,4,,,Runnable,1,0,ReconnectionTicketRequestMessage_1,
lc,lc_1,4,,,,10,4,,Argument 0 for @NotNull parameter of com/ankamagames/framework/graphics/engine/Anm2/PartsHelper.setPartsFrom must not be null | Argument 1 for @NotNull parameter of com/ankamagames/framework/graphics/engine/Anm2/PartsHelper.setPartsFrom must not be null | Argument 0 for @NotNull parameter of com/ankamagames/framework/graphics/engine/Anm2/PartsHelper.addEquipment must not be null | Argument 0 for @NotNull parameter of com/ankamagames/framework/graphics/engine/Anm2/PartsHelper.removeReference must not be null
ld,ld_1,4,,uc_1,,4,1,,addMobileDestructionCallback | mobileId | funcName | params
lq,lq,4,,ag_2,JG,6,3,,Erreur lors d'un checkOut sur un message de type ItemExchangerEndEvent :  | Double release de 
lt,lt,4,,aib,,10,4,,Could not start evaluator with expression [ | Evaluator [ | ] was called in stopped state | ] caused an exception
mm,mm_2,4,,aNk,,5,5,,before | after | equal | TimeComparison value not set.
np,np_1,4,,,,21,4,,parameter_type | parameter_id | parameter_parent_id | parameter_params
oN,on_0,4,,Zb,ajb_0,4,3,,ListAppearance | selection
pA,pa_2,4,,,apG,6,1,,new  | null
pB,pb_0,4,,,aji_0,1,0,,<undefined> | %s (%d/%d %s)
pJ,pj_1,4,,,Serializable,6,3,,ste cannot be null | \tat 
pN,pN,4,,uc_1,,4,0,,executeFirstAction | actionType | actionId | actionExists
pj,pj_0,4,,,aoU,1,0,FighterInformationListMessage,
qD,qd_0,4,,cf_2,,15,5,,ticket =  | desactivate connection retry | activateConectionRetry | Raison de la d\u00e9connection de l'entit\u00e9 
qQ,qq_0,4,,ii_2,ms_1,16,0,,InPlayListener  |  has been already registered
rJ,rj_1,4,,jw_1,,5,1,AssetBinaryReader AssetBinaryWriter,
rQ,rq_1,4,,uc_1,,4,0,,setPointLightRange | lightId | range | La lumi\u00e8re n'existe pas
rp,rp_2,4,,dz_2,,13,8,,gld | align | initAlign | initValue
ru,ru_0,4,,,alx_0,4,2,NetworkMessage,
sC,sc_2,4,,,apx,1,0,,MRU | Exception lev\u00e9e lors du parcours des \u00e9l\u00e9ments charg\u00e9s pour pouvoir fermer les MRU
sM,sm_1,4,,,,13,5,,AdminListener | Impossible d'initialiser l'administration du serveur :  | Database  |  already defined -- ignoring
tT,tt_1,4,,uc_1,,4,1,,unlinkMobile | mobileId | le mobile  |  n'existe pas 
tw,tw_1,4,,auw_0,,4,1,AssetBinaryReader AssetBinaryWriter,
uQ,uQ,4,,,,13,7,AssetBinaryReader,Invalid path :  | ) && string.endsWith(
vR,vR,4,,do_1,,8,1,,Action performed on interactive element :  | null | [GameDesign] un totem poss\u00e8de 1 param\u00e8tres | ladderInformation.demon
vX,vx_0,4,,aoZ,,1,4,,DefaultBold16 | chatScreamingBubble | BubbleArrowLeft | BubbleArrowRight
vl,vl_0,4,,,atG,5,1,NetworkMessage,
vm,vm_1,4,,,hu_1,3,0,,Failed to read input from Console. | Failed to close input.
vo,vo_0,4,,,ob_0,2,0,NetworkMessage,
vx,vx,4,,uc_1,,4,0,,getNextActionTarget | actionType | actionId | targetId
wR,wr_2,4,,,,4,2,UiEventBus,dofusarena.replay | replayPaused
wW,wW,4,,gg_0,,4,1,AssetBinaryReader AssetBinaryWriter,
x,x,4,,uc_1,,4,0,,"setPointLightPosition | lightId | , aos_1.elU, false), new LX( | La lumi\u00e8re n'existe pas"
xR,xR,4,,b_0,,0,0,, (old item :  |  refid :  | <null> |  new item : 
xX,xX,4,,,Iterable,5,1,,D\u00e9finition des listes de param\u00e8tres impossibles : liste \u00e0  |  param\u00e8tres d\u00e9j\u00e0 d\u00e9finie
xb,xb,4,,aqk_0,gx_2,8,5,,regexp | negate
xz,xz_1,4,,aqk_0,gx_2,8,9,,lines | skip
yG,yg_1,4,,ari_0,aCZ,38,11,,@NotNull method com/ankamagames/baseImpl/graphics/isometric/camera/IsoCamera.getTrackingTarget must not return null | Argument 0 for @NotNull parameter of com/ankamagames/baseImpl/graphics/isometric/camera/IsoCamera.setTrackingTarget must not be null
zr,zr,4,,aoZ,,1,4,,grey | chatThinkingBubble | BubbleThinkingArrowLeft | BubbleThinkingArrowRight
AE,ae_1,3,,,auk,11,2,,OGG
AM,AM,3,,,,4,3,,Impossible d'ajouter l'\u00e9change  |  : un \u00e9change avec le m\u00eame ID ( | ) existe d\u00e9j\u00e0.
CD,cd_0,3,,aqk_0,gx_2,5,4,,tablength
CE,ce_2,3,,,Runnable,1,0,,PSys Debug
CH,ch_1,3,,alp,,41,1,,underlying native object already deleted | type= | name=
CZ,cz_2,3,,,,7,7,,Ressource invalide :  | Probl\u00e8me lors du changement d'un xml :  | Chargement d'une ressource 
Cc,Cc,3,,lp_1,,2,4,,SpellZoneEffect | SpellRange | SpellRangeWithConstraint
Cd,cd_1,3,,uc_1,,4,0,,"enableClick | dialog | , aos_1.elS, false), new LX("
Cg,cg_2,3,,DM,"aao_0,alW",5,4,,@deprecated
Cx,cx_0,3,,,,22,10,,Exception raised while loading textures :  | Exception raised while preparing textures :  | Exception raised while releasing textures : 
DL,dl_1,3,,cb_0,,15,5,,RadioButton | groupId | value
DM,DM,3,,,el_1,17,7,,"Enclosing scope is already set for type declaration \"""
Df,df_2,3,,ZT,,8,1,,Erreur lors d'un checkOut sur un APLoss :  | Erreur lors d'un checkOut sur un HPLoss :  | Nombre de param\u00e8tres incorrect dans un APLoss : 
Dl,dl_2,3,,,Iterator,4,4,,Array end reached. Array Size : 
EJ,ej_1,3,,a_0,,4,0,,Un bouton de colonne n'a pas \u00e9t\u00e9 initialis\u00e9 correctement | Impossible de trouver un renderableContainer \u00e0 la ligne  |  et \u00e0 la colonne 
EP,ep_1,3,,,er_0,3,0,,HashvalueAlgorithm
ET,et_1,3,,a_0,,13,7,,BorderLayout | hgap | vgap
Ec,ec_1,3,,uc_1,,4,0,,removeParticleSystem | particleUniqueId | stopEmittersToKill
Ey,ey_1,3,,,FilenameFilter,1,0,,.jar
Fs,fs_2,3,,,hR,3,2,,contentLoader.standardFightParameters
GC,gc_1,3,,,hR,3,2,,contentLoader.map
Gd,gd_2,3,,,,5,5,GameMessageDispatcher,Impossible de cr\u00e9er le ProxyClient : tous ces param\u00e8tres n'ont pas \u00e9t\u00e9 d\u00e9finis
HS,hs_0,3,,,,5,8,,([a-zA-Z]+) | ([^a-zA-Z0-9]) | Exception
IF,if_1,3,,,,13,3,,le convertisseur (template= | ) est d\u00e9j\u00e0 utilis\u00e9 ! | On essaye de trouver un convertisseur pour le type 
Ie,ie_2,3,,,axq_0,1,0,,reportBugDialog
Iv,iv_0,3,,,ahy_2,8,0,,key cannot be null
J,J,3,,,Runnable,1,0,,Exception
Je,Je,3,,Iy,,4,1,LoginProtocolDispatcher,AdminServerInstance
Jo,jo_0,3,,uc_1,,4,0,,"setOffset | bubbleId | , aos_1.elT, false), new LX("
KK,KK,3,,,Iterator,3,1,,remove
KS,ks_2,3,,,ul_0,12,10,,Tentative d'ajouter une sph\u00e8re \u00e0 la m\u00eame position qu'une autre : 
KV,kv_0,3,,uc_1,,4,1,,getZoomFactor | zoomValue | pas de camera associ\u00e9e \u00e0 CameraFunctionsLibrary
Kk,kk_2,3,,a_0,,4,0,,tree | ).append( | Impossible de trouver un renderableContainer \u00e0 la ligne 
LN,ln_2,3,,aj_1,fd_2,1,1,, values) }
LV,lv_0,3,,apc,,1,0,,sphereboard.selectedSphere | sphereBoardDialog | sphereBoard
LZ,lz_0,3,,nj_0,,1,0,,Worker (in OpenGL thread) | Worker running (in OpenGL thread) | Worker stopped
Lc,lc_2,3,,,hR,3,2,,contentLoader.achievementSubtype
Lu,lu_2,3,,apc,,1,0,ItemExchangeInvitationRequestMessage,cannotOpenUIWhenSearchingFight
MY,MY,3,,,hR,3,2,,contentLoader.achievementType
MZ,mz_2,3,,uc_1,,4,0,,setText | bubbleId | text
Mc,mc_0,3,,nj_0,,1,0,,Worker | Worker running | Worker stopped
Mh,mh_0,3,,ka_0,,2,2,,env-entry-name | Setting context variable [ | Failed to lookup JNDI env-entry [
Mi,mi_0,3,,,Gk,1,0,,Error while initializing Renderer : 
Mt,mt_0,3,,,JG,5,6,,Exception
Ne,ne_2,3,,,zc_2,7,4,,"Pas de position en Int pour cet inventaire, Utiliser une position en short"
Nn,nn_1,3,,,ov_1,1,0,,interactiveBubbleDialog
ON,on_1,3,,bv_1,ve_2,7,3,,decoratorSwitch
Oh,oh_1,3,,uc_1,,4,0,,import | libName | Erreur lors du chargement d'un script 
Ox,ox_0,3,,,ja_1,1,0,,saveProfileQuestion
Oy,oy_1,3,,,ja_1,1,0,,errorSavingFile
PD,pd_0,3,,Eq,,2,0,,fin de tour pr\u00e9matur\u00e9e du client :  |  au lieu de  | Error : 
PH,PH,3,,avg,Cloneable,24,1,, doesn't refer to a FilterChain
Q,q_0,3,,,hR,3,2,,contentLoader.challenge
QP,qp_0,3,,,acl_0,11,1,,Pool not open
Qb,qb_1,3,,uc_1,,4,0,,executeAllAction | actionType | actionId
RC,rc_2,3,,agf_2,,9,4,,"point | Param\u00e8tres invalides pour une AOE de type Point : 0 attendu,  |  fourni(s)"
Ra,ra_0,3,,aOE,TK,4,1,,static 
Sk,sk_1,3,,avg,"mx_2,Cloneable",12,4,, expects exactly one nested resource collection.
TU,tu_0,3,,,ja_1,1,0,,errorSavingFile
Ty,Ty,3,,,ja_1,1,0,,errorSavingFile
VD,vd_0,3,,aqk_0,gx_2,6,3,,comment
VM,vm_0,3,,lp_1,,2,4,,FighterCardUseZoneEffect | FighterCardUseRange | FighterCardUseRangeWithConstraint
Vj,vj_2,3,,,hR,3,2,,contentLoader.sphereBoard
WO,WO,3,,,hR,3,2,,contentLoader.tournament
WX,wx_1,3,,uc_1,,4,0,,updateGuildRank | guildId | blou
WY,WY,3,,,ThreadFactory,1,0,,AnmLoader #
Wg,wg_1,3,,uc_1,,4,0,,changeGamePreference | option | value
Wx,wx_0,3,,pD,,11,9,,BubbleBorder | displaySpark | sparkAngle
XB,xb_0,3,,,Runnable,1,0,,RenderTree Debug
Xf,xf_2,3,,apn_1,acf_1,5,2,,triggerAction
Xz,Xz,3,,alp,agk_1,29,1,,underlying native object already deleted
Yw,yw_0,3,,,JG,10,6,,Exception
ZB,zb_0,3,,,"aki_0,jA",9,6,,FPS Viewer
ZW,zw_1,3,,,hR,3,2,,contentLoader.calendarEvent
ZY,zy_1,3,,,,7,6,,).append(string2).append( | ).append(string).append( | ).append(string3).append(
Zl,zl_0,3,,,od_1,8,4,,Null argument disallowed
Zm,zm_2,3,,,Comparator,1,0,,root
Zx,zx_2,3,,,ajf_1,17,6,,LightMap window={
aAE,aae_1,3,,uc_1,,4,0,,abs | param | result
aAg,aag_2,3,,,,8,4,,).append(this.doW).append( | ).append(this.doX).append( | courante
aAh,aah_0,3,,,sb_2,6,0,,Impossible de charger le son d'id 
aBi,aBi,3,,akE,"aR,alW",8,4,,@deprecated
aBj,abj_1,3,,,,11,4,,XML parser factory has not been configured correctly:  | Cannot create parser for the given configuration:  | Document builder factory has not been configured correctly: 
aBs,abs_2,3,,ahz_0,,2,4,,auraRange | highLightGfxFile | mauvaisOeil.tga
aBt,abt_1,3,,jl_2,,11,2,FighterCardUseRequestMessage,itemIconUrl
aCK,ack_2,3,,,hR,3,2,,contentLoader.tournament
aDF,adf_2,3,,kB,acw_2,11,4,,; object #2 =
aDP,adp_1,3,,,hR,3,2,,contentLoader.summoning
aDQ,adq_0,3,,,Ga,15,10,,var
aDT,adt_2,3,,,"JG,ea_0",16,3,,ne peut arriver normalement
aDi,adi_1,3,,,ov_1,1,0,,dialog.terminate
aDm,adm_2,3,,,ja_1,1,0,,errorSavingFile
aDo,ado_1,3,,,ja_1,1,0,,saveProfileQuestion
aEj,aEj,3,,,ja_1,1,0,,questionUseItemOnFighter
aFF,aFF,3,,aqk_0,gx_2,5,3,,prefix
aFi,afi_0,3,,ZT,,9,2,,Erreur lors d'un checkOut sur un ChangeLook :  | Erreur lors d'un checkOut sur un ArenaRunningEffect :  | Nombre de param\u00e8tres incorrect dans un ChangeLook : 
aGl,aGl,3,,,hR,3,2,,contentLoader.event
aGs,aGs,3,,,Pq,6,1,,Rotation angle=%f
aGy,agy_1,3,,,ov_1,1,0,,interactiveBubbleDialog
aHm,ahm_2,3,,pt_2,,3,1,,StringCondition | length | startsWith
aIQ,aiq_1,3,,gi_2,,2,0,,"yyyy-MM-dd HH:mm:ss,SSS | ISO8601 | Could not instantiate SimpleDateFormat with pattern "
aIT,aIT,3,,qp_0,acl_0,9,3,,Objects are already active
aIp,aIp,3,,,hR,3,2,,contentLoader.proLeagueDefinition
aIz,aIz,3,,,yx_2,7,1,,Circular mapper containment condition detected
aJU,aju_2,3,,uc_1,,4,0,,close | bubbleId | interactiveBubbleDialog
aJa,aja_1,3,,,,11,7,,"C'est pas un peu abus\u00e9, comme taille :  |  Map ajout\u00e9e non valide. index :  |  attendu : "
aKA,aka_2,3,,,dE,11,3,,AnimStatique
aLX,alx_2,3,,jl_2,,11,2,SpellCastRequestMessage,iconUrl
aLd,ald_1,3,,uc_1,,4,0,,trace | message | [ligne: 
aMF,amf_2,3,,,Pq,11,3,,Position x=%f y=%f z=%f
aMp,amp_1,3,,,,7,3,,Aucune factory d'enregistr\u00e9e pour un \u00e9l\u00e9ment interactif de type  | Aucune d\u00e9finition trouv\u00e9e pour l'instance d'\u00e9lement interactif  | Exception lors de InteractiveElementFactory.createInteractiveElement(
aMu,amu_1,3,,ag,,5,4,, : OpenGL version  |  not available :  |  present on system}
aMw,amw_1,3,,uc_1,,4,1,,setMoveSpeedFactor | speedFactor | pas de camera associ\u00e9e \u00e0 CameraFunctionsLibrary
aNK,ank_1,3,,,hR,3,2,,contentLoader.fusionLaboratoryDefinition
aNi,aNi,3,,ii_2,,1,0,,%PARSER_ERROR_ | Failed to instantiate converter class [ | There is no conversion class registered for conversion word [
aNk,aNk,3,,,,8,2,,aNk | You have to provide a subclass from EnumeratedAttribut as clazz-parameter. |  is not a legal value for this attribute
aNu,aNu,3,,,cn_1,7,3,,Probl\u00e8me au borrowObject.
aOA,aoa_2,3,,avp_0,,5,1,NetworkMessage,zaapDialog
aOO,aoo_1,3,,ka_0,,3,0,,No name attribute in <param> element | name | value
aOU,aou_2,3,,,ja_1,1,0,,questionUseItemOnFighter
aPq,apq_0,3,,,ov_1,1,0,,interactiveBubbleDialog
aPr,apr_0,3,,uc_1,,4,0,,addGuildMember | guildId | memberId
aaR,aaR,3,,,,14,9,,transform | probl\u00e8me cr\u00e9ation highlight entity layer= |  cellCount=
aaa,aaa,3,,Eq,,2,3,,replayDialog | replayIdentificationCertificate | tutorialMode
aak,aak,3,,ag_2,JG,5,5,,Erreur lors d'un checkOut sur un message de type ItemExchangerEndEvent : 
abK,abk_2,3,,qp_0,acl_0,9,6,,Objects are already active
abq,abq_1,3,,aNk,,1,0,,hashvalue | digest | checksum
aca,aca,3,,,,1,0,AssetBinaryReader,shape type unsupported
adO,ado_2,3,,,,5,1,UiEventBus,dofusarena.exchange
ady,ady_2,3,,,GLUtessellatorCallback,12,2,,Tessellation Error: 
aeA,aeA,3,,,,9,1,UiEventBus,dofusarena.firework
aem,aem_2,3,,,vd_1,15,0,,SNO: StringReader throws IOException
aeu,aeu_2,3,,,apG,6,1,,new 
afX,afx_1,3,,avg,mx_2,9,4,,")) : csY, "
afx,afx_0,3,,uc_1,,4,0,,setDialogProperty | property | value
ahI,ahI,3,,uc_1,,4,1,,setZoomSpeedFactor | speed | pas de camera associ\u00e9e \u00e0 CameraFunctionsLibrary
ahR,ahr_2,3,,adg_2,,34,20,,sphereBoard | clickEnabled | 100.xps
aiX,aix_2,3,,qd_0,,20,4,,Connexion au proxy : | connect : | Aucun proxy n'est disponible
aib,aib,3,,ii_2,ayx,5,0,,name has been already set
aiv,aiv_2,3,,rf_0,"Fc,px_2",13,4,,CircularList
ajg,ajg_0,3,,uc_1,,4,0,,"positionToLong | , aos_1.elU, false), new LX( | result"
akE,akE,3,,aj_1,TK,4,2,,"Enclosing scope is already set for statement \"""
akT,akt_1,3,,uc_1,,4,0,,executeAction | actionUID | actionExists
akx,akx_0,3,,,Iterator,3,0,,remove
alE,ale_2,3,,amh,,0,3,,block | type_declaration | compilation_unit
alM,alm_1,3,,,,8,3,, (as int) |  (as long) |  (as float)
alO,alo_2,3,,,,5,4,AssetBinaryReader,fichier incorrect 
alQ,alQ,3,,adg_2,"SF,aHq",16,11,,WorldPositionMarker
alf,alf_1,3,,,"Iterable,m_0",24,14,,Exception levee lors de la d\u00e9spplication d'un effet
alt,alt_0,3,,aNZ,,13,9,,value | comparedValue | key
aly,aly_1,3,,akf_1,,2,2,,data.bdat | indexes.bdat | SimpleBinaryStorage
amN,amn_0,3,,,ja_1,1,0,,cannotOpenUIWhenSearchingFight
ana,ana_2,3,,,aho_0,11,8,,message
ang,ang,3,,cg_2,pn_1,4,0,,"Modifiers \""protected\"", \""private\"" and \""static\"" not allowed in package member interface declaration"
anh,anh_0,3,,,apG,8,1,, : (object == null ? 
aoC,aoc_0,3,,,Pq,15,1,,Matrix2D
aoY,aoY,3,,,hR,3,2,,contentLoader.achievement
aog,aog_0,3,,,zc_2,7,3,,"Pas de position en Int pour cet inventaire, Utiliser une position en short"
aot,aot_0,3,,uc_1,,4,2,,"displayFlyingValue | , aos_1.elU, false), new LX( | wci"
apS,apS,3,,,hR,3,2,,contentLoader.spell
aqQ,aqQ,3,,,ja_1,1,0,,Cas impossible \u00e0 traiter : type \u00e9gal \u00e0 
aqR,aqr_0,3,,,ja_1,1,0,,fight.creation.waitingForOpponentCoach
aqU,aqu_0,3,,,,4,0,,\tat  |  common frames omitted | Caused by: 
aqf,aqf_0,3,,vn_2,,4,1,,On essaie d'ajouter  |  de type  |  \u00e0 une liste de valeur num\u00e9rique
aqt,aqt,3,,akE,,2,3,,try ...  |  catches |  catches ... finally
arJ,arj_0,3,,ii_2,ei_2,14,1,,text/plain
asT,asT,3,,ii_2,aio_2,3,0,,LoggerContextAwareBase only accepts contexts of type c.l.classic.LoggerContext
asW,asW,3,,uc_1,,4,0,,updateGuild | guildId | guildName
asq,asq,3,,aht_1,,15,9,,WindowResizePoint | WRP | pointAlign
atJ,atJ,3,,,ListIterator,10,3,,must invoke next or previous before invoking remove
atZ,atZ,3,,uc_1,,4,0,,"enableDragNDrop | dialog | , aos_1.elS, false), new LX("
ati,ati_0,3,,,gi,46,18,,"ambient  = [%f, %f, %f, %f]  use = %b\ndiffuse  = [%f, %f, %f, %f]  use = %b\nspecular = [%f, %f, %f, %f]  use = %b\nemission = [%f, %f, %f, %f]  use = %b"
atp,atp_0,3,,,hR,3,2,,contentLoader.fighterCondition
aty,aty_0,3,,aat_0,aDa,2,1,,Missing contains in containsstring
auC,auC,3,,,Cloneable,5,2,,Exception
auR,aur_0,3,,dm_1,,4,2,,antlib:org.apache.tools.ant | ant: | Attempt to use a reserved URI 
auV,auV,3,,,Comparator,2,0,,EqualComparator
auw,auw_0,3,,UC,,1,3,AssetBinaryReader,type de condition inconnu 
avt,avt_0,3,,avg,Cloneable,9,3,, doesn't refer to a FilterReader
awJ,awj_0,3,,uc_1,,4,0,,XvsXInvitation | invitedId | allyId
awb,awb,3,,nu_1,,17,7,,Impossible d'initialiser une source audio :  | On ne peut pas jouer une source nulle | Erreur durant la lecture de la source
axR,axR,3,,uc_1,,4,0,,toString | param1 | result
axY,axy_0,3,,adg_2,,24,8,,Video | path | onTimeChange
axc,axc_0,3,,,Serializable,6,5,,file:
axf,axf,3,,aNZ,,14,8,,Item | attribute | field
ayK,ayk_0,3,,,awG,7,3,,count=
ayP,ayp_0,3,,gk_0,pn_1,5,0,,"Modifiers \""protected\"", \""private\"" and \""static\"" not allowed in package member class declaration"
ayU,ayU,3,,uc_1,,4,0,,updateGuildMember | guildId | memberId
ayX,ayx_0,3,,adg_2,,14,8,,graph | content | cellSize
ayj,ayj,3,,lp_1,,2,3,,CloseCombatZoneEffect | CloseCombatRange | CloseCombatRangeWithContraint
azh,azh,3,,,,6,4,,pas de map de combat pour l'instance  | teamId invalid  | startPoint
azk,azk,3,,,ut_0,11,5,,impossible d'ajouter un sort \u00e0 l'inventaire des sorts
azu,azu_0,3,,,FilenameFilter,1,0,,.bdat
bT,bt_1,3,,uc_1,,4,0,,setMusicMix | targetGain | fadeOutTime
bf,bf_2,3,,ii_2,,10,1,,Could not open URL [ | Could not open [ | Could not close [
bj,bj,3,,,abc_2,1,2,,Class name may not be null
cB,cb_0,3,,aqq_0,,13,5,,CheckBox | ToggleButton | selected
cZ,cZ,3,,UC,,1,3,AssetBinaryReader,type de definition inconnu 
dG,dg_1,3,,uc_1,,4,1,,setZoomFactor | zoomValue | pas de camera associ\u00e9e \u00e0 CameraFunctionsLibrary
dS,ds_1,3,,ZT,,9,4,,Erreur lors d'un checkOut sur un ArenaRunningEffect :  | Pas de contexte associ\u00e9 \u00e0 un SetEffectArea. | Pas d'effectUserInformationProvider associ\u00e9 \u00e0 un SetEffectArea.
db,db_1,3,,uc_1,,4,0,,createGuildRank | guildId | blou
dq,dq_1,3,,,hR,3,2,,contentLoader.sphereBoard
eh,eh_2,3,,,hR,3,3,,contentLoader.card
eq,eq_0,3,,aht_1,,15,12,,LayeredContainer | on essaye de set la position d'un widget dans un layer \u00e0 une position inf\u00e9rieure \u00e0 0 | on essaye de set la position d'un widget dans un layer \u00e0 une position trop grande
er,er_1,3,,yl_1,zj_2,13,4,,AnimStatique
fi,fi,3,,,FilenameFilter,1,0,,.ogg
gA,ga_1,3,,,FilenameFilter,1,1,,.jar
gG,gg_0,3,,UC,,1,12,AssetBinaryReader,type de condition inconnu 
gk,gk_0,3,,azV,"aao_0,alW",4,4,,@deprecated
gr,gr_0,3,,,ja_1,1,0,,notEnoughMembersDialog
gs,gs_1,3,,,ja_1,1,0,,notEnoughMembersDialog
hg,hg,3,,uc_1,,4,0,,toLong | param | result
hh,hh_2,3,,tp_1,,11,6,,ANMInteractiveElementPath | Cet ClientInteractiveElementView n'a pas de mod\u00e8le associ\u00e9. | impossible de recuperer le path depuis la config 
iD,id_1,3,,,wb_2,2,1,,The Not ResourceSelector accepts a single nested ResourceSelector
iF,if_2,3,,aNk,,1,7,,fail | warn | ignore
jM,jm_0,3,,cn_0,"alx_0,cn_1",35,6,,Erreur de release sur un 
jN,jN,3,,,Runnable,9,8,,Exception 
jW,jW,3,,,awG,7,1,,properties=
js,js_1,3,,,,11,1,,tga | Exception | jpeg
jv,jv,3,,,sq_1,5,0,,passivateObject exception
kB,kB,3,,,Cloneable,19,9,,Factor must be >= 0: 
kl,kl_0,3,,,Runnable,1,0,,"Too high ping detected : Server reply number is low, "
lB,lb_1,3,,,Iterator,3,2,,remove
lJ,lJ,3,,,,18,9,,"toggleModified sur un BinaryStorable flagg\u00e9 UNUSED  | Bstorable type: | , version:"
lP,lP,3,,aNH,ri_0,8,7,,"La source est attach\u00e9e \u00e0 une cible, on ne changera pas la position de la cible \u00e0 travers la source."
mW,mw_2,3,,ZT,,8,3,,Erreur lors d'un newInstance sur un MapDestruction :  | Erreur lors d'un checkOut sur un MapDestruction :  | Nombre de param\u00e8tres incorrect pour une destruction de map : 
mb,mb_1,3,,,Runnable,1,0,,connection.retrying
nN,nn_2,3,,,Pq,9,2,,Scaling : x=%f y=%f
ne,ne_0,3,,,hR,3,2,,contentLoader.sphereBoard
nr,nr_2,3,,pt_2,,2,4,,BitwiseOperation | and | not
o,o,3,,,,3,1,UiEventBus,dofusarena.randomFightSearch
oG,og_0,3,,,Pq,9,1,,RotateSkew x=%f y=%f
om,om_1,3,,adi_0,,3,4,,"Inner class constructor lacks magic first parameter | Magic first parameter of inner class constructor has type \"" | \"" instead of that of its enclosing instance (\"""
on,on_2,3,,ve_0,,5,5,,usable | smallDescription | )).append(
oq,oq,3,,do_1,,8,4,,"Action performed on interactive element :  | null | [GameDesign] un ZoneTrigger poss\u00e8de 3 param\u00e8tres, le script qu'il lance, l'achievement n\u00e9cessaire pour l'activer et l'achievement apr\u00e8s lequel il ne s'active plus"
ot,ot,3,,uc_1,,4,0,,removeGuildMember | guildId | memberId
pe,pe_1,3,,uc_1,,4,0,,gotoAnimation | animationName | percent
pg,pg_0,3,,uc_1,,4,0,,isMobileVisible | mobileId | visible
qF,qf_2,3,,a_0,,18,17,,rows | columns | align
qG,qg_0,3,,,,20,5,,La taille du tableau doit \u00eatre >= 0 | L'incr\u00e9ment de taille growth doit \u00eatre >= 1 | Le tableau ne peut \u00eatre nul
qJ,qJ,3,,,,3,1,UiEventBus,dofusarena.achievement
qd,qd_1,3,,,aHq,18,8,,probl\u00e8me lors de l'arr\u00eat d'un syst\u00e8me de particule
qe,qe,3,,nu_1,,14,8,,le son  |  ne peut pas \u00eatre pr\u00e9par\u00e9 | Pas d'acc\u00e8s direct \u00e0 la liste des sources du FieldSourceGroup
rs,rs_2,3,,,,13,3,,Statistiques (type =  | ).append(s).append( | ).append(alm_12).append(
tD,tD,3,,and_1,gx_2,17,5,,Only one tokenizer allowed
tr,tr,3,,,azy_0,3,3,,Erreur de cr\u00e9ation de l'URL \u00e0 partir de l'ID sp\u00e9cif\u00e9 : r\u00e9sultat = 
uD,ud_0,3,,,,4,5,,Not allowed to use the polymorphic form for this element | Unable to create object of type  | Invalid type used 
uN,un_1,3,,,Serializable,5,1,,Unreachable code
uc,uc_0,3,,ZT,,9,1,,Erreur lors d'un checkOut sur un AdaptLook :  | Erreur lors d'un checkOut sur un ArenaRunningEffect :  | Nombre de param\u00e8tres incorrect dans un AdaptLook : 
ux,ux_1,3,,,hR,3,2,,contentLoader.cardSet
vs,vs_2,3,,UC,,2,3,AssetBinaryReader,type de condition inconnu 
wE,we_1,3,,asn,,21,2,,"Loading IClass \"" | Cannot load class \"" | \"" through the given ClassLoader"
wL,wl_1,3,,,"JG,ju_0",6,4,,Double release de 
wT,wt_0,3,,Ik,,8,1,,Missing discriminator. Aborting | Discriminator has not started successfully. Aborting | Failed to build appender for [
wZ,wz_2,3,,aht_1,,12,6,,DisplayContainer | contentSize | duration
wo,wo_2,3,,aqk_0,gx_2,5,3,,linebreaks
xF,xf_0,3,,jz_0,,6,1,,"java.lang.String | Field \"" | \"" is not accessible"
xP,xp_1,3,,aj_1,aim_2,2,3,,Enclosing TYR statement already set for catch clause 
xQ,xq_1,3,,,FilenameFilter,1,0,,.lua
xa,xa,3,,alb_0,TK,4,3,,"Enclosing scope is already set for statement \"""
xe,xe_0,3,,km_1,,3,2,,"Enclosing block statement for rvalue \"" |  is already set | Enclosing scope already set for type \"""
xs,xs_0,3,,,hR,3,2,,contentLoader.dialogReply
yK,yk_0,3,,ZT,,8,1,,Erreur lors d'un checkOut sur un MPLoss :  | Erreur lors d'un checkOut sur un  | Nombre de param\u00e8tres incorrect dans un MPLoss : 
zl,zl,3,,oi_2,,4,3,,"System.out | System.err | Using previously set target, System.out by default."
AC,ac_0,2,,,ov_1,1,0,,
AR,ar_1,2,,,Iterator,3,0,,
AU,AU,2,,,aLR,1,0,,
Ac,Ac,2,,,apx,1,0,,
Ad,Ad,2,,uc_1,,4,0,,guildChangeIcon | guildId
Af,Af,2,,ZT,,8,2,,Erreur lors d'un newInstance sur un CardEquipped :  | Erreur lors d'un checkOut sur un CardEquipped : 
Ag,ag_1,2,,,pm_1,2,0,,
Ak,ak_1,2,,,Comparator,1,1,,
Am,am_0,2,,,ov_1,1,0,,
An,An,2,,,ov_1,1,0,,
Ao,ao_1,2,,,ov_1,1,0,,
Ay,ay_2,2,,ig_1,,5,1,,Erreur lors d'un checkOut sur un  | Nombre de param\u00e8tres incorrect dans un 
BD,bd_1,2,,yu_2,aht_2,22,9,,
BE,be_0,2,,auu_0,mx_2,4,0,,
BG,bg_2,2,,,,1,4,AssetBinaryWriter,
BH,bh_2,2,,,px_1,1,0,,
BL,bl_2,2,,,sg_1,1,0,,
Bd,bd_0,2,,aec_0,xu_1,13,3,,
Bh,bh_0,2,,,yx_0,1,0,,
Bj,bj_1,2,,,yx_0,1,0,,
Bq,bq_0,2,,,Comparator,1,0,,
Bu,bu_2,2,,,aji_0,1,0,,
CK,ck_1,2,,,ge_0,5,7,,
CN,CN,2,,,,2,2,,Impossible d'ajouter la d\u00e9finition de laboratoire de fusion  |  : Equivalent d\u00e9j\u00e0 trouv\u00e9 
CR,cr_0,2,,,Serializable,2,1,,
CW,cw_0,2,,amh,,0,2,,named_type_declaration | compilation_unit
Ca,ca_1,2,,apm_0,,1,1,,"Opening resource \"" | Reading resource \"""
Ch,ch_2,2,,,Iterable,78,32,,
Ci,ci_0,2,,,Iterator,4,3,,
Cr,cr_2,2,,hx_1,aeo_0,3,1,,
Ct,Ct,2,,uc_1,,4,0,,writeInChat | message
D,D,2,,,aca_2,2,1,,
DA,da_2,2,,,ov_1,1,0,,
DK,dk_2,2,,,sg_1,2,1,,
Dx,dx_0,2,,,ov_1,1,0,,
Dz,dz_0,2,,,ov_1,1,0,,
EF,ef_0,2,,aqk_0,gx_2,3,1,,
EW,ew_1,2,,,QG,1,0,,
Em,em_1,2,,alt_0,,2,1,,isEqual | null
Eo,eo_0,2,,,aoU,2,1,,
Eq,Eq,2,,,,21,11,,{Action UID= |  type=
FD,fd_0,2,,,zD,1,0,,
FQ,fq_0,2,,,ja_1,1,0,,
Fg,fg_1,2,,,Iterator,3,2,,
Fn,Fn,2,,,ov_1,1,0,,
Fo,fo_2,2,,,Comparator,1,1,,
Fq,Fq,2,,,ov_1,1,0,,
Fv,fv_2,2,,aiz_1,Iterator,3,1,,
GD,GD,2,,,Comparator,1,0,,
GG,gg_2,2,,,xu_1,25,6,,
GI,gi_2,2,,aci_2,aio_2,10,0,,
GL,gl_1,2,,akE,,2,1,,break; | break 
GT,GT,2,,anw,,4,2,,super. | .super.
Ge,ge_2,2,,,zh_0,1,1,,
Gi,gi_1,2,,aat_0,"aDa,gx_2",4,1,,
HA,HA,2,,,tf_0,1,0,,
HL,HL,2,,,Comparator,1,0,,
HO,ho_1,2,,,px_1,1,0,,
HP,HP,2,,,di_2,2,1,,
HQ,HQ,2,,,Comparator,1,0,,
HR,hr_1,2,,,Comparator,1,0,,
HT,ht_0,2,,,hm_0,2,1,,
HX,hx_0,2,,,st_1,2,1,,
Hb,hb_2,2,,,,2,1,,No enum  |  with value 
Hd,hd_0,2,,,,6,0,,"Unexpected element \"" | Unexpected text \"""
Hq,hq_0,2,,,ov_1,1,0,,
Hr,hr_0,2,,,apG,6,1,,
Hx,hx_1,2,,avg,R,5,1,,
IG,ig_0,2,,,aLR,1,0,,
IH,IH,2,,,aLR,1,0,,
IK,ik_2,2,,,Serializable,8,5,,
IM,im_0,2,,,ff_1,5,1,,
Ig,ig_1,2,,ZT,,22,7,,Erreur lors d'un checkOut sur un  | Nombre de param\u00e8tres incorrect dans un HPLoss : 
Ij,ij_0,2,,and_1,gx_2,2,1,,
JB,jb_0,2,,,ov_1,1,0,,
JD,jd_1,2,,,ov_1,1,0,,
JF,jf_1,2,,,,3,0,,Unexpected array or initializer class  | (null)
JH,jh_0,2,,,ov_1,1,0,,
JJ,jj_0,2,,,ov_1,1,0,,
JK,jk_0,2,,,PrivilegedAction,1,2,,
JM,jm_1,2,,,PrivilegedAction,1,1,,
JR,jr_1,2,,akE,,2,1,,return; | return 
JS,js_2,2,,aat_0,"aDa,gx_2",2,1,,
JZ,jz_0,2,,,ff_0,8,1,,
Ji,ji_0,2,,uc_1,,4,0,,testName | zefezf
Jj,jj_2,2,,,Enumeration,2,0,,
Js,js_0,2,,,hY,16,16,,
Jt,jt_1,2,,aj_1,,1,3,, case label(s) plus DEFAULT |  case label(s)
Jz,jz_1,2,,,ov_1,1,0,,
KQ,kq_0,2,,,qo_1,6,1,,
KT,kt_0,2,,,afw_0,4,1,,
KW,KW,2,,,afw_0,4,1,,
KY,ky_0,2,,,EO,26,1,,
KZ,kz_0,2,,,awv_0,21,3,,
Kb,kb_0,2,,ZT,,8,2,,Erreur lors d'un checkOut sur un HPGain :  | Nombre de param\u00e8tres incorrect dans un HPGain : 
Kl,kl_1,2,,vi_2,Externalizable,26,1,,
Kx,kx_0,2,,,ov_1,1,0,,
LB,lb_2,2,,,,11,4,,m_focused ( | ) n'est pas enregistr\u00e9 dans les listes de widgets Focusables
LE,le_2,2,,,bv_2,10,4,,
LI,li_1,2,,a_0,qn_1,5,0,,
LJ,lj_0,2,,aec_0,xu_1,9,2,,
Le,Le,2,,,awv_0,21,2,,
Lg,lg_1,2,,,EO,26,3,,
Lh,lh_2,2,,,amy_0,1,0,,
Lr,Lr,2,,,aiq_2,8,6,,
Lv,lv_1,2,,,,2,1,,No enum  |  with value 
Lx,lx_2,2,,,cs_2,2,0,,
MD,md_2,2,,,adp_0,1,2,,
ME,me_1,2,,ZT,,8,1,,Erreur lors d'un checkOut sur un HPDebuff :  | Nombre de param\u00e8tres incorrect dans un HPDebuff : 
MF,mf_1,2,,,ayt_0,1,0,,
Ma,Ma,2,,,aDN,1,0,,
Mf,Mf,2,,,aho_0,8,4,,
Mg,Mg,2,,,aLR,1,0,,
Ms,Ms,2,,akE,,2,1,,continue; | continue 
NA,na_2,2,,ZT,,10,9,,Erreur lors d'un checkOut sur un Push :  | Nombre de param\u00e8tres incorrect dans un Push : 
NC,NC,2,,ZT,,10,5,,Erreur lors d'un checkOut sur un CharacGain :  | Nombre de param\u00e8tres incorrect dans un CharacGain : 
NP,np_0,2,,,cl,2,4,,
NQ,nq_1,2,,uc_1,,4,1,,isMobile | mobileId
Nc,nc_1,2,,,ra_2,8,0,,
Ni,ni_1,2,,,Iterator,3,0,,
Ny,ny_0,2,,,Iterator,3,1,,
O,o_0,2,,aec_0,xu_1,11,2,,
OM,om_2,2,,,ov_1,1,0,,
OO,oo_2,2,,,ov_1,1,0,,
OP,op_2,2,,,ja_1,1,0,,
OQ,oq_2,2,,,ov_1,1,0,,
Ok,ok_1,2,,,jp_1,12,2,,
Os,os_0,2,,avg,"mx_2,Cloneable",14,3,,
Ot,ot_1,2,,uc_1,,4,0,,deleteActor | mobileId
PF,pf_0,2,,,,7,2,,"ObjectPair{m_first= | , m_second="
PK,pk_0,2,,vi_2,Externalizable,26,1,,
PP,pp_2,2,,,all_1,11,0,,
PT,PT,2,,arj_0,,10,1,,"PATTERN_RULE_REGISTRY | Failed to parse pattern \"""
Pf,Pf,2,,,Iterator,3,2,,
Pz,pz_1,2,,uc_1,,4,0,,removeGlobalLight | lightId
QB,QB,2,,,QG,1,3,,
QJ,qj_1,2,,,QG,1,1,,
QM,qm_0,2,,,Comparator,1,0,,
QR,qr_1,2,,,,2,1,,No enum  |  with value 
Qa,Qa,2,,,,5,6,,Stream must not be call if the file is already loaded | Stream must not be call if the file loading has failed
Qf,qf_0,2,,,Iterator,5,3,,
Qu,qu_1,2,,,ov_1,1,0,,
Qv,qv_1,2,,,ov_1,1,0,,
Qw,qw_2,2,,,ov_1,1,0,,
Qx,qx_1,2,,,ov_1,1,0,,
Qy,qy_1,2,,,ov_1,1,0,,
Qz,qz_0,2,,Thread,,4,5,,AsyncLoader | An error occurs while streaming the url 
RD,rd_2,2,,ka_0,afI,4,0,,
RJ,rj_0,2,,,xf,2,1,,
RM,rm_2,2,,,RectVisitor,1,0,,
RP,RP,2,,,aca_2,1,0,,
RW,rw_0,2,,,Comparator,1,0,,
RX,rx_1,2,,,Comparator,1,0,,
Rf,rf_1,2,,,Comparator,1,0,,
Rw,rw_1,2,,,axq_0,1,1,,
SA,sa_0,2,,apc,,1,0,,chat.selectedPipe | chat.pipeName.teammate
SC,sc_0,2,,apc,,1,0,,chat.selectedPipe | chat.pipeName.guild
SD,sd_0,2,,apc,,1,0,,chat.selectedPipe | chat.pipeName.trade
SI,si_1,2,,,Enumeration,2,3,,
SJ,SJ,2,,,Comparator,1,1,,
SU,su_0,2,,uc_1,,4,0,,getCaster | instigatorId
SX,sx_1,2,,,ov_1,1,0,,
SY,sy_2,2,,,ov_1,1,0,,
SZ,sz_1,2,,,ov_1,1,0,,
Sa,sa_2,2,,ZT,,9,5,,Erreur lors d'un checkOut sur un Pull :  | Nombre de param\u00e8tres incorrect dans un Pull : 
Sf,sf_2,2,,,ActionListener,1,0,,
Sh,sh_2,2,,,ActionListener,1,0,,
Si,si_2,2,,,ActionListener,1,0,,
Sv,sv_1,2,,ArrayList,,22,8,,Impossible d'inserer un \u00e9l\u00e9ment \u00e0 un index donn\u00e9. | Impossible d'inserer des \u00e9l\u00e9ments \u00e0 un index donn\u00e9.
Sy,sy_1,2,,apc,,1,0,,chat.selectedPipe | chat.pipeName.vicinity
T,T,2,,,apx,1,0,,
TA,ta_0,2,,ee_2,,6,3,,pas assez de donn\u00e9es pour completer la cr\u00e9ation d'un Fighter | Erreur lors de l'ajout d'un sort \u00e0 un SummonedFighter :
TI,ti_2,2,,,ov_1,1,0,,
TR,tr_1,2,,,"abr_1,aii_0,ea_0",14,5,,
Ta,ta_1,2,,,ov_1,1,0,,
Tc,Tc,2,,,hY,5,5,,
U,U,2,,,apx,1,0,,
UN,un_0,2,,,ap_1,2,1,,
US,us_1,2,,,aim_2,1,1,,
UT,ut_1,2,,ig_2,,4,2,,WALK_IN_FIGHT | AnimMarche02
UX,UX,2,,,,1,5,AssetBinaryWriter,
Ue,Ue,2,,ant_2,mx_2,8,1,,
Uo,Uo,2,,uc_1,,4,0,,"getPosition | , aos_1.elU, false), new LX("
Uv,uv_1,2,,,,8,1,,local stack reference | Unexpected exception
Uw,uw_1,2,,,FilenameFilter,1,2,,
V,V,2,,,Comparator,1,0,,
VB,vb_1,2,,,Comparable,28,6,,
VJ,VJ,2,,,aOV,1,0,,
VX,vx_1,2,,aap_0,,4,2,,Aucune d\u00e9finition pour la vue de viewModelId= | Aucune factory d'enregistr\u00e9e pour le viewTypeId=
VY,vy_1,2,,us,Externalizable,26,1,,
VZ,vz_1,2,,,ayi,14,1,,
Vd,vd_1,2,,,,14,3,,org.codehaus.janino.source_debugging.enable | org.codehaus.janino.source_debugging.dir
Vx,vx_2,2,,,amn_1,3,0,,
Vy,vy_2,2,,,amn_1,3,0,,
WJ,wj_1,2,,,aE,2,1,,
WQ,wq_2,2,,,Pi,9,2,,
Wb,Wb,2,,,Iterator,3,3,,
Wj,wj_0,2,,se_1,,3,0,,.jar | .zip
Wk,wk_2,2,,aei_2,,9,5,,Color can't be null | Object is already checked out
Wr,wr_1,2,,,Dw,2,1,,
Wt,Wt,2,,,Comparator,1,0,,
Wu,wu_0,2,,,Comparator,1,0,,
XA,xa_1,2,,,ro_1,2,1,,
XD,XD,2,,aNk,,1,2,,properties | xml
XK,xk_2,2,,,gg_1,2,1,,
XQ,xq_0,2,,,aLR,1,0,,
XU,xu_2,2,,ayb,,23,4,,activateMapVisualEffect | sea
XW,XW,2,,,cj_1,2,1,,
XX,xx_0,2,,aNk,,1,0,,srconly | both
Xc,xc_0,2,,,pq_2,1,0,,
Xm,xm_2,2,,,,2,1,,No enum  |  with value 
Xo,xo_1,2,,qs_0,,2,3,,AnimTacle | fight.tackled
Xp,xp_2,2,,ub_1,,7,0,AssetBinaryReader,
Xr,xr_2,2,,,Runnable,1,0,,
YJ,yj_1,2,,,apx,1,0,,
YK,yk_1,2,,,apx,1,0,,
YM,ym_1,2,,,apx,1,0,,
YQ,yq_0,2,,,apG,6,2,,
Yb,yb_2,2,,,aoy_1,20,13,,
Yf,yf_2,2,,aNk,,1,2,,file | dir
Yh,yh_2,2,,,ov_1,1,0,,
Yk,Yk,2,,aea_0,,2,0,,"Impossible de d\u00e9s\u00e9rialiser une partie de %s : caster inconnu : %d sur un effet de type %d - %s | pas de contexte, impossible de r\u00e9cuperer la cible type de RE : "
Yo,yo_0,2,,,apx,1,0,,
Z,Z,2,,,apx,1,0,,
ZD,zd_1,2,,ZT,,10,6,,Erreur lors d'un newInstance sur un  | Nombre de param\u00e8tres incorrect dans un 
ZG,zg_1,2,,,"rk_0,eU",10,5,,
ZL,zl_1,2,,,,19,19,AssetBinaryWriter,
Zf,zf_1,2,,,aew_0,3,3,,
Zj,zj_1,2,,ZT,,10,6,,Erreur lors d'un checkOut sur un CharacDebuff :  | Nombre de param\u00e8tres incorrect dans un CharacDebuff : 
Zk,zk_2,2,,,Dw,2,1,,
Zv,zv_2,2,,auu_0,mx_2,5,0,,
a,a_0,2,,amx_1,aiD,6,2,,
aAM,aam_0,2,,,,5,5,ActorAppearMessage,
aAP,aap_1,2,,Enum,,5,0,,Pas s\u00e9rialisable:  | Pas s\u00e9rialisable: id 
aAS,aas_2,2,,,,2,1,,No enum  |  with value 
aAc,aac_1,2,,,pq_2,1,0,,
aAe,aAe,2,,,pq_2,1,0,,
aAi,aAi,2,,uc_1,,4,0,,destroyGuild | guildId
aAl,aal_1,2,,,pq_2,1,0,,
aAy,aay_1,2,,,,3,0,NetworkMessage,
aBM,abm_2,2,,mT,gj_2,51,31,,
aBU,abu_2,2,,,,2,1,,No enum  |  with value 
aBg,aBg,2,,,aw_2,1,0,,
aBl,abl_0,2,,,Serializable,5,2,,
aBm,abm_0,2,,,,2,1,,No enum  |  with value 
aBp,aBp,2,,aMP,Externalizable,14,0,,
aBr,abr_2,2,,,ov_1,1,0,,
aCR,acr_0,2,,,CharacterIterator,11,0,,
aCT,act_0,2,,,Comparator,2,1,,
aCU,acu_0,2,,,,2,1,,No enum  |  with value 
aCV,aCV,2,,,nm_1,2,1,,
aCc,aCc,2,,,ov_1,1,0,,
aCo,aCo,2,,,apx,1,0,,
aDC,adc_2,2,,,Comparator,1,0,,
aDV,adv_1,2,,uc_1,,4,0,,getPlayer | localPlayerId
aDc,aDc,2,,,apx,1,0,,
aDg,adg_0,2,,,,6,3,,Effet initialis\u00e9 :  | Effet incompatible avec le mat\u00e9riel : 
aDj,adj_2,2,,MouseAdapter,MouseMotionListener,7,5,,
aDq,adq_1,2,,,,5,0,NetworkMessage,
aDt,adt_1,2,,,,0,0,,logback.statusListenerClass | SYSOUT
aDx,adx_2,2,,,apx,1,0,,
aEH,aEH,2,,,jp_1,12,2,,
aEL,ael_0,2,,,Comparator,1,0,,
aEM,aem_0,2,,,Comparator,1,0,,
aEX,aex_2,2,,,ja_1,1,0,,
aEb,aeb_2,2,,,Pq,2,6,,
aEh,aeh_0,2,,,ja_1,1,0,,
aEi,aei_0,2,,,ja_1,1,0,,
aEm,aEm,2,,,NE,4,0,,
aEn,aEn,2,,,ja_1,1,0,,
aEo,aEo,2,,,xy,1,0,,
aEq,aEq,2,,,xy,1,0,,
aEs,aEs,2,,,NE,4,0,,
aFB,afb_0,2,,and_1,gx_2,2,3,,
aFK,afk_0,2,,,pm_1,1,0,,
aFU,afu_0,2,,,ov_1,1,0,,
aFV,afv_1,2,,,apx,1,0,,
aFW,afw_1,2,,,ov_1,1,0,,
aFX,afx_2,2,,,apx,1,0,,
aFZ,afz_2,2,,,apx,1,0,,
aFb,afb_2,2,,,ap_1,2,1,,
aFj,afj_0,2,,ws_2,Externalizable,23,1,,
aFt,aft_2,2,,,ov_1,1,0,,
aGI,aGI,2,,,arV,2,0,,
aGK,agk_0,2,,,ov_1,1,0,,
aGM,agm_0,2,,,ov_1,1,0,,
aGR,agr_1,2,,,Iterator,3,1,,
aGU,aGU,2,,,Enumeration,2,1,,
aGW,agw_0,2,,,,6,2,,Caught Exception while in Loader.getResource. This may be innocuous. | logback.ignoreTCL
aGc,agc_1,2,,vo_0,,2,0,NetworkMessage,
aGx,aGx,2,,,,6,1,AssetBinaryWriter,
aGz,aGz,2,,us,Externalizable,26,1,,
aHH,ahh_0,2,,,,3,2,,aucun argument du constructeur de  |  ne doit \u00eatre null
aHJ,ahj_2,2,,,apx,1,0,,
aHK,aHK,2,,,ov_1,1,0,,
aHL,aHL,2,,,ov_1,1,0,,
aHN,ahn_0,2,,,yv_2,27,14,,
aHO,aHO,2,,,ov_1,1,0,,
aHP,aHP,2,,,ov_1,1,0,,
aHe,aHe,2,,uc_1,,4,0,,getTarget | targetId
aHj,ahj_0,2,,,Iterator,3,1,,
aHo,aho_1,2,,,ItemListener,1,0,,
aHr,aHr,2,,,Iterator,3,0,,
aHv,ahv_2,2,,,XV,30,24,,
aHz,ahz_1,2,,,,6,5,,Exception lev\u00e9e lors du checkOut d'une source audio :  | Exception lev\u00e9e lors du release d'une source audio : 
aIF,aif_1,2,,,zD,2,1,,
aIP,aip_0,2,,,Enumeration,2,2,,
aIR,air_0,2,,,Bg,2,1,,
aIU,aiu_1,2,,,ja_1,1,0,,
aIh,aih_0,2,,,aE,4,2,,
aIm,aim_0,2,,,acj_1,1,0,,
aIu,aiu_2,2,,uc_1,,4,0,,setFont | bubbleId
aJA,aja_0,2,,sl_2,,3,3,,while comparing  |  and 
aJB,aJB,2,,,ov_1,1,0,,
aJC,ajc_2,2,,acm_1,,3,14,AssetBinaryReader,
aJG,ajg_2,2,,acm_1,,3,13,AssetBinaryReader,
aJI,aji_2,2,,acm_1,,3,10,AssetBinaryReader,
aJJ,ajj_2,2,,acm_1,,3,18,AssetBinaryReader,
aJO,ajo_2,2,,acm_1,,3,1,AssetBinaryReader,
aJQ,ajq_2,2,,acm_1,,3,5,AssetBinaryReader,
aJW,ajw_1,2,,,ayt_0,1,0,,
aJY,ajy_0,2,,ig_2,,4,2,,DEFAULT_WALK | AnimMarche
aJg,aJg,2,,,,2,1,,No enum  |  with value 
aJh,aJh,2,,,ja_1,1,0,,
aJk,ajk_0,2,,,ov_1,1,0,,
aJl,aJl,2,,,ov_1,1,0,,
aJn,aJn,2,,,ov_1,1,0,,
aJo,ajo_0,2,,,ov_1,1,0,,
aJq,aJq,2,,,ov_1,1,0,,
aJr,aJr,2,,,aw_2,1,0,,
aJv,aJv,2,,,ov_1,1,0,,
aJw,ajw_2,2,,,aoU,1,0,,
aJx,ajx_0,2,,,ov_1,1,0,,
aJz,ajz_0,2,,,ov_1,1,0,,
aKC,akc_0,2,,,uz_1,1,0,,
aKD,aKD,2,,,uz_1,1,0,,
aKI,aKI,2,,,oy_0,2,4,,
aKJ,akj_1,2,,,aoU,1,0,,
aKV,akv_2,2,,,ut_0,2,1,,
aKb,akb_0,2,,,Comparator,1,0,,
aKc,akc_1,2,,,Comparator,1,0,,
aKi,aki_2,2,,,Comparator,1,0,,
aKm,akm_0,2,,,Comparator,1,0,,
aKo,ako_0,2,,,Comparator,1,0,,
aKp,aKp,2,,,Comparator,1,0,,
aKr,akr_1,2,,,Comparator,1,0,,
aKu,aku_0,2,,,,4,3,AssetBinaryReader,
aKv,akv_0,2,,,Comparable,16,5,,
aKy,aKy,2,,,zz_1,1,0,,
aLE,aLE,2,,,GLEventListener,4,2,,
aLO,aLO,2,,vi_2,Externalizable,26,1,,
aLU,alu_1,2,,,Comparator,1,0,,
aLc,aLc,2,,,ahl_2,6,62,,
aLg,alg_2,2,,,aLR,1,0,,
aLh,alh_2,2,,,aLR,1,0,,
aLl,aLl,2,,aoN,,7,0,AssetBinaryReader,
aLr,alr_2,2,,,sq_1,5,0,,
aLt,aLt,2,,aoN,,7,0,AssetBinaryReader,
aLu,aLu,2,,Zb,,9,4,,progressBar | progressBarAppearance
aLx,alx_0,2,,,,1,0,NetworkMessage,
aMM,aMM,2,,,apx,1,0,,
aMP,aMP,2,,OI,ui_0,8,2,,
aMX,amx_2,2,,,abf_0,1,5,,
aMZ,aMZ,2,,,ov_1,1,0,,
aMb,amb_2,2,,,ov_1,1,0,,
aMc,amc_1,2,,,ov_1,1,0,,
aMh,amh_1,2,,,Pq,12,7,,
aMi,aMi,2,,,,12,6,,Aucun DialogUnloadListener n'est enregistr\u00e9 pour  | Aucun DialogLoadListener n'est enregistr\u00e9 pour 
aMm,amm_1,2,,,apx,1,0,,
aMq,amq_2,2,,HandlerBase,,3,1,,"Unexpected element \"" | Unexpected text \"""
aMr,amr_1,2,,uc_1,,4,0,,getGuild | playerId
aNA,ana_1,2,,,,7,1,AssetBinaryReader,
aND,and_2,2,,,ja_1,1,0,,
aNE,ane_1,2,,,ja_1,1,0,,
aNJ,anj_0,2,,,Comparator,1,0,,
aNL,anl_2,2,,aGx,,4,0,AssetBinaryWriter,
aNP,anp_2,2,,,,3,3,EndFightMessage,
aNQ,anq_0,2,,pt_2,,5,2,,ItemCondition | field
aNd,aNd,2,,,ov_1,1,0,,
aNe,aNe,2,,,qf_1,11,2,,
aNn,ann_1,2,,,nm_1,1,0,,
aNo,ano_0,2,,adf_2,"Externalizable,Map",24,1,,
aO,aO,2,,,ja_1,1,0,,
aOJ,aOJ,2,,,aFD,1,0,,
aOQ,aoq_1,2,,,ja_1,1,0,,
aOR,aor_2,2,,,ja_1,1,0,,
aOT,aot_2,2,,,px_1,1,0,,
aOX,aox_0,2,,,ja_1,1,0,,
aOd,aod_1,2,,,mx_2,6,2,,
aOe,aoe_2,2,,,apx,1,0,,
aOi,aoi_0,2,,,ut_0,2,1,,
aOr,aor_1,2,,,zw,4,2,,
aOt,aOt,2,,,di_2,2,1,,
aPe,ape_1,2,,,,2,1,,No enum  |  with value 
aPw,apw_0,2,,,ro_1,2,1,,
aU,au_0,2,,uc_1,,4,0,,removePointLight | lightId
aa,aa,2,,,Comparator,1,0,,
aaF,aaf_2,2,,,JG,15,6,,
aaO,aaO,2,,qg_1,Iterable,7,1,,
aaT,aat_0,2,,,Cloneable,9,3,,
aag,aag_0,2,,,Iterator,3,0,,
aah,aah_1,2,,,Iterator,3,0,,
aan,aan_2,2,,,aqi_0,4,0,,
aao,aao_1,2,,uc_1,,4,0,,require | fileName
aaw,aaw_1,2,,alp,,14,1,,underlying native object already deleted | ).append(string2).append(
abA,aba_0,2,,vi_2,Externalizable,26,1,,
abD,abD,2,,uc_1,,4,0,,getTarget | targetId
abJ,abJ,2,,,apx,1,0,,
abM,abM,2,,,aca_2,1,0,,
abO,abO,2,,,apx,1,0,,
abQ,abQ,2,,,ma_1,9,0,,
abU,abu_0,2,,,,2,1,,No enum  |  with value 
abd,abd_2,2,,,ja_1,1,0,,
abh,abh_1,2,,gk_0,eb_0,3,0,,
abj,abj_2,2,,uc_1,,5,1,,systemId | pas d'\u00e9l\u00e9ment interactif trouv\u00e9 
abk,abk_0,2,,,,61,15,,File name not specified | Exception
abl,abl,2,,,zD,2,1,,
aby,aby,2,,,,2,1,,No enum  |  with value 
abz,abz_2,2,,aht_1,,20,9,,align | hotSpotPosition
acD,acd_0,2,,,,2,4,AssetBinaryReader,
acJ,acJ,2,,,ov_1,1,0,,
acO,aco_0,2,,,aha_0,1,1,,
acc,acc_1,2,,,Entry,5,3,,
aci,aci_2,2,,acz_0,mt_2,6,1,,
acp,acp_0,2,,,ov_1,1,0,,
acy,acy,2,,,Iterable,9,1,,
ad,ad_0,2,,Cs,,1,0,PropertyQueryMessage,
adb,adb,2,,,hY,7,5,,
adf,adf_1,2,,,Enumeration,3,4,,
adk,adk_1,2,,,aMO,1,0,,
adl,adl_1,2,,,JG,2,0,,
adn,adn_2,2,,,adx_1,1,0,,
ads,ads,2,,,EV,12,6,,
aeG,aeg_2,2,,,Iterator,4,2,,
aeH,aeh_2,2,,,aoU,1,0,,
aeP,aep_1,2,,uc_1,,4,0,,createGuild | guildName
aeR,aer_2,2,,uc_1,,4,1,,stopMusic | stop music not yet implemented
aeT,aet_2,2,,,aca_2,2,1,,
aeU,aeU,2,,,,1,4,AssetBinaryReader,
aen,aen_2,2,,hx_1,kk_1,27,1,,
aep,aep_2,2,,,uu_1,2,1,,
aez,aez_2,2,,,Comparator,2,1,,
afB,afB,2,,,,9,4,,Using an item with a reference counter < 0 is forbidden | Too many references added
afH,afh_0,2,,,QG,2,0,,
afO,afo_2,2,,,X509TrustManager,5,0,,
afa,afa_0,2,,,wb_2,1,0,,
afe,afe_1,2,,azc_0,,8,6,,AnimatedImage | delay
afn,afn_1,2,,uc_1,,4,0,,removeDialogProperty | property
afr,afr,2,,,aha_0,1,0,,
aft,aft_0,2,,,aha_0,1,0,,
afw,afw,2,,,aha_0,1,0,,
agD,agd_1,2,,jl_2,,8,1,CloseCombatRequestMessage,
agE,age_2,2,,,apx,1,0,,
agF,agf_1,2,,,ov_1,1,0,,
agG,agg_2,2,,,ov_1,1,0,,
agK,agk_2,2,,,ov_1,1,0,,
agL,agl_2,2,,,ov_1,1,0,,
agR,agr_0,2,,,aoU,2,1,,
agf,agf_2,2,,,eU,17,2,,
agi,agi_2,2,,,ov_1,1,0,,
agj,agj_1,2,,Dimension,Cloneable,11,3,,
agl,agl_1,2,,,ov_1,1,0,,
agm,agm_2,2,,,rk_0,7,2,,
ago,ago_1,2,,,ov_1,1,0,,
agr,agr,2,,,aeb_1,5,2,,
agu,agu_2,2,,,ov_1,1,0,,
agv,agv_2,2,,,ov_1,1,0,,
agw,agw_2,2,,,Iterator,3,1,,
agy,agy_2,2,,,ov_1,1,0,,
ah,ah,2,,ZT,,10,5,,Erreur lors d'un newInstance sur un  | Nombre de param\u00e8tres incorrect dans un 
ahA,ahA,2,,,,27,18,,ELAPSED_TIME | transform
ahK,ahk_2,2,,,,9,2,,le tag (name= | ) est d\u00e9j\u00e0 utilis\u00e9 !
ahf,ahf_1,2,,adf_2,"Externalizable,Iterable,Set",15,0,,
ahi,ahi_2,2,,,aor_0,65,1,,
ahk,ahk_1,2,,,bE,6,0,,
ahp,ahp_2,2,,,ap_1,2,1,,
ahq,ahq_0,2,,,aHq,4,2,,
ahx,ahx_1,2,,,aom_1,2,1,,
aiI,aii_1,2,,uc_1,,4,0,,updateAchievement | achievementConditionId
aiM,aim_1,2,,ws_2,Externalizable,26,1,,
aiZ,aiz_2,2,,,Pi,11,26,,
aia,aia,2,,uh_2,,7,0,AssetBinaryReader,
aih,aih,2,,,Comparator,1,0,,
ain,ain_2,2,,AbstractSet,"Iterable,Set",14,0,,
aiu,aiu_0,2,,gq_2,MN,11,5,,
aix,aix_1,2,,,,6,3,,@NotNull method com/ankamagames/framework/kernel/core/resource/ResourceFactoryDescriptor.getResourceFactory must not return null | @NotNull method com/ankamagames/framework/kernel/core/resource/ResourceFactoryDescriptor.getContextFactory must not return null
aj,aj_1,2,,,lz_1,2,2,,
ajC,ajc_0,2,,,nz_0,5,1,,
ajF,ajf_0,2,,cg_2,rp_1,6,0,,
ajM,ajM,2,,,Pi,28,17,,
ajN,ajn_0,2,,,Runnable,1,0,,
ajS,ajs_1,2,,ii_2,mt_2,6,1,,
ajZ,ajz_1,2,,Cs,,1,0,ReconnectionTicketRequestMessage,
ajj,ajj_0,2,,,Runnable,1,0,,
ajn,ajn_2,2,,,Comparator,1,0,,
ajq,ajq_1,2,,ZT,,8,1,,Erreur lors d'un newInstance sur un APUse :  | Erreur lors d'un checkOut sur un APUse : 
ajy,ajy_1,2,,,aE,2,1,,
akA,akA,2,,,ja_1,1,0,,
akB,akB,2,,,apx,1,0,,
akC,akC,2,,,aBX,8,7,,
akH,akh_2,2,,,,8,1,,onLine | offLine
akM,akm_2,2,,,Wv,6,3,,
akQ,akQ,2,,,Comparator,1,0,,
akX,akX,2,,Cs,,1,0,PropertyItemMessage,
akq,akq_1,2,,,,29,15,,Client can't be null | Client already registered for this pixmap
akr,akr_0,2,,uc_1,,4,0,,getGuildMembers | guildId
aks,aks,2,,,aEe,2,2,,
alY,aly_0,2,,re_0,,1,3,,fight.spellCast | Impossible de lancer un sort car le caster n'existe pas : 
am,am_1,2,,aat_0,abe_0,2,0,,
amE,amE,2,,,,3,0,, common frames omitted | Caused by: 
amF,amf_0,2,,,ov_1,1,0,,
amH,amh_2,2,,,zt_2,4,1,,
amO,amo_1,2,,,ja_1,1,0,,
amP,amp_0,2,,,apx,1,0,,
amR,amR,2,,,aca_2,1,0,,
amV,amv_0,2,,,afJ,1,0,,
ame,ame_2,2,,ZT,,10,5,,Erreur lors d'un checkOut sur un CharacBuff :  | Nombre de param\u00e8tres incorrect dans un CharacBuff : 
amm,amm_0,2,,,any_2,4,3,,
amy,amy_2,2,,,,2,1,,No enum  |  with value 
an,an_0,2,,us,Externalizable,14,0,,
anE,ane_0,2,,,EO,26,2,,
anG,ang_2,2,,abd_0,,7,0,AssetBinaryReader,
anH,anh_2,2,,,EO,26,2,,
anI,ani_0,2,,,EO,26,2,,
anJ,anj_1,2,,abd_0,,5,0,AssetBinaryReader,
anK,ank_0,2,,,EO,26,2,,
anL,anl_1,2,,,awv_0,21,2,,
anN,ann_0,2,,,awv_0,21,2,,
anO,anO,2,,,ale_0,7,1,,
anP,anp_1,2,,,Ax,32,2,,
anQ,anq_1,2,,,Ax,32,2,,
anT,ant_1,2,,,,2,1,,No enum  |  with value 
anV,anv_1,2,,,hY,0,4,,
anW,anw_0,2,,,ap_1,2,1,,
ano,ano_2,2,,aMP,Externalizable,26,1,,
anp,anp,2,,,,2,1,,No enum  |  with value 
anq,anq_2,2,,,apx,1,2,,
anu,anu_0,2,,,asz_0,2,1,,
anx,anx_2,2,,,aFD,1,0,,
aoA,aoa_0,2,,ui_2,,6,0,AssetBinaryReader,
aoD,aod_0,2,,adi_0,,5,2,,Invalid access | val$
aoI,aoi_2,2,,pt_2,,2,2,,CollectionCondition | size
aoM,aoM,2,,,ja_1,1,0,,
aoN,aoN,2,,ui_2,,5,0,AssetBinaryReader,
aoe,aoe_0,2,,,zv,1,3,,
aol,aol_0,2,,,zv,1,3,,
aoq,aoq,2,,uh_2,,7,0,AssetBinaryReader,
aos,aos,2,,aGx,,4,0,AssetBinaryWriter,
aoz,aoz_0,2,,ui_2,,7,0,AssetBinaryReader,
apJ,apJ,2,,Cs,,1,0,LoginMessage,
apO,apo_0,2,,,px_1,2,1,,
apT,apt_0,2,,,apx,1,0,,
apV,apv_0,2,,,apx,1,0,,
apY,apY,2,,,Comparator,1,0,,
apf,apf_0,2,,bv_1,py_1,5,1,,
api,api_1,2,,,ja_1,1,0,,
apj,apj_1,2,,,ja_1,1,0,,
aqF,aqF,2,,uc_1,,4,0,,show | bubbleId
aqN,aqN,2,,,Comparator,1,0,,
aqO,aqo_0,2,,,ja_1,1,0,,
aqP,aqP,2,,,Comparator,1,0,,
aqY,aqY,2,,rK,,1,3,,valueOf | java.lang.String
aqk,aqk_0,2,,and_1,aee_0,2,1,,
aqs,aqs,2,,,Comparator,1,0,,
aqw,aqw,2,,aGx,,4,1,AssetBinaryWriter,
aqx,aqx_0,2,,,sg_1,2,1,,
arF,arF,2,,avg,,4,0,,ant.targets | description
arR,arr_0,2,,,Comparator,1,0,,
arU,arU,2,,,Ju,8,7,,
ark,ark,2,,rj_2,,11,3,,SwitchingPlainBackground | duration
aru,aru_0,2,,,vl_1,2,1,,
asD,asD,2,,so_1,,2,2,,switch ( |  statement groups) }
asc,asc,2,,aMP,Externalizable,26,1,,
asi,asi,2,,,ic_2,5,2,,
asp,asp_0,2,,,ov_1,1,0,,
asr,asr,2,,,yj_0,1,1,,
ass,ass,2,,,ov_1,1,0,,
ast,ast_0,2,,,ov_1,1,0,,
asz,asz,2,,sp_1,Iterable,7,1,,
at,at_0,2,,,"cn_1,Cloneable",0,0,,
atD,atD,2,,,aE,12,0,,
atS,atS,2,,,Iterable,4,1,,
atT,att_0,2,,a_0,,15,3,,SpringLayout | SPL
atV,atv_0,2,,xs_1,,4,2,,Probl\u00e8me dans un  |  : un des Spring est null
atb,atb,2,,,ja_1,1,0,,
atc,atc_0,2,,,ja_1,1,0,,
atd,atd_0,2,,aur_0,,13,2,,The reverseloader attribute is DEPRECATED. It will be removed | org.apache.tools.ant
atf,atf_0,2,,,up_1,14,10,,
ath,ath,2,,,ja_1,1,0,,
atm,atm_0,2,,,uu_1,2,1,,
atn,atn,2,,te_1,ov_1,4,2,,
ato,ato,2,,aoa_0,,6,0,AssetBinaryReader,
atr,atr,2,,,"Bg,br_2,cj_1,di_2,da_0,Dw,gg_1,ku_0,lw_2,nm_1,op_0,px_1,rn_2,td_1,to_1,uq_0,uu_1,vl_1,aDN,aht_0,ahx_0,aib_2,aii_2,aLR,aOl,aPt,aay_2,abg_0,aca_2,acp_1,afq_2,aje_0,aky_0,akg_1,amm_2,aoU,aom_1,apx,asz_0,asv_0,atl_0,fc_0,gr_2,hm_0,hz_1,kc_1,mr_1,ro_1,sg_1,st_1,tr_2,uB,xf,xi_2,ya_0,zD",56,1,,
atv,atv,2,,alp,,36,4,,%1$tH:%1$tM:%1$tS.%1$tL | underlying native object already deleted
auB,aub_0,2,,,vl_1,2,1,,
auD,auD,2,,,ayt_0,1,0,,
auI,auI,2,,,,1,8,AssetBinaryReader,
auN,aun_0,2,,,aom_1,2,1,,
auS,aus_0,2,,ZT,,6,1,,Erreur lors d'un checkOut sur un ArenaRunningEffect :  | Nombre de param\u00e8tres incorrect dans un ReduceCooldown : 
auX,aux__0,2,,,ap_1,2,1,,
auc,auc_0,2,,,,2,1,,No enum  |  with value 
aud,aud_0,2,,uc_1,,4,0,,playMusic | musicFileId
auf,auf,2,,aMP,Externalizable,26,1,,
aui,aui_0,2,,aNc,alg,1,0,,
aul,aul_0,2,,,FilenameFilter,1,0,,
aus,aus,2,,,ov_1,1,0,,
aut,aut_0,2,,,ov_1,1,0,,
auy,auy_0,2,,uc_1,,4,0,,unloadDialog | dialogName
av,av_0,2,,,Iterator,7,4,,
avB,avb_0,2,,uc_1,,4,0,,addGameCalendarEvent | Test - 
avC,avc_0,2,,uc_1,,4,0,,isCritical | criticalHit
avO,avO,2,,,Runnable,1,0,,
avR,avr_0,2,,,rk_0,5,1,,
avX,avX,2,,,apx,1,0,,
avZ,avz_0,2,,,JG,2,0,,
avb,avb,2,,,asz_0,2,1,,
avh,avh,2,,,,2,1,,No enum  |  with value 
avk,avk,2,,,ov_1,1,0,,
avr,avr,2,,uc_1,,4,0,,deleteGuildRank | guildId
avx,avx_0,2,,,aak_2,3,2,,
awA,awA,2,,,dp_1,1,0,,
awH,awh_0,2,,aNZ,,8,3,,spacing | insets
awI,awi_0,2,,,,1,11,AssetBinaryReader,
awN,awn_0,2,,bj_0,,3,2,,RUN_IN_FIGHT | AnimCourse02
awc,awc_0,2,,awh_0,,2,3,,margin | Probl\u00e8me au borrowObject.
awf,awf,2,,,Comparator,1,0,,
awh,awh,2,,,Comparator,1,0,,
awn,awn,2,,,dp_1,1,0,,
awr,awr_0,2,,,dp_1,1,0,,
aws,aws_0,2,,,dp_1,1,0,,
awt,awt,2,,,dp_1,1,0,,
awv,awv,2,,,dp_1,1,0,,
awx,awx_0,2,,,Comparator,1,0,,
awz,awz_0,2,,aNZ,,13,4,,RadioGroup | value
axB,axB,2,,,ov_1,1,0,,
axI,axi_0,2,,,ov_1,1,0,,
axJ,axJ,2,,,,2,1,,No enum  |  with value 
axK,axk_0,2,,,ov_1,1,0,,
axP,axP,2,,FilterReader,,3,2,,"Incomplete escape sequence | Invalid escape sequence \""\\u"
axd,axd_0,2,,uc_1,,4,0,,removeDialogUnloadedListener | dialog
axj,axj_0,2,,,Pq,3,1,,
axm,axm,2,,,aLR,2,1,,
axu,axu,2,,ws_2,Externalizable,26,1,,
ayA,ayA,2,,,aE,2,1,,
ayG,ayG,2,,,Runnable,1,0,,
ayM,ayM,2,,,,9,6,,line.separator |  \t\n\r\f
ayO,ayo_0,2,,,ov_1,1,0,,
ayq,ayq_0,2,,,any_2,5,1,,
ayu,ayu_0,2,,aht_1,,10,3,,Look | name
azC,azC,2,,a_0,,17,6,,StaticLayout | adaptToContentSize
azF,azf_0,2,,,apy_0,18,0,,
azH,azh_0,2,,,arc_0,1,0,,
azI,azI,2,,,awD,1,0,,
azQ,azq_0,2,,ka_0,,3,0,,Setting logger context name as [ | Failed to rename context [
azR,azR,2,,,zD,1,0,,
azU,azU,2,,aLt,,7,0,AssetBinaryReader,
azW,azw_0,2,,ZT,,10,9,,Erreur lors d'un checkOut sur un Push :  | Nombre de param\u00e8tres incorrect dans un Push : 
azX,azX,2,,,,3,2,,"ProxyAddress host= | , ports="
aza,aza,2,,,oy_0,3,4,,
azf,azf,2,,,bv_2,6,3,,
azo,azo,2,,,zD,1,0,,
azr,azr_0,2,,,ov_1,1,0,,
azt,azt,2,,,FilenameFilter,1,0,,
azw,azw,2,,,oy_0,2,1,,
azz,azz_0,2,,qs_0,,2,1,,D\u00e9but de tour demand\u00e9 pour un fighter inexistant ?? | Error : 
bM,bM,2,,,,7,4,,noname | unless->
bN,bn_2,2,,,,2,0,AssetBinaryReader,
bQ,bq_1,2,,,apx,1,0,,
bS,bs_1,2,,,ut_0,6,3,,
bW,bw_0,2,,,aht_0,2,1,,
bX,bX,2,,,,2,1,,No enum  |  with value 
bm,bm_0,2,,,Iterator,4,3,,
bq,bq_2,2,,abb_1,,5,1,,showToolsInMenuBar | fightMenuBarDialog
bu,bu_0,2,,,ap_1,2,1,,
cU,cu_1,2,,aat_0,abe_0,7,7,,
cp,cp_2,2,,vi_2,Externalizable,23,1,,
cq,cq,2,,,aje,1,0,,
cr,cr,2,,akE,,2,1,," is not allowed as an expression statement.  | Expressions statements must be one of assignments, method invocations, or object allocations."
dO,do_1,2,,apn_0,,51,16,,Impossible de spawner l'\u00e9l\u00e9ment interactif instanceId= | Le client ne s\u00e9rialise pas les donn\u00e9es persistantes
dR,dr_0,2,,,,1,3,,BubbleClosedListener avec un script null | BubbleClosedListener avec une fonction nulle
dW,dw_0,2,,ZT,,8,2,,Erreur lors d'un newInstance sur un  | Nombre de param\u00e8tres incorrect dans un 
dX,dx_1,2,,,,4,4,ActorRepositionMessage,
dY,dY,2,,uc_1,,4,1,,generateClientMobileId | mobileId
dg,dg_2,2,,ClassLoader,,4,1,,"Trying to add an auxiliary class \"" | \"" while another class with the same name is already loaded"
dh,dh,2,,aoq,,7,0,AssetBinaryReader,
dn,dn_2,2,,,"Bk,Serializable",2,1,,
ds,ds_0,2,,,,2,1,,No enum  |  with value 
eB,eB,2,,,apx,1,0,,
eD,ed_2,2,,do_1,,9,1,,Action performed on interactive element :  | [GameDesign] un cardUsingSwitch poss\u00e8de un param\u00e8tre : son nom
eG,eG,2,,,,1,0,NetworkMessage,
eH,eh_1,2,,uc_1,,4,0,,interrupt | taskId
eK,eK,2,,,,2,1,,No enum  |  with value 
eM,em_2,2,,,aOV,1,0,,
eR,er_2,2,,uc_1,,4,0,,removeDialogLoadedListener | dialog
em,em_0,2,,,gg_1,2,1,,
et,et_0,2,,,"Du,aFy",19,7,,
eu,eu_0,2,,,alq_2,3,4,,
fH,fh_1,2,,aFe,,9,4,,.xps | The name of a particle system must be a number
fN,fn_1,2,,,Runnable,1,0,,
fR,fR,2,,,Comparator,1,1,,
fX,fx_0,2,,,FilenameFilter,1,1,,
fq,fq_1,2,,,NE,4,0,,
gE,ge_1,2,,apc,,1,0,RemoveFriendMessage,
gF,gf_2,2,,apc,,1,0,AddFriendMessage,
gJ,gJ,2,,,aEe,2,1,,
gL,gl_2,2,,,ajb_2,1,0,,
gO,go_2,2,,,apx,1,0,,
gS,gs_2,2,,,ja_1,1,0,,
gT,gt_2,2,,,zD,1,0,,
gV,gv_1,2,,,ListIterator,9,1,,
gW,gW,2,,,hY,0,0,,
gY,gy_2,2,,Cs,,1,0,PropertyListQueryMessage,
gh,gh_2,2,,,aoh_1,1,0,,
gl,gl,2,,,nv_2,12,0,,
gq,gq,2,,,Comparator,2,1,,
gt,gt_1,2,,apc,,1,0,RemoveIgnoreMessage,
gx,gx_0,2,,apc,,1,0,AddIgnoreMessage,
gy,gy_1,2,,apc,,1,0,AddIgnoreMessage,
hC,hc_2,2,,Tm,,2,2,,${keyCode} | ${keyChar}
hG,hg_2,2,,gk_0,"eb_0,rp_1",6,0,,
hH,hh_0,2,,,rn_0,5,6,,
hK,hK,2,,,Serializable,2,1,,
hi,hi,2,,,apx,1,0,,
hj,hj_1,2,,,Runnable,1,0,,
hl,hl_1,2,,,adh_1,6,3,,
hm,hm,2,,,apx,1,0,,
hq,hq_1,2,,,Comparator,4,3,,
hw,hw_1,2,,,tr_2,2,1,,
iA,ia_0,2,,aat_0,abe_0,3,4,,
iB,ib_2,2,,,,9,4,,Obtention du sphereboard d'id  |  imposssible : SphereBoard \u00e9gal \u00e0 
iH,ih_1,2,,,apx,1,0,,
iJ,ij_2,2,,,apx,1,0,,
iM,im_2,2,,aea_0,,3,1,,Impossible de s\u00e9rialiser le match d'id  |  : EffectAreaManager s\u00e9rialis\u00e9 \u00e9gal \u00e0 null.
iO,io_2,2,,,apx,1,0,,
iP,ip_0,2,,,ov_1,1,0,,
iQ,iq_2,2,,,apx,1,0,,
iR,ir_2,2,,,ov_1,1,0,,
iS,is_0,2,,,ov_1,1,0,,
iU,iu_1,2,,Cs,,1,0,ReconnectionTicketMessage_1,
iX,ix_1,2,,aea_0,,3,1,,Impossible de s\u00e9rialiser le match d'id  |  : Timeline s\u00e9rialis\u00e9 \u00e9gale \u00e0 null.
ib,ib_1,2,,ZT,,7,1,,Erreur lors d'un checkOut sur un ArenaRunningEffect :  | Nombre de param\u00e8tres incorrect dans un CharacPoison : 
ih,ih_2,2,,ang_2,,5,0,AssetBinaryReader,
il,il_2,2,,,aca_2,1,0,,
is,is_1,2,,,bz_0,1,0,,
iu,iu_2,2,,,JG,2,0,,
iz,iz,2,,,apx,2,1,,
j,j_0,2,,,hY,2,2,,
jV,jv_2,2,,,ja_1,1,0,,
jY,jy_2,2,,alb_0,fd_2,4,4,,
jc,jc_1,2,,,nm_1,1,1,,
jo,jo_1,2,,,apx,1,1,,
jw,jw_2,2,,,ov_1,1,0,,
jx,jx_2,2,,,ov_1,1,0,,
jz,jz,2,,,Iterable,51,12,,
kH,kH,2,,dn_2,Bk,31,0,,
kM,kM,2,,,ass_0,2,2,,
kZ,kZ,2,,adq_0,,1,1,,\tpublic void  | (DocumentParser 
kd,kd_2,2,,,ov_1,1,0,,
kf,kf_2,2,,,ov_1,1,0,,
kg,kg_2,2,,,ov_1,1,0,,
ki,ki_2,2,,,axq_0,1,0,,
kj,kj_2,2,,,xf,2,1,,
kp,kp,2,,,aht_0,2,1,,
lO,lo_1,2,,,QG,1,1,,
lQ,lq_0,2,,,,1,10,,null pattern string not allowed | Unexpected end of pattern string
lY,ly_0,2,,,Runnable,1,0,,
la,la_2,2,,,,0,4,,data. | ).append(this.Gc).append(
lb,lb_0,2,,aMP,Externalizable,23,1,,
lm,lm_2,2,,,Comparator,1,1,,
ln,ln_1,2,,,abc_2,1,0,,
ls,ls_1,2,,,wb_2,1,2,,
mE,mE,2,,aNZ,,7,3,,data | value
mT,mT,2,,aiu_0,,32,16,,A mobile is already linked to this mobile | You can't link a null mobile
mi,mi_1,2,,,,2,1,,No enum  |  with value 
mq,mq_1,2,,fh_1,,4,2,,Erreur lors du chargement d'un script (fichier vide?) | erreur de cr\u00e9ation de particule 
ms,ms_2,2,,,ff_0,8,1,,
mv,mv,2,,,apx,1,0,,
my,my_1,2,,,Runnable,1,0,,
nU,nU,2,,aNk,,1,0,,equal | rule
nc,nc_2,2,,,Comparable,2,4,,
nn,nn_0,2,,wy_2,,2,4,,value | tokenValue
no,no,2,,aMP,Externalizable,26,1,,
nv,nv,2,,,Iterable,4,1,,
oC,oc_2,2,,,,8,4,,GL_EXT_texture_rectangle | GL_EXT_framebuffer_object
oI,oi_1,2,,a_0,qn_1,5,0,,
oP,oP,2,,,ov_1,1,0,,
oR,or_2,2,,,Comparator,1,1,,
oW,ow_1,2,,,ov_1,1,0,,
oX,ox_2,2,,,ov_1,1,0,,
oZ,oz_2,2,,,ov_1,1,0,,
oa,oa_2,2,,,ov_1,1,0,,
od,od_0,2,,,ov_1,1,0,,
oo,oo_1,2,,,ov_1,1,0,,
op,op_1,2,,,ov_1,1,0,,
os,os_2,2,,,ov_1,1,0,,
ou,ou_2,2,,,ov_1,1,0,,
ox,ox,2,,,aDN,2,1,,
oy,oy_2,2,,,ov_1,1,0,,
pD,pD,2,,apf_0,,9,4,,spacing | insets
pL,pL,2,,,Comparable,9,4,,
pP,pP,2,,ph_0,,8,3,,GradientBackground | Tentative d'ajout d'un ColorElement sans position
pW,pw_2,2,,,ap_1,2,1,,
pd,pd_1,2,,,,6,4,,Le groupe n'est pas en cache | Le groupe est d\u00e9j\u00e0 en cache
pk,pk,2,,,QG,1,2,,
pr,pr_1,2,,alt_0,,2,1,,isNotEqual | null
qA,qa_0,2,,,ov_1,1,0,,
qS,qS,2,,anz_1,,4,0,,CompositeNode( | CompositeNode(no child)
qT,qT,2,,,hm_0,2,1,,
qW,qw_1,2,,,Comparator,1,0,,
qX,qx_0,2,,,Comparator,1,0,,
qY,qy_0,2,,,Comparator,1,0,,
qZ,qz_2,2,,,Comparator,1,0,,
qb,qb_0,2,,,hY,0,5,,
ql,ql,2,,,,2,0,,Reported exception: | SLF4J: 
qm,qm,2,,,,1,8,FriendListMessage,
qo,qo_0,2,,,ov_1,1,0,,
qq,qq,2,,,ov_1,1,0,,
qu,qu,2,,,ov_1,1,0,,
qx,qx,2,,,aew_0,3,3,,
rd,rd,2,,,adp_0,1,3,,
rg,rg_1,2,,,Comparator,1,0,,
rj,rj,2,,,ajq_0,1,0,,
rx,rx_2,2,,,up_1,8,4,,
ry,ry,2,,,,35,4,,{Point3 : ( | La longueur du tableau passe en parametre n'est pas adaptee : 
sD,sd_2,2,,,,2,1,,No enum  |  with value 
sE,se_2,2,,vi_2,Externalizable,14,0,,
sF,sf_0,2,,,sv_0,1,0,,
sL,sL,2,,,aMO,1,0,,
sQ,sq_2,2,,ZT,,8,1,,Erreur lors d'un newInstance sur un MPUse :  | Erreur lors d'un checkOut sur un MPUse : 
sX,sx_2,2,,,ov_1,1,0,,
sa,sa_1,2,,adf_2,Externalizable,25,1,,
sb,sb_1,2,,,ov_1,1,0,,
sd,sd,2,,adf_2,Externalizable,25,1,,
sh,sh_1,2,,,tr_2,2,1,,
ss,ss_1,2,,,apx,1,0,,
sv,sv_2,2,,,apx,1,0,,
sw,sw,2,,,yx_2,3,0,,
sz,sz_2,2,,,axq_0,1,0,,
tH,tH,2,,,px_1,1,0,,
tW,tw_2,2,,ZT,,10,5,,Erreur lors d'un checkOut sur un CharacBuff :  | Nombre de param\u00e8tres incorrect dans un CharacBuff : 
tY,ty_0,2,,,qq_1,4,5,,
ti,ti_0,2,,,apx,1,0,,
tj,tj_1,2,,,mt_1,1,1,,
tm,tm_0,2,,ii_2,mt_2,6,1,,
tq,tq_0,2,,,apx,1,0,,
ts,ts_1,2,,,Iterable,1,0,,
tt,tt,2,,azc_0,,7,4,,Separator | horizontal
ty,ty_2,2,,,afr_1,8,5,,
uH,uh_2,2,,abd_0,,5,0,AssetBinaryReader,
uI,ui_2,2,,abd_0,,7,0,AssetBinaryReader,
uM,uM,2,,,uz_1,1,0,,
uO,uo_0,2,,uc_1,,4,0,,getTimer | time
ub,ub_1,2,,abd_0,,7,0,AssetBinaryReader,
uf,uf_2,2,,abd_0,,7,0,AssetBinaryReader,
uo,uo_2,2,,,aew_0,3,3,,
us,us,2,,OI,Nh,8,2,,
uu,uu,2,,,bE,6,2,,
uy,uy_1,2,,azV,eb_0,3,2,,
vH,vh_0,2,,apc,,1,0,AddIgnoreMessage,
vI,vi_2,2,,OI,ajd_1,8,2,,
vJ,vj_1,2,,apc,,1,0,RemoveFriendMessage,
vL,vL,2,,apc,,1,0,RemoveIgnoreMessage,
vS,vS,2,,uc_1,,4,0,,"longToPosition | , aos_1.elU, false), new LX("
vW,vw_1,2,,,mg_2,1,0,,
vc,vc,2,,,tQ,2,0,,
vf,vf_0,2,,KU,,9,2,,width | height
vh,vh,2,,,aw_2,1,0,,
vk,vk_2,2,,,,3,3,AssetBinaryReader,
vz,vz_2,2,,,"aHq,aht_2",5,3,,
w,w_0,2,,,tm_2,1,0,,
wJ,wj_2,2,,,aHq,18,5,,
wY,wy_0,2,,aos,,3,0,AssetBinaryWriter,
wj,wj,2,,apc,,1,0,AddFriendMessage,
ws,ws_2,2,,OI,alo_0,8,2,,
wu,wu_1,2,,atb_0,,2,0,,{notselect:  | One and only one selector is allowed within the <not> tag
ww,ww_2,2,,,bc_1,6,0,,
xU,xu_0,2,,MouseAdapter,MouseMotionListener,9,8,,
xV,xv_2,2,,,,6,5,,min  | sec 
xZ,xz_2,2,,acz_0,,3,0,,"CompositeConverter< | , children: "
xl,xl_0,2,,,Iterator,3,0,,
xm,xm_0,2,,,mx_2,3,0,,
xn,xn_0,2,,,ItemListener,1,0,,
xq,xq,2,,,rk_0,33,32,,
xr,xr_0,2,,InputStreamReader,,2,6,,UTF-8 | Exception
yA,ya_1,2,,,ov_1,1,0,,
yC,yC,2,,,ov_1,1,0,,
yL,yl_1,2,,ack_1,,16,8,,Erreur sur la recherche de cible pour une SetEffectArea | null
yY,yy_2,2,,asn,,25,7,,"<init> | Unexpected constant pool info type \"""
yi,yi_0,2,,,,2,1,,No enum  |  with value 
yw,yw_2,2,,,zi_1,3,9,,
zA,zA,2,,,ge_0,5,9,,
zC,zc_0,2,,,Comparable,11,8,,
za,za_2,2,,,ayt_0,1,0,,
zb,zb_2,2,,,,5,1,,[ Ambiance :  |  effect(s)
zm,zm_1,2,,us,Externalizable,23,1,,
zu,zu_0,2,,,st_1,2,1,,
zy,zy_0,2,,ws_2,Externalizable,26,1,,
zz,zz_2,2,,,cj_1,1,0,,
AB,ab_1,1,,uc_1,,4,0,,tutorialChangeInstance
AF,af_0,1,,ua_0,,2,5,,Unknown attractor axis
AJ,AJ,1,,xg_0,,3,1,,BodyEvent(
Aj,aj_0,1,,Zb,,3,2,,InteractiveBubbleAppearance
Aq,Aq,1,,alt_0,,2,1,,isGreater
BA,ba_1,1,,alp,,9,1,,underlying native object already deleted
BW,bw_2,1,,aen_2,,2,0,,{andselect: 
Bi,bi_0,1,,xg_0,,1,0,,  EndEvent(
Bk,Bk,1,,,,61,1,,ROOT
Bv,bv_0,1,,uc_1,,4,0,,skipTutorial
Bx,bx_0,1,,aGJ,,10,6,,Probl\u00e8me au borrowObject.
CB,cb_2,1,,lJ,,8,4,,Tentative de d\u00e9s\u00e9rialisation d'un objet avec une version non prise en charge.
CO,co_0,1,,ZT,,7,1,,Erreur lors d'un checkOut sur un ArenaRunningEffect : 
Cw,cw_2,1,,ZT,,7,2,,Erreur lors d'un checkOut sur un Stabilize : 
Dg,Dg,1,,,,9,9,,Exception
Di,di_1,1,,aqn_0,,7,6,,Object already checked out
Dq,dq_2,1,,oc_1,,1,0,,utf8
EK,ek_2,1,,lJ,,6,2,,Tentative de d\u00e9s\u00e9rialisation d'un objet avec une version non prise en charge
EU,eu_2,1,,yv_1,,12,0,,Unable to normalize the quaternion since the norme is null
Ef,ef_1,1,,aon_2,,22,10,,Using an item with a reference counter < 0 is forbidden
Ew,Ew,1,,ays,,1,1,,Erreur lors d'un newInstance sur un 
Ex,ex_2,1,,aht_1,,11,6,,RootContainer
FR,fr_2,1,,amw_2,,0,3,,Configured
FW,fw_0,1,,lJ,,6,2,,Tentative de d\u00e9s\u00e9rialisation d'un objet avec une version non prise en charge
FZ,fz_2,1,,kH,,31,2,,NOP
Fh,Fh,1,,tv_0,,1,5,,Cannot relocate branch to unset destination offset
Fk,fk_2,1,,ni_2,,2,1,,choices must not be null
Fr,fr_1,1,,aaH,,1,0,,We should never end here
Fw,Fw,1,,alt_0,,3,1,,isNull
GB,gb_1,1,,DV,,2,1,,import 
GE,GE,1,,lJ,,39,18,,Tentative de d\u00e9s\u00e9rialisation d'un objet avec une version non prise en charge
GJ,gj_0,1,,Cs,,1,1,,Erreur lors de l'extraction d'un DemonI du pool
GP,gp_2,1,,mp_0,,3,1,,Mobile
Gl,gl_0,1,,aen_2,,3,1,,{majorityselect: 
Gm,gm_1,1,,ZT,,7,1,,Erreur lors d'un checkOut sur un ArenaRunningEffect : 
Go,go_0,1,,adq_0,,1,0,,\tpublic void 
HC,HC,1,,ig_2,,2,1,,AnimMarche
HZ,hz_2,1,,atD,,10,4,,D\u00e9s\u00e9rialisation de timeline : on ne trouve pas le RunningEffect d'UID 
Ha,ha_1,1,,uc_1,,4,0,,characterDisplayerClose
Ho,ho_2,1,,tj_0,,3,1,,).append(this.eoN).append(
IE,ie_0,1,,js_2,,5,8,,Missing from in containsregex
Im,Im,1,,cf_2,,6,1,,"Exception  lors d'un release d'une Admin Entity, n'arrive pas normalement"
Jk,Jk,1,,ZT,,6,2,,Erreur lors d'un checkOut sur un ArenaRunningEffect : 
Jm,jm_2,1,,alv,,3,0,,subPipe
Jq,jq_2,1,,zj_1,,7,1,,Erreur lors d'un checkOut sur un CharacLeech : 
Jx,jx_0,1,,,,10,13,, ans 
KM,km_1,1,,,,86,1,,Unexpected array initializer or rvalue class 
Lz,Lz,1,,uc_1,,4,0,,getEvolutionModeInfo
MW,mw_1,1,,,,6,7,,Exception
Mj,mj_0,1,,WindowAdapter,,3,0,,UI closed. Leaving application
Mm,mm_1,1,,,,0,7,,Unexpected end of pattern string
Mn,mn_1,1,,Cs,,1,1,,Erreur lors de l'extraction d'une DemonTotem du pool
Mw,mw_0,1,,lJ,,10,4,,Tentative de d\u00e9s\u00e9rialisation d'un objet avec une version non prise en charge
N,n_0,1,,awh_0,,1,1,,border
NG,NG,1,,ahz_0,,2,2,,pathDisplayer
NI,ni_2,1,,,,6,3,,prompt must not be null
NM,NM,1,,,,8,5,,Exception
NS,ns_2,1,,mk,,2,1,,zip:
Nb,nb_1,1,,aww,,3,0,,phase de suat incorrect 
Nl,Nl,1,,jy_2,,3,4,,new 
OE,OE,1,,yt_1,,2,2,,Label
OG,og_1,1,,,,9,8,,Tentative d'initialisation d'une entit\u00e9 video \u00e0 partir d'une video non initialis\u00e9e
OR,or_1,1,,,,15,15,,Exception
OU,ou_1,1,,,,4,1,,DiceRoll.roll appel\u00e9 avec une valeur de d\u00e9 de 
Of,of_0,1,,,,1,1,,Nom de param\u00e8tre ne peut \u00eatre null.
Oj,oj_2,1,,,,25,3,,L'id de la map (
Pr,Pr,1,,ig_1,,2,1,,Erreur lors d'un checkOut sur un RunningEffect : 
Ps,ps_2,1,,gJ,,2,0,,GL_ARB_multitexture
QD,QD,1,,uc_1,,4,0,,getGameCalendarEvents
QH,qh_1,1,,yf_0,,3,1,,immutableWakfuBubble
QN,QN,1,,,,4,2,,Le v\u00e9rificateur de version n'a pas \u00e9t\u00e9 d\u00e9finit
Ql,ql_1,1,,,,16,9,,Impossible de charger les commandes de chat !
RV,rv_0,1,,aea_0,,2,0,,La synchronisation du contenu de l'objet est faite depuis le serveur => par de s\u00e9rialisation
RY,ry_2,1,,qs_2,,33,5,,pas de light sur les map de d\u00e9cor de fond
Rb,rb_0,1,,lJ,,16,7,,Tentative de deserialisation d'un objet binaire avec une version non prise en charge
Rc,rc_0,1,,ZT,,7,2,,Erreur lors d'un checkOut sur un Immobilization : 
Rj,rj_2,1,,apf_0,,7,2,,scaled
Rk,rk_2,1,,ep_2,,22,9,, meshs
Ru,ru_1,1,,lJ,,28,13,,Tentative de d\u00e9s\u00e9rialisation d'un objet avec une version non prise en charge
Rv,rv_1,1,,Cs,,1,1,,Erreur lors de l'extraction d'un NPCTalker du pool
Sr,sr_1,1,,uc_1,,4,0,,ignoreEventsMessages
Sx,sx_0,1,,,,3,4,,la variable est inconnu 
TN,TN,1,,,,1,1,,dofusarena.npcTalk
Tb,tb_1,1,,wl_0,,2,2,, while(
Tz,tz_2,1,,he_1,,3,1,,Erreur lors d'un checkOut sur un message de type EffectAreaManager : 
UH,UH,1,,,,9,9,,Exception
Uj,Uj,1,,,,3,2,,Impossible de selectionner des cellules dans cette direction :
Us,us_2,1,,mp_0,,2,1,,Cast
VS,vs_1,1,,aaW,,2,1,,Technique validation work only in an openGL thread
VU,vu_0,1,,Eq,,2,0,,fight.timeline.currentFighter
Va,va_1,1,,ZT,,8,1,,Erreur lors d'un checkOut sur un RE:Death : 
Vh,vh_2,1,,aww,,3,0,,phase de suat incorrect 
Vw,Vw,1,,Cs,,1,1,,Erreur lors de l'extraction d'un cardUsingSwitch du pool
WI,wi_2,1,,NY,,12,6,,Param\u00e8tres d'une position en dehors de la map - position : 
WK,WK,1,,alp,,9,1,,underlying native object already deleted
WL,WL,1,,,,4,2,,la factory contient encore des \u00e9l\u00e9m\u00e9ents!!!
Wa,wa_0,1,,,,9,4,,MRU
Wc,wc_0,1,,avg,,3,2,,substitution
Wf,wf_0,1,,alp,,8,1,,underlying native object already deleted
Wn,wn_1,1,,ff_2,,7,1,,clone
Wz,Wz,1,,mp_0,,3,1,,Particle
XL,xl_2,1,,,,10,5,,local var(
Xj,xj_1,1,,jy_2,,3,1,,.this
Xv,xv_1,1,,alp,,42,1,,underlying native object already deleted
YD,yd_0,1,,tj_0,,3,2,,[ListOffsetTween] (
YL,yl_0,1,,uc_1,,4,0,,resetPosition
Yi,yi_1,1,,aea_0,,2,0,,Impossible de d\u00e9s\u00e9rialiser un WakfuRunningEffect : generic effet inconnu : 
Yl,yl_2,1,,aea_0,,2,0,,Impossible de d\u00e9s\u00e9rialiser une partie de %s : target inconnue : %d sur un effet de type %d - %s
Yv,yv_0,1,,ahz_0,,3,3,,moveRange
ZU,zu_2,1,,,,2,0,,).append(string2).append(
aAG,aag_1,1,,,,11,12,,Argument 3 for @NotNull parameter of com/ankamagames/framework/sound/openAL/LowPassFilter.<init> must not be null
aAX,aax_1,1,,js_2,,3,2,,Missing from in stringreplace
aAZ,aAZ,1,,mp_0,,2,1,,EffectArea
aAk,aak_0,1,,ahg_1,,5,2,,demonLadderInformationDialog
aBF,abf_2,1,,xs_1,,3,1,,Le Spring pass\u00e9 en param\u00e8tre est null
aBR,aBR,1,,Cs,,1,1,,Erreur lors de l'extraction d'une zaap du pool
aBd,abd_1,1,,cq_2,,17,9,,Probl\u00e8me au borrowObject.
aBk,abk_1,1,,re_0,,2,2,,fight.spellCast
aBy,aby_1,1,,anv,,5,1,,String constant too long to store in class file
aCL,acl_2,1,,ays,,1,1,,Erreur lors d'un newInstance sur un 
aCQ,acq_2,1,,,,16,10,,<undefined>
aCY,acy_0,1,,avg,,6,6,,regexp
aCt,act_2,1,,pk_1,,3,2,,RadioButtonAppearance
aCv,acv_2,1,,o_0,,2,3,,coprgtb
aCz,acz_0,1,,akn_1,,3,0,,FormattingInfo has been already set
aD,ad_2,1,,alt_0,,3,1,,isNotNull
aDe,aDe,1,,alt_0,,2,2,,isFalse
aDh,adh_0,1,,wl_0,,2,2,,while (
aEQ,aeq_2,1,,JPanel,,0,0,,fps
aEx,aex_1,1,,,,2,5,,buffer = null
aFI,afi_2,1,,jy_2,,3,3,,new 
aFm,afm_2,1,,aPk,,3,1,,[ModulationColorListTween] 
aFz,aFz,1,,jy_2,,3,2,,new 
aGJ,aGJ,1,,abd_1,,6,5,,Probl\u00e8me au borrowObject.
aGX,agx_2,1,,,,5,2,,Probl\u00e8me au chargement de la texture 
aGY,agy_0,1,,,,12,9,,Exception
aGi,agi_0,1,,,,1,1,,dofusarena.evolutionSearchStatus
aGo,ago_2,1,,ex_2,,41,18,,MasterRootContainer
aGv,agv_0,1,,,,36,14,,Il n'est pas pr\u00e9vu que ces objets comparables servent de clef dans une HashTable/HashMap.
aHB,ahb_2,1,,DV,,2,1,,import 
aHC,ahc_0,1,,uc_1,,4,0,,runInteractiveElementSpecialAction
aHM,ahm_1,1,,lJ,,14,6,,Tentative de d\u00e9s\u00e9rialisation d'un objet avec une version non prise en charge
aHf,ahf_0,1,,yk_0,,6,1,,Erreur lors d'un checkOut sur un APLeech : 
aHi,ahi_0,1,,jy_1,,13,2,,We should never end here
aID,aid_0,1,,ZT,,7,1,,Erreur lors d'un checkOut sur un ArenaRunningEffect : 
aJV,ajv_0,1,,amq_2,,3,3,,Unknown data type 
aKM,akm_1,1,,,,7,8,,Exception
aLF,alf_2,1,,lJ,,8,3,,Tentative de d\u00e9s\u00e9rialisation d'un objet avec une version non prise en charge
aLK,alk_2,1,,,,5,2,,[Definitions for 
aLM,aLM,1,,Kt,,11,3,,erreur ? la d\u00e9s\u00e9rialisation : property inconnue : 
aLT,alt_2,1,,ym_0,,3,1,,Exception
aLf,aLf,1,,Cs,,1,1,,Erreur lors de l'extraction d'une mailbox du pool
aLj,alj_2,1,,,,1,1,,dofusarena.tournamentsSearchStatus
aLs,aLs,1,,jy_2,,3,0,,this
aLy,aly_2,1,,abd_1,,8,5,,Probl\u00e8me au borrowObject.
aMA,ama_1,1,,lJ,,12,5,,Tentative de d\u00e9s\u00e9rialisation d'un objet avec une version non prise en charge
aMJ,amj_0,1,,ye_1,,4,4,,Texture is already up to date
aMT,amt_0,1,,Cs,,1,1,,Erreur lors de l'extraction d'un DemonChallenge du pool
aNI,ani_1,1,,acz_1,,4,0,,PropertySetter.canContainComponent returned 
aNN,ann_2,1,,Cs,,1,1,,Erreur lors de l'extraction d'un FusionLaboratory du pool
aNg,ang_0,1,,ig_1,,4,1,,Erreur lors d'un checkOut sur un HPLeech : 
aNm,anm_2,1,,ZT,,7,6,,Erreur lors d'un checkOut sur un Immobilization : 
aNz,anz_2,1,,,,1,1,,Invalid 
aOC,aoc_2,1,,alp,,16,1,,underlying native object already deleted
aOL,aol_2,1,,apc,,1,0,,teamManagement.teammateName
aOp,aOp,1,,ZT,,8,1,,Erreur lors d'un checkOut sur un ArenaRunningEffect : 
aOw,aow_1,1,,alp,,29,1,,underlying native object already deleted
aPk,aPk,1,,,,22,13,,La valeur de repeat d\u00e9finie n'est pas valide ( inf\u00e9rieure ou \u00e9gale \u00e0 0)
aPp,aPp,1,,lJ,,58,27,,Tentative de d\u00e9s\u00e9rialisation d'un objet avec une version non prise en charge
aaS,aas_1,1,,ZT,,7,1,,Erreur lors d'un checkOut sur un ArenaRunningEffect : 
aaV,aav_1,1,,xf_2,,4,2,,Sound
aad,aad_2,1,,gJ,,2,0,,GL_ARB_fragment_shader
abG,abg_2,1,,atv,,19,1,,underlying native object already deleted
abN,abn_1,1,,jz,,5,1,,(<(\\p{Alpha}+?)( ([^<>]*))*>(.*?)</(\\2)>)|([^<>]+)
abY,aby_2,1,,,,25,3,,Il n'est pas pr\u00e9vu que ces objets comparables servent de clef dans une HashTable/HashMap.
abb,abb_0,1,,,,18,8,,DisplayedScreenMap {
abt,abt_2,1,,Cs,,1,1,,Erreur lors de l'extraction d'un ZoneTrigger du pool
abw,abw_0,1,,ig_1,,2,1,,Erreur lors d'un checkOut sur un RunningEffect : 
acC,acc_0,1,,xN,,3,1,,<init>
acG,acg_1,1,,,,6,4,,Probl\u00e8me lors du chargement des infos de group 
acL,acL,1,,uc_1,,4,0,,removeCalendarEvents
acV,acv_0,1,,,,13,8,,stickData
adC,adc_1,1,,ke,,1,2,,Probl\u00e8me au borrowObject.
adI,adi_0,1,,ms_2,,3,1,,<invalid type>
adT,adT,1,,ee_2,,4,2,,Erreur lors de l'ajout d'un sort \u00e0 un SummonedFighter :
adZ,adz_1,1,,,,11,2,,{Point2i : (
ade,ade_1,1,,abk_2,,4,3,,Exception
adg,adg_1,1,,mp_0,,3,1,,Test
adq,adq,1,,,,12,11,,Exception
aeE,aee_2,1,,,,2,2,,Impossible de trouver le FireworkType 
aeI,aeI,1,,lJ,,28,13,,Tentative de d\u00e9s\u00e9rialisation d'un objet avec une version non prise en charge
aek,aek,1,,,,17,2,,XulorSoundManagementDelegate non d\u00e9fini
aer,aer_1,1,,aga_1,,5,3,,Exception
aet,aet_1,1,,lJ,,7,2,,Tentative de d\u00e9s\u00e9rialisation d'un objet avec une version non prise en charge
afg,afg,1,,,,1,11,,Type de map inconnu 
ag,ag,1,,,,2,1,, type : 
agQ,agq_2,1,,adg_2,,3,1,,spacer
agX,agx_0,1,,jy_2,,3,1,,.class
ahe,ahe_0,1,,lc_1,,2,0,,on ne peut pas faire d'op\u00e9ration sur le NULL
aiL,ail_2,1,,aFA,,2,1,,End-Of-File
aiW,aiw_2,1,,adb_2,,13,3,,SAX parser error :
aie,aie_2,1,,,,0,21,,[^%]*%[yYMdhms]([^%]+%[yYMdhms])*[^%]*
aij,aij_2,1,,,,1,2,,Acc\u00e8s \u00e0 un parser non impl\u00e9ment\u00e9 dans ParserType.
aim,aim,1,,,,3,1,,native:
ajD,ajd_0,1,,lJ,,12,6,,Tentative de d\u00e9s\u00e9rialisation d'un objet avec une version non prise en charge.
ajP,ajp_2,1,,aNk,,1,0,,propertyfile
ajk,ajk,1,,ZT,,7,1,,Erreur lors d'un checkOut sur un ArenaRunningEffect : 
ajr,ajr_0,1,,Cs,,1,1,,Erreur lors de l'extraction d'une graveyard du pool
ajs,ajs_2,1,,afN,,3,0,,super.
ajz,ajz,1,,,,6,11,,png
akG,akg_2,1,,re_0,,1,2,,fight.closeCombat
akN,akn_1,1,,,,4,0,,Next converter has been already set
akP,akp_2,1,,ays,,1,1,,Erreur lors d'un newInstance sur un 
akW,akw_0,1,,,,25,6,,"Erreur de donn\u00e9es, on me demande d'appliquer un effet inapplicable, faites un passage sur l'AGT "
akn,akn,1,,mp_0,,3,1,,Actor
aky,aky_1,1,,pt_2,,3,1,,Not
alK,alk_1,1,,,,4,4,,textrenderers should be created once
alc,alc_2,1,,uc_1,,4,0,,updateGameCalendarEvent
alp,alp,1,,,,9,6,,underlying native object already deleted
alr,alr_1,1,,,,4,6,,.tgam
amI,ami_2,1,,gJ,,2,0,,GL_ARB_vertex_shader
ama,ama_2,1,,,,1,1,,AnimSaut
ams,ams,1,,agf_2,,9,5,,empty
amv,amv_1,1,,ZT,,6,1,,Erreur lors d'un checkOut sur un 
anS,ans_2,1,,,,6,4,,Impossible de charger un son de plus de 2147483647 octets
and,and_1,1,,FilterReader,,8,3,,skip value is negative
anj,anj_2,1,,df_2,,6,1,,Erreur lors d'un checkOut sur un APLeech : 
anv,anv,1,,,,3,0,,Invalid constant pool tag 
aoB,aob_1,1,,ff_2,,7,2,,Invalid access
aoT,aot_1,1,,uc_1,,4,0,,removeMail
aod,aod,1,,jz_0,,5,3,,Invalid access
aor,aor,1,,kr_0,,2,1,,Effect area null. id=
aox,aox_1,1,,ZT,,7,5,,Erreur lors d'un checkOut sur un Push : 
apM,apM,1,,mp_0,,5,5,,characterDialog
apr,apr,1,,,,3,1,,Comment value already set.
aqC,aqc_0,1,,gJ,,2,0,,GL_ARB_texture_compression
aqG,aqG,1,,cq_2,,6,4,,Probl\u00e8me au borrowObject.
aqK,aqK,1,,,,1,2,,javax.management.ObjectName
aqS,aqs_0,1,,,,1,10,,{Node f : 
aqc,aqc,1,,,,13,1,,null
aqe,aqe,1,,uc_1,,4,0,,gotoStaticAnimation
aql,aql,1,,mp_0,,2,1,,SpellEffect
aqy,aqy_0,1,,,,7,4,,Probl\u00e8me lors du indexOf(
arM,arM,1,,js_2,,5,8,,Missing pattern in replaceregex
arY,arY,1,,gJ,,2,0,,GL_ARB_multisample
arh,arh,1,,rK,,1,3,,"The value \""\"" is not a legal value for attribute \"""
arm,arm_0,1,,,,12,0,,", this.cPo ? "
asI,asi_0,1,,agn_1,,1,0,,@NA:NA
asN,asn_0,1,,,,11,7,,{Resolution : 
asO,asO,1,,mp_0,,5,2,,Camera
ase,ase_0,1,,awh_0,,1,1,,padding
asj,asj,1,,alp,,14,1,,underlying native object already deleted
asy,asy,1,,ZT,,7,2,,Erreur lors d'un checkOut sur un Petrified : 
atB,atb_0,1,,aen_2,,2,0,,{noneselect: 
atE,ate_0,1,,ZT,,7,1,,Erreur lors d'un checkOut sur un ArenaRunningEffect : 
atF,atF,1,,lJ,,16,7,,Tentative de d\u00e9s\u00e9rialisation d'un objet avec une version non prise en charge
atN,atn_0,1,,lj_0,,1,5,,SansSerif
atU,atu_0,1,,alb_0,,4,1,,"Enclosing scope already set for type \"""
auK,auk_0,1,,xg_0,,2,2,,StartEvent(
auO,auo_0,1,,,,10,2,,Coord(
aub,aub,1,,lJ,,29,13,,Tentative de d\u00e9s\u00e9rialisation d'un objet avec une version non prise en charge
aum,aum,1,,ZT,,8,1,,Erreur lors d'un checkOut sur un ArenaRunningEffect : 
auo,auo,1,,jy_2,,3,1,,.length
avl,avl_0,1,,,,1,1,,dofusarena.classicSearchStatus
awg,awg_0,1,,anz_1,,4,0,,KeyWord(
awk,awk_0,1,,Cs,,1,1,,Erreur lors de l'extraction d'un TournamentTotem du pool
axS,axS,1,,abx_2,,1,0,,pas d'entr\u00e9e sur les providers
axl,axl_0,1,,,,5,0,,Exception
axt,axt_0,1,,Cs,,1,1,,Erreur lors de l'extraction d'un Challenge du pool
ayL,ayL,1,,ye_1,,3,0,,Texture is already up to date
ayv,ayv_0,1,,ajz,,7,1,,Erreur ici
azm,azm,1,,aen_2,,2,0,,{orselect: 
bH,bh_1,1,,mp_0,,2,1,,Sound
bI,bI,1,,,,17,3,,underlying native object already deleted
bY,by_0,1,,uc_1,,4,0,,addCardToTome
bc,bc_2,1,,Zb,,1,1,,ComboBoxAppearance
bg,bg_0,1,,lJ,,18,8,,Tentative de d\u00e9s\u00e9rialisation d'un objet avec une version non prise en charge
cC,cc_0,1,,alv_2,,15,2,,Not supported
cH,ch_0,1,,akr_2,,4,2,,content.
cN,cn_2,1,,,,7,4,,columnId == null !
cc,cc_2,1,,,,2,2,,BCDFIJSZ
co,co_1,1,,lJ,,50,24,,Tentative de d\u00e9s\u00e9rialisation d'un objet avec une version non prise en charge
cu,cu_2,1,,ZT,,8,1,,Erreur lors d'un checkOut sur un ArenaRunningEffect : 
dJ,dj_1,1,,,,2,1,,[source=
dc,dc,1,,uc_1,,4,0,,getParams
dt,dt_0,1,,,,6,4,,Argument 0 for @NotNull parameter of com/ankamagames/baseImpl/graphics/alea/ambiance/AmbianceManager.init must not be null
du,du_0,1,,alt_0,,3,2,,isTrue
dw,dw_2,1,,,,1,1,,dofusarena.infos
eO,eo_1,1,,ZT,,5,1,,Erreur lors d'un checkOut sur un Petrified : 
eQ,eq_2,1,,RuntimeException,,8,3,,--- Nested Exception ---
eZ,ez_0,1,,ZT,,6,1,,Erreur lors d'un checkOut sur un ArenaRunningEffect : 
ex,ex_1,1,,yp_2,,4,5,,buffEffectList
fB,fb_2,1,,,,3,3,,final 
fE,fe_2,1,,uc_1,,4,0,,getAchievements
fG,fg_2,1,,Cs,,1,1,,Erreur lors de l'extraction d'un BreedMaster du pool
fJ,fj_1,1,,ZT,,7,2,,Erreur lors d'un checkOut sur un Immobilization : 
fl,fl,1,,ff_2,,7,1,,clone
fp,fp,1,,mp_0,,3,2,,InteractiveElement
fr,fr_0,1,,arX,,1,0,,D3D9 Renderer not yet implemented
fs,fs_1,1,,arX,,1,0,,D3D10 Renderer not yet implemented
fw,fw_2,1,,lJ,,8,3,,Tentative de d\u00e9s\u00e9rialisation d'un objet avec une version non prise en charge
gM,gM,1,,ZT,,6,1,,Erreur lors d'un newInstance sur un 
gP,gp_0,1,,,,4,2,,Nom de liste ne peut \u00eatre null.
gj,gj_1,1,,,,12,19,,line.separator
gn,gn_2,1,,,,12,6,,ant.loader.
go,go,1,,ZT,,7,2,,Erreur lors d'un checkOut sur un Push : 
gv,gv_2,1,,apc,,1,0,,guild.members
hA,ha_0,1,,,,5,0,,Values of NaN are not supported.
hE,hE,1,,Cs,,1,1,,Erreur lors de l'extraction d'un DofusArenaClientInteractiveAnimatedElementSceneView du pool
hX,hx_2,1,,,,8,1,,.class
hr,hr_2,1,,Cs,,1,1,,Erreur lors de l'extraction d'un DemonIII du pool
ht,ht_2,1,,uc_1,,4,0,,useItemOnFighter
ii,ii_0,1,,ka_0,,2,0,,The [contextProperty] element has been removed. Please use [substitutionProperty] element instead
io,io_0,1,,alt_0,,2,1,,isLess
ip,ip_1,1,,ZT,,7,1,,Erreur lors d'un checkOut sur un DamageTransfer : 
iy,iy_0,1,,ZT,,6,1,,Erreur lors d'un checkOut sur un ArenaRunningEffect : 
jJ,jJ,1,,,,4,2,,Valeur de type inconnu dans un script Lua
jZ,jz_2,1,,lJ,,38,18,,Tentative de d\u00e9s\u00e9rialisation d'un objet avec une version non prise en charge
jj,jj_1,1,,aea_0,,2,0,,"pas de contexte, impossible de r\u00e9cuperer la cible type de RE : "
kD,kD,1,,aPk,,3,2,,[ModulationColorTween] 
kI,ki_1,1,,,,6,0,,LITERAL(
ky,ky_1,1,,ZT,,7,2,,Erreur lors d'un checkOut sur un Immobilization : 
lE,le_1,1,,aht_1,,6,4,,colors
lI,lI,1,,alp_2,,6,4,,MapNavigator
lp,lp_0,1,,bb_2,,4,2,,FightRules
lx,lx_1,1,,aea_0,,3,0,,Impossible de d\u00e9finir un datasource pour la part EMPTY
mK,mk_2,1,,bb_2,,4,2,,Teams
mP,mp_0,1,,,,3,2,,UnknownLibrary 
mj,mj_2,1,,Cs,,1,1,,Erreur lors de l'extraction d'un CARDMASTER du pool
mz,mz_1,1,,uc_1,,4,0,,mailboxContent
nO,no_1,1,,wl_0,,2,4,,for (...; ...; ...) ...
oj,oj_0,1,,,,29,23,,AbstractReferenceCoachCard can't be unserialized. Need to be get from AbstractReferenceCoachCardManager
p,p_0,1,,jy_2,,3,2,, instanceof 
pM,pm_0,1,,hw_0,,4,1,,progressDialog
pb,pb_2,1,,abd_1,,8,5,,Probl\u00e8me au borrowObject.
ps,ps,1,,YN,,9,3,,TextView
pu,pu_0,1,,ZT,,7,1,,Erreur lors d'un checkOut sur un AutomaticEndTurn : 
qE,qe_2,1,,cp_1,,4,1,,And
qH,qh_0,1,,ZT,,7,1,,Erreur lors d'un checkOut sur un StrikeBack : 
qU,qu_0,1,,,,18,2,,xulor
qi,qi_0,1,,mk,,2,0,,invalid entry
qp,qp_2,1,,db_2,,27,5,,GLRenderer can't apply Texture but GLTexture
rF,rf_2,1,,lJ,,31,15,,Tentative de d\u00e9s\u00e9rialisation d'un objet avec une version non prise en charge
rL,rL,1,,alp,,22,1,,underlying native object already deleted
rz,rz,1,,,,11,2,,{Point2i : (
sI,si_0,1,,,,19,3,,underlying native object already deleted
sW,sw_2,1,,tv_0,,1,4,,Cannot relocate offset branch to unset destination offset
sY,sY,1,,Eq,,4,2,,Error : 
tZ,tz_1,1,,re_0,,1,2,,fight.cardUse
uC,uc_2,1,,mp_0,,3,1,,Context
uV,uv_2,1,,alp,,12,1,,underlying native object already deleted
ua,ua,1,,,,19,12,,subPipe
uh,uh_0,1,,lJ,,34,16,,Tentative de d\u00e9s\u00e9rialisation d'un objet avec une version non prise en charge
um,um_1,1,,,,5,3,,Impossible de cr\u00e9er le crypteur/decrypteur de donn\u00e9es (raison : 
uv,uv_0,1,,ya_2,,2,2,,dir:
v,v_0,1,,akE,,2,1,,throw 
vO,vO,1,,apc,,1,0,,confirmationReportIncorrectBehaviour
va,va_0,1,,alp,,17,4,,underlying native object already deleted
vp,vp_2,1,,mp_0,,3,6,,Light
vu,vu_2,1,,akE,,2,2,,synchronized(
vy,vy_0,1,,,,8,10,,UTF-8
wr,wr_0,1,,lJ,,8,3,,Tentative de d\u00e9s\u00e9rialisation d'un objet avec une version non prise en charge
xG,xg_1,1,,tj_0,,3,0,,[ResizeTween] 
xJ,xj_2,1,,mp_0,,3,1,,ScriptedAction
yP,yp_0,1,,lJ,,8,3,,Tentative de d\u00e9s\u00e9rialisation d'un objet avec une version non prise en charge
yb,yb,1,,Eq,,2,1,,fight.eventCards
yl,yl,1,,uc_1,,4,0,,acceptEventsMessages
ym,ym_0,1,,aIT,,4,3,,Exception lev\u00e9e : 
yu,yu_0,1,,tj_0,,4,1,,[ProgressBarTween] 
zJ,zj_0,1,,uc_1,,4,0,,resetMusicMix
zO,zO,1,,gJ,,2,0,,GL_EXT_framebuffer_object
zX,zx_1,1,,xs_1,,3,5,,Impossible de trouver le widget 
zj,zj,1,,jy_2,,3,3,,new 
AL,al_0,0,,np_1,,3,0,,
AN,an_1,0,,xs_1,,3,1,,
AP,AP,0,,,,0,0,,
AV,AV,0,,,,0,0,,
AW,AW,0,,,,3,0,,
AY,ay_1,0,,,,0,0,,
AZ,az_2,0,,Cs,,1,0,,
Ae,ae_0,0,,,,0,0,,
Ah,ah_0,0,,Cs,,1,0,,
Ai,ai_0,0,,Cs,,1,0,,
Ap,ap_0,0,,Cs,,1,0,,
At,at_1,0,,Exception,,0,0,,
Av,av_2,0,,atn,,1,0,,
Aw,aw_2,0,,,,1,0,,
Ax,Ax,0,,,,1,0,,
BB,bb_1,0,,tj_0,,2,2,,
BC,bc_0,0,,,,0,0,,
BJ,bj_2,0,,Cs,,1,0,,
BM,bm_2,0,,,,0,0,,
BN,bn_0,0,,Cs,,1,0,,
BO,bo_0,0,,,,9,0,,
BP,BP,0,,,,9,0,,
BQ,BQ,0,,,,0,1,,
BR,br_1,0,,b_0,,0,0,,
BT,BT,0,,,,14,0,,
BV,BV,0,,,,10,0,,
Ba,ba_2,0,,RuntimeException,,0,1,,
Bf,Bf,0,,el_0,,5,5,,
Bg,Bg,0,,,,1,0,,
Bp,bp_0,0,,ee,,0,0,,
Br,br_2,0,,,,1,0,,
C,C,0,,,,1,1,,
CC,cc_1,0,,akw_0,,5,0,,
CI,CI,0,,ov_2,,2,1,,
CL,cl_1,0,,,,19,0,,
CQ,cq_1,0,,,,6,3,,
CS,cs_0,0,,,,0,0,,
CY,cy_0,0,,,,0,0,,
Cb,cb_1,0,,anw,,4,2,,
Cf,cf_1,0,,,,1,0,,
Cj,cj_1,0,,,,1,0,,
Cl,cl_2,0,,Cs,,1,0,,
Cm,Cm,0,,atn,,1,0,,
Cp,Cp,0,,a_0,,4,0,,
Cq,cq_0,0,,hu_0,,2,0,,
Cu,cu_0,0,,amg_1,,5,1,,
Cv,cv_1,0,,Cs,,1,0,,
Cy,cy_1,0,,mp_2,,2,0,,
DB,db_2,0,,,,32,14,,
DD,dd_2,0,,gi_2,,0,0,,
DF,DF,0,,,,0,0,,
DH,dh_1,0,,,,0,0,,
DI,di_2,0,,,,1,0,,
DJ,dj_0,0,,,,0,0,,
DN,dn_0,0,,Cs,,1,0,,
DT,dt_2,0,,,,3,6,,
DV,DV,0,,aj_1,,1,0,,
DZ,dz_2,0,,aNZ,,0,1,,
Da,da_0,0,,,,1,0,,
Dc,dc_0,0,,,,10,5,,
Dj,Dj,0,,gi_2,,1,0,,
Dk,dk_0,0,,ub_0,,1,1,,
Dm,dm_1,0,,aat_0,,27,6,,
Dn,dn_1,0,,np_1,,3,0,,
Do,do_0,0,,,,4,3,,
Dp,dp_2,0,,Cs,,1,0,,
Dr,dr_1,0,,,,0,0,,
Dt,dt_1,0,,Eq,,2,5,,
Du,Du,0,,,,3,0,,
Dv,dv_1,0,,,,4,0,,
Dw,Dw,0,,,,1,0,,
Dy,dy_1,0,,,,0,0,,
E,E,0,,akw_0,,4,0,,
EA,EA,0,,,,1,0,,
EC,ec_2,0,,aFA,,5,2,,
EG,eg_1,0,,,,22,5,,
EH,eh_0,0,,,,1,1,,
EL,el_2,0,,,,8,0,,
EM,EM,0,,ags_1,,2,1,,
EN,en_0,0,,RuntimeException,,0,0,,
EO,EO,0,,,,19,0,,
ER,ER,0,,vz_0,,2,1,,
EV,EV,0,,,,11,0,,
EX,ex_0,0,,,,1,0,,
EY,EY,0,,,,0,0,,
EZ,ez_1,0,,atn,,1,0,,
Ea,ea_1,0,,,,0,0,,
Eb,eb_0,0,,,,1,0,,
Eg,eg_2,0,,,,0,0,,
Ej,Ej,0,,Cs,,1,0,,
Ek,ek_1,0,,Cs,,1,0,,
El,el_0,0,,,,4,0,,
Er,er_0,0,,,,2,0,,
Es,Es,0,,,,6,6,,
Eu,eu_1,0,,afB,,5,1,,
Ev,ev_2,0,,su_1,,1,0,,
FA,fa_2,0,,atn,,1,0,,
FB,fb_1,0,,,,2,0,,
FI,fi_2,0,,ys,,1,0,,
FJ,fj_0,0,,,,2,0,,
FK,fk_1,0,,atn,,1,0,,
FL,fl_1,0,,rK,,1,2,,
FN,fn_2,0,,rK,,1,4,,
FO,FO,0,,,,4,2,,
FS,fs_0,0,,,,0,246,,
FU,fu_1,0,,atn,,1,0,,
FV,fv_1,0,,,,0,0,,
FX,FX,0,,,,0,1,,
FY,fy_0,0,,akw_0,,3,0,,
Fb,fb_0,0,,,,1,0,,
Fc,Fc,0,,,,1,0,,
Fe,fe_0,0,,gi_2,,1,1,,
Ff,ff_1,0,,,,5,0,,
Fi,fi_1,0,,np_1,,3,0,,
Fl,fl_0,0,,Cs,,1,0,,
Fx,fx_1,0,,,,0,0,,
Fz,fz_1,0,,bf_2,,2,0,,
GF,gf_1,0,,,,0,0,,
GH,gh_1,0,,,,0,0,,
GK,gk_1,0,,hs_2,,4,1,,
GM,gm_0,0,,ke,,5,2,,
GQ,gq_2,0,,aHh,,13,2,,
GR,gr_1,0,,,,0,0,,
GS,gs_0,0,,,,2,1,,
GU,gu_1,0,,,,5,0,,
GX,gx_1,0,,,,1,0,,
GZ,GZ,0,,np_1,,3,0,,
Ga,Ga,0,,,,3,0,,
Gb,Gb,0,,,,0,0,,
Gf,Gf,0,,,,2,0,,
Gg,gg_1,0,,,,1,0,,
Gh,gh_0,0,,,,3,2,,
Gj,gj_2,0,,,,13,0,,
Gk,Gk,0,,,,1,0,,
Gp,Gp,0,,Exception,,0,1,,
Gq,gq_1,0,,Eq,,2,5,,
Gr,Gr,0,,,,14,0,,
Gt,gt_0,0,,Ts,,4,1,,
Gu,gu_0,0,,,,0,0,,
Gv,gv_0,0,,Cs,,1,0,,
Gx,Gx,0,,,,6,0,,
Gy,gy_0,0,,Eq,,2,2,,
HB,HB,0,,qs_0,,2,3,,
HD,hd_1,0,,abq_2,,1,0,,
HH,hh_1,0,,Cs,,1,0,,
HI,hi_2,0,,,,0,0,,
HK,hk_0,0,,aea_0,,2,0,,
HU,hu_1,0,,,,1,0,,
HV,HV,0,,,,1,0,,
Hg,hg_0,0,,,,1,0,,
Hh,Hh,0,,,,0,0,,
Hi,hi_0,0,,,,4,2,,
Hj,hj_0,0,,Cs,,1,0,,
Hn,hn_0,0,,Cs,,1,0,,
Hp,hp_2,0,,,,5,1,,
Hu,Hu,0,,JPanel,,2,3,,
Hv,hv_1,0,,np_1,,3,0,,
Hw,hw_0,0,,,,8,4,,
Hy,hy_0,0,,,,1,0,,
Hz,hz_0,0,,,,1,0,,
I,i_0,0,,,,0,0,,
IA,IA,0,,fa_0,,1,0,,
IB,ib_0,0,,fa_0,,1,0,,
IC,ic_0,0,,fa_0,,1,0,,
ID,id_0,0,,Exception,,0,1,,
IN,in_2,0,,,,1,0,,
IO,io_1,0,,,,0,0,,
IQ,iq_1,0,,,,1,1,,
IR,ir_1,0,,ua_0,,2,6,,
IS,IS,0,,,,0,0,,
IT,it_0,0,,,,4,1,,
IU,IU,0,,,,0,1,,
IW,iw_2,0,,,,0,0,,
IX,ix_2,0,,Cs,,1,0,,
IY,iy_1,0,,,,0,0,,
Ia,ia_1,0,,aoq_2,,6,3,,
Ib,Ib,0,,hs_2,,4,1,,
If,If,0,,Cs,,1,0,,
Ih,ih_0,0,,np_1,,3,0,,
Ii,Ii,0,,hs_2,,4,1,,
In,in_0,0,,,,1,6,,
Io,Io,0,,,,20,19,,
Iq,iq_0,0,,,,1,0,,
Ir,Ir,0,,,,5,0,,
It,it_2,0,,,,1,2,,
Ix,Ix,0,,sP,,1,0,,
JA,ja_1,0,,,,1,0,,
JC,jc_0,0,,,,0,2,,
JE,je_1,0,,azk,,4,1,,
JG,JG,0,,,,2,0,,
JI,ji_1,0,,,,8,10,,
JL,jl_1,0,,ua_0,,1,12,,
JP,jp_1,0,,,,10,0,,
JQ,jq_0,0,,,,1,1,,
JU,ju_0,0,,,,1,0,,
JV,jv_0,0,,Cs,,1,0,,
Jl,jl_0,0,,,,1,1,,
Jn,jn_1,0,,,,1,47,,
Ju,Ju,0,,,,7,0,,
Jv,jv_1,0,,,,1,0,,
K,k_0,0,,,,29,0,,
KB,kb_1,0,,,,1,0,,
KC,kc_0,0,,xN,,2,0,,
KJ,kj_0,0,,fv_2,,1,0,,
KN,KN,0,,,,27,12,,
KO,ko_2,0,,,,0,0,,
KP,kp_0,0,,,,0,0,,
KR,KR,0,,ov_2,,1,2,,
KU,KU,0,,,,6,1,,
KX,KX,0,,,,0,0,,
Kc,kc_2,0,,,,34,0,,
Kd,kd_1,0,,,,7,0,,
Ke,ke_2,0,,RuntimeException,,0,1,,
Kf,Kf,0,,ke,,3,2,,
Kj,kj_1,0,,ub_0,,1,0,,
Km,km_2,0,,ov_2,,1,2,,
Kp,kp_2,0,,,,4,0,,
Kr,kr_2,0,,,,0,0,,
Ku,ku_0,0,,,,1,0,,
LA,la_0,0,,alb_1,,3,1,,
LF,lf_2,0,,apc,,1,0,,
LG,lg_2,0,,apc,,1,0,,
LK,lk_1,0,,,,0,0,,
LL,ll_0,0,,hs_2,,4,1,,
LM,LM,0,,,,3,0,,
LO,lo_2,0,,akE,,5,1,,
LP,lp_1,0,,,,9,9,,
LS,LS,0,,,,5,3,,
LU,lu_0,0,,,,2,2,,
LW,lw_2,0,,,,1,0,,
LX,LX,0,,,,3,3,,
LY,ly_2,0,,,,2,0,,
La,La,0,,afN,,3,1,,
Lb,Lb,0,,ov_2,,1,4,,
Lf,lf_1,0,,tj_0,,2,6,,
Lj,lj_2,0,,alb_0,,2,1,,
Ll,Ll,0,,,,1,0,,
Lp,lp_2,0,,,,0,0,,
Lq,lq_2,0,,,,0,0,,
Ls,ls_2,0,,apc,,1,0,,
Lw,Lw,0,,atn,,1,0,,
Ly,Ly,0,,,,0,0,,
MA,ma_0,0,,,,1,1,,
MB,MB,0,,aap_1,,0,0,,
MC,MC,0,,,,2,0,,
MG,mg_2,0,,,,1,0,,
MJ,MJ,0,,,,7,1,,
MN,MN,0,,,,3,0,,
MO,MO,0,,,,0,0,,
MQ,mq_2,0,,Cs,,1,0,,
MS,ms_1,0,,,,1,0,,
MT,mt_1,0,,,,1,0,,
Me,me_0,0,,,,1,4,,
Mk,mk_0,0,,,,0,0,,
Ml,ml_1,0,,atn,,1,0,,
Mp,mp_1,0,,agu_1,,8,25,,
Mr,mr_2,0,,hs_2,,4,1,,
Mv,mv_2,0,,,,0,0,,
Mx,mx_2,0,,,,3,0,,
My,my_0,0,,aap_1,,0,0,,
Mz,Mz,0,,aap_1,,0,0,,
NE,NE,0,,,,4,0,,
NF,nf_0,0,,atn,,1,0,,
NH,nh_0,0,,atn,,1,0,,
NJ,nj_2,0,,,,8,4,,
NR,nr_1,0,,,,2,3,,
NT,nt_2,0,,Cs,,1,0,,
NV,nv_2,0,,,,12,0,,
NY,NY,0,,ayp,,6,0,,
Nd,nd_0,0,,Cs,,1,0,,
Nh,Nh,0,,,,1,0,,
Nj,nj_0,0,,Thread,,2,1,,
Nm,nm_1,0,,,,1,0,,
Np,np_2,0,,,,6,3,,
Nq,nq_2,0,,ke,,2,1,,
Ns,ns_1,0,,,,0,0,,
Nu,nu_0,0,,,,1,0,,
Nv,nv_1,0,,,,0,0,,
Nz,nz_1,0,,akw_0,,6,0,,
OA,oa_1,0,,,,22,0,,
OC,oc_0,0,,,,1,0,,
OF,of_2,0,,,,7,3,,
OI,OI,0,,kB,,4,4,,
OK,OK,0,,,,4,3,,
OS,OS,0,,ys,,1,0,,
OV,ov_0,0,,,,1,0,,
OX,ox_1,0,,,,3,3,,
OY,oy_0,0,,,,2,0,,
OZ,OZ,0,,,,8,0,,
Oa,Oa,0,,Cs,,1,0,,
Oc,Oc,0,,,,0,0,,
Oe,oe_0,0,,ff_2,,7,1,,
Oi,oi_0,0,,RuntimeException,,0,1,,
Ol,ol_2,0,,qs_0,,2,2,,
Op,op_0,0,,,,1,0,,
Oq,oq_0,0,,ub_0,,2,2,,
Ou,Ou,0,,,,0,0,,
Ov,ov_1,0,,,,1,0,,
Ow,ow_0,0,,anv,,5,2,,
Oz,oz_0,0,,,,23,9,,
P,P,0,,vz_1,,15,3,,
PA,PA,0,,,,8,0,,
PB,PB,0,,Cs,,1,0,,
PC,pc_2,0,,gi_2,,1,0,,
PJ,PJ,0,,Cs,,1,0,,
PO,PO,0,,ka_0,,2,0,,
PX,px_1,0,,,,1,0,,
PZ,PZ,0,,,,1,0,,
Pa,pa_0,0,,DataOutputStream,,2,1,,
Pd,pd_2,0,,ayd_0,,4,2,,
Pe,pe_0,0,,hs_2,,4,1,,
Ph,ph_2,0,,,,1,0,,
Pi,Pi,0,,,,2,0,,
Pq,Pq,0,,,,2,0,,
Pt,pt_2,0,,ahy_0,,1,1,,
Px,px_0,0,,,,8,0,,
QC,QC,0,,,,0,0,,
QF,QF,0,,,,0,0,,
QG,QG,0,,,,1,0,,
QI,QI,0,,ahg_2,,2,2,,
QL,ql_0,0,,,,0,0,,
QO,qo_1,0,,,,6,0,,
Qe,qe_1,0,,,,2,1,,
Qh,qh_2,0,,aid_2,,0,0,,
Qi,qi_2,0,,Cs,,1,0,,
Qk,qk_0,0,,mt_0,,4,0,,
Qm,qm_1,0,,Cs,,1,0,,
Qo,qo_2,0,,,,6,0,,
Qq,qq_1,0,,,,4,0,,
Qt,qt_2,0,,np_1,,3,0,,
R,R,0,,,,1,0,,
RA,ra_1,0,,Cs,,1,0,,
RE,RE,0,,,,9,0,,
RH,rh_1,0,,,,3,1,,
RI,ri_1,0,,,,2,0,,
RK,rk_0,0,,,,3,0,,
RL,rl_0,0,,WindowAdapter,,1,0,,
RN,rn_2,0,,,,1,0,,
RZ,rz_0,0,,,,0,0,,
Rd,rd_0,0,,,,1,0,,
Re,re_1,0,,jq,,0,3,,
Rh,rh_2,0,,jq,,0,3,,
Ri,ri_2,0,,jq,,0,6,,
Rl,rl_1,0,,jq,,0,0,,
Rn,rn_0,0,,,,5,0,,
Ro,ro_0,0,,acy_1,,5,8,,
Rq,Rq,0,,,,2,1,,
Rr,Rr,0,,aqw,,0,0,,
Rx,Rx,0,,np_1,,3,0,,
Ry,ry_0,0,,,,1,1,,
Rz,rz_1,0,,,,31,7,,
SE,se_1,0,,aeg_0,,0,0,,
SF,SF,0,,,,2,0,,
SK,SK,0,,,,1,0,,
SL,sl_0,0,,,,8,6,,
SM,sm_2,0,,,,24,16,,
SN,sn_1,0,,sk_1,,1,1,,
SQ,SQ,0,,,,1,0,,
SS,ss_2,0,,,,0,0,,
SV,sv_0,0,,,,1,0,,
Sb,sb_2,0,,,,6,0,,
Sc,sc_1,0,,akw_0,,4,0,,
Se,Se,0,,atn,,1,0,,
Sj,sj_2,0,,MouseAdapter,,1,0,,
Sm,Sm,0,,,,1,0,,
Sp,sp_1,0,,,,9,2,,
Sq,sq_1,0,,,,5,0,,
St,st_2,0,,Cs,,1,0,,
Su,su_1,0,,,,5,1,,
Sz,Sz,0,,,,2,0,,
TB,TB,0,,Cs,,1,0,,
TC,tc_0,0,,ct_2,,2,1,,
TD,td_1,0,,,,1,0,,
TF,tf_0,0,,,,1,0,,
TH,th_2,0,,iz_0,,6,2,,
TK,TK,0,,,,4,0,,
TL,tl_0,0,,acy_1,,4,5,,
TM,tm_2,0,,,,1,0,,
TO,to_2,0,,,,0,2,,
TS,ts_2,0,,,,0,1,,
TV,TV,0,,,,8,4,,
TX,tx_0,0,,Exception,,0,0,,
Td,td_0,0,,aan_1,,4,1,,
Tf,tf_2,0,,,,1,0,,
Tg,Tg,0,,atn,,1,0,,
Tl,tl_2,0,,,,5,0,,
Tn,tn_0,0,,,,2,1,,
To,to_1,0,,,,1,0,,
Tp,tp_2,0,,,,5,0,,
Tq,tq_2,0,,hs_2,,4,1,,
Ts,Ts,0,,,,5,1,,
Tu,tu_2,0,,aan_1,,8,0,,
Tv,tv_2,0,,eq_2,,1,1,,
Tw,Tw,0,,,,2,2,,
UA,ua_0,0,,,,6,0,,
UB,ub_0,0,,,,1,1,,
UD,UD,0,,ain_2,,5,0,,
UG,ug_2,0,,,,0,15,,
UK,uk_2,0,,tj_0,,2,7,,
UP,up_1,0,,,,8,0,,
UY,uy_0,0,,np_1,,4,0,,
UZ,uz_1,0,,,,1,0,,
Ub,ub_2,0,,ke,,4,1,,
Uf,uf_1,0,,,,1,0,,
Uh,uh_1,0,,,,11,0,,
Ui,ui_0,0,,,,1,0,,
Up,up_2,0,,InputStream,,1,1,,
Uq,uq_0,0,,,,1,0,,
Ut,ut_0,0,,,,1,0,,
Uu,uu_1,0,,,,1,0,,
Ux,ux_0,0,,,,6,0,,
Uz,Uz,0,,np_1,,3,0,,
VA,va_2,0,,,,3,1,,
VC,vc_1,0,,abd_1,,9,6,,
VE,ve_2,0,,,,3,0,,
VF,vf_2,0,,,,1,0,,
VH,vh_1,0,,,,0,0,,
VK,VK,0,,,,0,0,,
VL,vl_2,0,,Cs,,1,0,,
VN,vn_0,0,,ov_2,,2,1,,
VO,vo_2,0,,,,22,9,,
VQ,vq_0,0,,,,0,0,,
VW,vw_0,0,,Cs,,1,0,,
Vb,Vb,0,,,,15,5,,
Vf,vf_1,0,,Exception,,0,1,,
Vi,vi_0,0,,afs_1,,4,2,,
Vk,vk_0,0,,ie,,6,0,,
Vl,vl_1,0,,,,1,0,,
Vm,Vm,0,,,,0,0,,
Vo,vo_1,0,,,,27,10,,
Vs,vs_0,0,,Cs,,1,0,,
Vt,vt_2,0,,,,1,0,,
Vv,vv_0,0,,,,3,2,,
Vz,Vz,0,,ke,,4,3,,
W,W,0,,,,0,0,,
WB,wb_0,0,,gi_2,,3,1,,
WF,WF,0,,aav_2,,2,1,,
WR,WR,0,,,,16,11,,
WU,WU,0,,,,1,0,,
WW,ww_1,0,,Cs,,1,0,,
Wd,Wd,0,,LinkedHashMap,,1,0,,
We,we_0,0,,np_1,,4,0,,
Wh,Wh,0,,anw,,4,2,,
Wi,Wi,0,,Cs,,1,0,,
Wl,wl_0,0,,so_1,,0,2,,
Wp,wp_1,0,,,,1,0,,
Wq,Wq,0,,,,5,2,,
Ws,ws_1,0,,,,0,0,,
Wv,Wv,0,,,,4,0,,
Ww,ww_0,0,,amq_2,,3,5,,
Wy,wy_1,0,,,,12,11,,
XF,xf_1,0,,Cs,,1,0,,
XG,xg_2,0,,,,5,17,,
XH,xh_0,0,,aks,,3,1,,
XJ,xj_0,0,,ahv_2,,8,5,,
XM,xm_1,0,,di_1,,26,3,,
XN,xn_1,0,,,,5,0,,
XR,xr_1,0,,RuntimeException,,0,1,,
XS,xs_2,0,,,,0,0,,
XT,xt_0,0,,,,1,0,,
XV,XV,0,,,,27,0,,
Xa,xa_2,0,,,,0,0,,
Xd,xd_0,0,,,,0,0,,
Xh,Xh,0,,DV,,1,1,,
Xq,xq_2,0,,,,0,0,,
Xt,xt_1,0,,,,5,3,,
Xw,xw_0,0,,,,3,0,,
Xy,xy_0,0,,,,1,0,,
YA,YA,0,,ain_2,,3,0,,
YC,yc_1,0,,,,0,0,,
YH,yh_1,0,,Cs,,1,0,,
YI,YI,0,,aea_0,,2,0,,
YR,YR,0,,yg_1,,5,2,,
YT,YT,0,,,,0,0,,
YV,yv_2,0,,,,2,0,,
YW,yw_1,0,,,,1,0,,
YX,yx_2,0,,,,3,0,,
Ya,ya_2,0,,mk,,2,0,,
Yc,yc_0,0,,,,0,0,,
Yd,yd_1,0,,sP,,1,0,,
Ye,ye_0,0,,,,3,0,,
Yj,yj_0,0,,,,1,0,,
Yn,yn_1,0,,xa,,3,0,,
Yr,yr_2,0,,RuntimeException,,0,1,,
Ys,ys_2,0,,,,0,0,,
Yu,yu_2,0,,vz_2,,3,0,,
ZA,za_1,0,,anv,,1,0,,
ZC,ZC,0,,,,0,0,,
ZE,ze_1,0,,akw_0,,5,0,,
ZF,zf_2,0,,,,0,0,,
ZI,zi_1,0,,,,5,0,,
ZJ,zj_2,0,,,,6,0,,
ZK,zk_1,0,,ayp,,3,1,,
ZN,zn_0,0,,xs_1,,3,1,,
ZO,zo_0,0,,,,1,14,,
ZP,zp_2,0,,aks,,3,2,,
ZR,zr_2,0,,WP,,1,0,,
ZS,zs_0,0,,,,0,5,,
Za,za_0,0,,oj_2,,11,1,,
Ze,Ze,0,,,,1,2,,
Zg,zg_0,0,,ajz,,5,0,,
Zh,zh_0,0,,,,1,0,,
Zi,Zi,0,,np_1,,4,0,,
Zp,zp_0,0,,Cs,,1,0,,
Zr,zr_1,0,,,,16,2,,
Zt,zt_2,0,,,,3,0,,
Zy,zy_2,0,,,,6,3,,
Zz,zz_1,0,,,,1,0,,
aAH,aah_2,0,,atn,,1,0,,
aAI,aai_0,0,,wq_0,,0,0,,
aAJ,aaj_2,0,,wq_0,,0,0,,
aAK,aak_1,0,,BufferedInputStream,,2,0,,
aAO,aao_0,0,,,,1,0,,
aAQ,aAQ,0,,,,1,0,,
aAR,aar_2,0,,Cs,,1,0,,
aAT,aat_1,0,,RuntimeException,,0,0,,
aAU,aAU,0,,af_1,,24,11,,
aAV,aav_2,0,,,,2,1,,
aAW,aaw_2,0,,,,0,1,,
aAY,aAY,0,,,,4,2,,
aAa,aaa_1,0,,,,9,0,,
aAj,aaj_1,0,,,,1,0,,
aAo,aao_2,0,,Enum,,4,0,,
aAr,aar_0,0,,Exception,,0,0,,
aAs,aas_0,0,,rx_2,,0,0,,
aAu,aau_2,0,,aog_0,,0,0,,
aAv,aav_0,0,,aaf_2,,0,0,,
aAx,aax_2,0,,,,2,0,,
aAz,aaz_0,0,,apF,,1,1,,
aBA,aba_2,0,,rk_2,,29,13,,
aBE,abe_1,0,,,,5,12,,
aBG,abg_1,0,,qs_0,,2,1,,
aBH,aBH,0,,,,0,0,,
aBI,abi_0,0,,,,3,2,,
aBP,abp_0,0,,,,0,0,,
aBQ,abq_2,0,,ahj_0,,2,0,,
aBT,aBT,0,,,,4,6,,
aBV,aBV,0,,,,0,0,,
aBX,aBX,0,,,,7,0,,
aBY,aby_0,0,,,,4,1,,
aBa,aba_1,0,,Enum,,3,0,,
aBb,abb_2,0,,ayd_0,,2,1,,
aBc,abc_2,0,,,,1,0,,
aBe,abe_0,0,,,,2,0,,
aBf,abf_0,0,,,,1,0,,
aBn,aBn,0,,atn,,1,0,,
aBx,abx_1,0,,,,37,28,,
aBz,abz_1,0,,,,6,6,,
aCA,aca_0,0,,bs_1,,4,1,,
aCG,acg_2,0,,,,1,0,,
aCH,aCH,0,,,,3,3,,
aCI,aCI,0,,,,0,0,,
aCJ,acj_0,0,,RuntimeException,,0,1,,
aCM,acm_2,0,,yw_2,,2,1,,
aCS,acs_0,0,,,,1,5,,
aCW,aCW,0,,,,0,0,,
aCZ,aCZ,0,,,,4,0,,
aCa,aca_1,0,,,,4,4,,
aCb,aCb,0,,atn,,1,0,,
aCd,aCd,0,,Cs,,1,0,,
aCe,ace_2,0,,,,1,0,,
aCf,acf_0,0,,,,1,0,,
aCh,ach_0,0,,hq_1,,1,0,,
aCi,aci_0,0,,,,5,0,,
aCj,acj_2,0,,,,1,1,,
aCl,acl_0,0,,,,9,0,,
aCp,acp_2,0,,anv,,4,1,,
aCq,acq_0,0,,jy_2,,3,3,,
aCr,aCr,0,,va_2,,0,2,,
aCs,acs_2,0,,xs_1,,3,1,,
aCu,aCu,0,,,,5,11,,
aCw,acw_2,0,,,,2,0,,
aCy,acy_2,0,,,,0,0,,
aDB,adb_0,0,,,,3,15,,
aDH,adh_2,0,,,,0,4,,
aDJ,aDJ,0,,Cs,,1,0,,
aDK,adk_0,0,,,,0,0,,
aDL,adl_2,0,,akw_0,,5,0,,
aDM,aDM,0,,,,1,0,,
aDN,aDN,0,,,,1,0,,
aDO,ado_0,0,,wz_1,,11,9,,
aDR,adr_2,0,,,,2,0,,
aDW,adw_2,0,,,,7,3,,
aDX,adx_0,0,,dd_2,,1,0,,
aDY,ady_1,0,,and_1,,1,1,,
aDZ,adz_0,0,,atn,,1,0,,
aDa,aDa,0,,,,1,0,,
aDb,adb_2,0,,,,9,7,,
aDf,aDf,0,,Cs,,1,0,,
aDp,adp_0,0,,,,1,0,,
aDr,adr_0,0,,,,5,0,,
aDu,adu_1,0,,,,0,0,,
aDy,ady_0,0,,InputStream,,2,1,,
aDz,adz_2,0,,Cs,,1,0,,
aE,aE,0,,,,1,0,,
aEA,aea_0,0,,,,12,6,,
aEE,aee_1,0,,,,0,0,,
aEI,aei_2,0,,xL,,3,2,,
aEJ,aej_1,0,,,,3,0,,
aEN,aen_1,0,,,,23,9,,
aEO,aeo_1,0,,,,1,0,,
aEP,aep_0,0,,,,2,0,,
aES,aes_0,0,,Cs,,1,0,,
aEU,aeu_1,0,,,,2,7,,
aEZ,aEZ,0,,,,2,0,,
aEa,aea_2,0,,,,1,0,,
aEc,aec_0,0,,amz_2,,21,4,,
aEe,aEe,0,,,,4,0,,
aEg,aeg_0,0,,mk,,1,1,,
aEt,aEt,0,,,,0,0,,
aEu,aeu_0,0,,aei_2,,8,8,,
aEv,aev_2,0,,Cs,,1,0,,
aEw,aew_0,0,,,,3,0,,
aF,af_2,0,,,,4,0,,
aFD,aFD,0,,,,1,0,,
aFH,aFH,0,,ags_1,,14,5,,
aFM,aFM,0,,,,2,0,,
aFN,afn_0,0,,,,0,0,,
aFO,afo_0,0,,np_1,,3,0,,
aFP,afp_0,0,,,,0,0,,
aFR,afr_0,0,,,,0,0,,
aFY,afy_1,0,,ep_2,,31,34,,
aFa,afa_1,0,,jy_2,,3,3,,
aFd,afd_2,0,,,,2,4,,
aFf,aff_1,0,,aan_1,,2,0,,
aFh,afh_1,0,,,,4,3,,
aFk,afk_2,0,,xh_1,,3,2,,
aFn,afn_2,0,,,,1,0,,
aFo,afo_1,0,,,,4,3,,
aFp,afp_2,0,,vz_1,,36,5,,
aFq,afq_1,0,,,,17,5,,
aFr,afr_1,0,,,,1,0,,
aFs,afs_1,0,,,,4,0,,
aFv,afv_2,0,,,,0,1,,
aFx,aFx,0,,akn_1,,1,0,,
aFy,aFy,0,,,,9,1,,
aG,ag_0,0,,te_1,,4,1,,
aGC,aGC,0,,,,3,0,,
aGD,agd_2,0,,,,3,1,,
aGE,age_1,0,,,,3,3,,
aGF,agf_0,0,,,,19,5,,
aGH,agh_0,0,,js_2,,1,0,,
aGL,agl_0,0,,,,2,1,,
aGQ,aGQ,0,,Cs,,1,0,,
aGS,ags_1,0,,,,8,3,,
aGV,agv_1,0,,,,0,0,,
aGZ,agz_2,0,,jy_2,,3,2,,
aGa,aGa,0,,,,1,0,,
aGb,agb_0,0,,,,9,4,,
aGd,aGd,0,,,,0,0,,
aGe,age_0,0,,,,0,0,,
aGf,aGf,0,,,,1,0,,
aGk,agk_1,0,,,,14,0,,
aGm,aGm,0,,,,1,0,,
aGq,agq_0,0,,eq_2,,1,2,,
aGu,agu_0,0,,yv_1,,19,0,,
aGw,agw_1,0,,,,25,2,,
aH,ah_2,0,,,,42,0,,
aHE,ahe_1,0,,atu_0,,4,1,,
aHF,ahf_2,0,,,,0,0,,
aHQ,ahq_1,0,,,,1,0,,
aHS,aHS,0,,,,2,0,,
aHT,aht_0,0,,,,1,0,,
aHW,ahw_0,0,,Cs,,1,0,,
aHX,aHX,0,,qg_1,,5,1,,
aHY,aHY,0,,RuntimeException,,0,0,,
aHZ,ahz_0,0,,,,10,0,,
aHa,aha_0,0,,,,1,0,,
aHb,ahb_1,0,,,,2,6,,
aHc,ahc_1,0,,Cs,,1,0,,
aHk,ahk_0,0,,,,6,3,,
aHl,ahl_2,0,,,,1,0,,
aHn,ahn_2,0,,Cs,,1,0,,
aHp,ahp_0,0,,,,29,15,,
aHq,aHq,0,,,,2,0,,
aHs,ahs_2,0,,,,1,0,,
aHw,aHw,0,,hx,,1,0,,
aHx,ahx_0,0,,,,1,0,,
aHy,ahy_2,0,,,,6,0,,
aIB,aib_2,0,,,,1,0,,
aIE,aIE,0,,np_1,,3,1,,
aIH,aih_1,0,,aai_1,,4,19,,
aIM,aim_2,0,,,,1,0,,
aIW,aiw_0,0,,hs_2,,4,1,,
aIX,aIX,0,,aMg,,0,0,,
aIY,aiy_1,0,,km_1,,2,2,,
aIa,aia_1,0,,akE,,2,3,,
aIc,aIc,0,,,,1,4,,
aId,aid_2,0,,axp_0,,1,1,,
aIi,aii_2,0,,,,1,0,,
aIk,aik_2,0,,a_0,,4,0,,
aIl,ail_1,0,,akE,,2,1,,
aIn,ain_0,0,,,,1,0,,
aIo,aIo,0,,np_1,,3,0,,
aIq,aiq_2,0,,,,8,0,,
aIs,aIs,0,,,,0,0,,
aIt,ait_2,0,,,,1,2,,
aIy,aIy,0,,amq_2,,1,0,,
aJD,ajd_2,0,,,,0,0,,
aJH,ajh_0,0,,,,3,0,,
aJL,ajl_0,0,,Cs,,1,0,,
aJM,ajm_0,0,,mp_2,,2,0,,
aJN,ajn_1,0,,,,9,0,,
aJR,ajr_1,0,,,,3,0,,
aJT,ajt_0,0,,,,9,0,,
aJc,ajc_1,0,,Cs,,1,0,,
aJf,ajf_1,0,,,,12,0,,
aJi,aji_0,0,,,,1,0,,
aJt,aJt,0,,asw_0,,4,2,,
aJy,ajy_2,0,,axC,,0,0,,
aK,ak_2,0,,,,17,4,,
aKE,ake_0,0,,,,0,0,,
aKF,akf_0,0,,ov_2,,2,5,,
aKG,akg_0,0,,,,0,0,,
aKH,aKH,0,,,,0,1,,
aKL,akl_0,0,,xa,,3,1,,
aKP,akp_1,0,,ib_2,,1,1,,
aKQ,akq_2,0,,,,0,0,,
aKS,aks_1,0,,Cs,,1,0,,
aKT,akt_0,0,,,,0,0,,
aKW,aKW,0,,,,0,1,,
aKY,aky_2,0,,atn,,1,0,,
aKf,aKf,0,,,,0,0,,
aKg,aKg,0,,Exception,,0,1,,
aKh,akh_1,0,,,,0,0,,
aKj,aKj,0,,,,1,0,,
aKn,akn_0,0,,,,0,0,,
aKq,akq_0,0,,Eq,,2,3,,
aKt,aKt,0,,Cs,,1,0,,
aKw,akw_1,0,,Cs,,1,0,,
aKx,akx_2,0,,,,0,0,,
aKz,akz_0,0,,hs_2,,4,1,,
aLA,ala_0,0,,atn,,1,1,,
aLB,alb_1,0,,,,5,4,,
aLC,alc_1,0,,gi_2,,1,0,,
aLG,alg_1,0,,Cs,,1,0,,
aLI,ali_0,0,,,,6,3,,
aLJ,alj_0,0,,,,16,13,,
aLL,all_1,0,,,,5,2,,
aLN,aLN,0,,,,2,0,,
aLQ,alq_2,0,,,,1,0,,
aLR,aLR,0,,,,1,0,,
aLS,als_2,0,,xj_0,,1,1,,
aLW,alw_2,0,,gp_0,,1,0,,
aLZ,alz_0,0,,amw_2,,1,2,,
aLa,ala_2,0,,wh_1,,2,1,,
aLk,alk_0,0,,,,0,0,,
aLm,alm_2,0,,,,7,3,,
aLo,alo_0,0,,,,1,0,,
aLp,alp_1,0,,,,0,0,,
aLw,alw_0,0,,atn,,1,1,,
aM,am_2,0,,,,0,0,,
aMB,amb_1,0,,,,0,0,,
aME,ame_0,0,,wx_2,,1,0,,
aMG,amg_2,0,,,,19,10,,
aMI,ami_1,0,,fv_2,,1,1,,
aMN,amn_2,0,,se_1,,0,0,,
aMO,aMO,0,,,,1,0,,
aMS,ams_2,0,,afB,,5,3,,
aMV,aMV,0,,,,1,0,,
aMW,aMW,0,,,,1,0,,
aMY,amy_0,0,,,,1,0,,
aMa,ama_0,0,,,,0,0,,
aMd,amd_0,0,,,,3,2,,
aMe,ame_1,0,,,,5,4,,
aMk,amk_2,0,,Cs,,1,0,,
aMl,aml_2,0,,,,3,0,,
aMn,aMn,0,,,,6,3,,
aMt,amt_1,0,,amg_1,,2,0,,
aMv,amv_2,0,,atn,,1,0,,
aNB,anb_0,0,,atn,,1,0,,
aNF,anf_1,0,,,,5,0,,
aNG,ang_1,0,,,,2,0,,
aNH,aNH,0,,,,32,14,,
aNS,aNS,0,,aFH,,10,0,,
aNT,aNT,0,,Cs,,1,0,,
aNW,anw_2,0,,,,4,0,,
aNY,any_1,0,,Cs,,1,0,,
aNZ,aNZ,0,,na_1,,0,0,,
aNa,aNa,0,,,,0,0,,
aNc,aNc,0,,va_2,,0,2,,
aNh,anh_1,0,,ke,,1,0,,
aNj,aNj,0,,Cs,,1,0,,
aNr,anr_2,0,,eq_2,,1,1,,
aNs,ans_1,0,,Stack,,4,1,,
aNt,ant_2,0,,avg,,5,1,,
aNv,anv_2,0,,hx,,1,1,,
aNw,anw_1,0,,aju,,2,1,,
aNy,any_2,0,,,,3,0,,
aOB,aOB,0,,Cs,,1,0,,
aOF,aof_1,0,,ua_0,,1,2,,
aOI,aoi_1,0,,akw_0,,4,0,,
aOM,aom_0,0,,za_1,,5,1,,
aON,aon_1,0,,avA,,1,0,,
aOV,aOV,0,,,,1,0,,
aOY,aoy_2,0,,iz_0,,6,1,,
aOa,aOa,0,,cu_1,,0,0,,
aOc,aoc_1,0,,Cs,,1,0,,
aOf,aOf,0,,,,3,0,,
aOg,aog_2,0,,,,1,0,,
aOh,aoh_1,0,,,,1,0,,
aOl,aOl,0,,,,1,0,,
aOm,aom_2,0,,,,3,0,,
aOq,aoq_2,0,,,,11,4,,
aOs,aos_1,0,,Enum,,3,0,,
aOv,aov_1,0,,gv_1,,6,0,,
aOy,aoy_0,0,,Cs,,1,0,,
aP,ap_2,0,,ig_2,,5,0,,
aPd,apd_0,0,,aaH,,2,0,,
aPf,apf_1,0,,,,0,1,,
aPh,aph_0,0,,,,0,0,,
aPi,api_0,0,,aea_0,,2,0,,
aPj,apj_0,0,,Cs,,1,0,,
aPl,aPl,0,,,,1,0,,
aPt,aPt,0,,,,1,0,,
aPu,aPu,0,,,,0,0,,
aPv,apv_1,0,,,,0,0,,
aQ,aq_2,0,,,,2,2,,
aR,aR,0,,,,4,0,,
aS,as_2,0,,,,0,0,,
aT,aT,0,,Cs,,1,0,,
aW,aw_0,0,,YR,,0,0,,
aX,ax_0,0,,Enum,,2,0,,
aaA,aaa_0,0,,aea_0,,2,0,,
aaB,aaB,0,,Cs,,1,0,,
aaD,aad_0,0,,adT,,1,0,,
aaI,aai_2,0,,anw,,4,2,,
aaK,aak_2,0,,,,2,0,,
aaM,aaM,0,,,,2,0,,
aaP,aap_0,0,,,,2,2,,
aaQ,aaq_2,0,,NY,,6,1,,
aaW,aaW,0,,ahg_2,,7,2,,
aaX,aaX,0,,Cs,,1,0,,
aaY,aay_0,0,,Cs,,1,0,,
aac,aac,0,,,,1,0,,
aaf,aaf_0,0,,aao_2,,1,0,,
aai,aai_1,0,,,,3,2,,
aaj,aaj,0,,,,34,17,,
aal,aal_0,0,,,,1,0,,
aam,aam_2,0,,Cs,,1,0,,
aap,aap,0,,,,5,44,,
aar,aar_1,0,,aao_2,,1,0,,
aas,aas,0,,aao_2,,1,0,,
aat,aat,0,,aao_2,,1,0,,
aau,aau_1,0,,,,15,12,,
aav,aav,0,,a_0,,5,0,,
aay,aay_2,0,,,,1,0,,
ab,ab_2,0,,,,1,0,,
abC,abc_0,0,,,,5,0,,
abE,abe_2,0,,,,1,0,,
abF,abF,0,,,,0,0,,
abR,abr_1,0,,,,2,0,,
abV,abv_0,0,,Cs,,1,0,,
abW,abw_2,0,,,,1,0,,
abX,abx_2,0,,Ts,,3,0,,
abZ,abz_0,0,,,,2,2,,
aba,aba,0,,adm_1,,0,0,,
abc,abc_1,0,,ne_2,,0,0,,
abe,abe,0,,ov_2,,2,0,,
abg,abg_0,0,,,,1,0,,
abi,abi_2,0,,atv_0,,1,0,,
abn,abn_2,0,,sh_0,,2,1,,
abp,abp_1,0,,a_0,,5,0,,
abr,abr_0,0,,RuntimeException,,0,0,,
abs,abs_1,0,,,,10,5,,
abu,abu,0,,ayd,,1,1,,
ac,ac_1,0,,jy_2,,3,1,,
acA,aca_2,0,,,,1,0,,
acB,acb_0,0,,adb_2,,1,1,,
acF,acf_1,0,,,,3,0,,
acH,ach_1,0,,,,0,0,,
acI,aci_1,0,,aba_2,,1,0,,
acK,ack_0,0,,,,2,3,,
acN,acn_1,0,,Cs,,1,0,,
acP,acp_1,0,,,,1,0,,
acR,acr_2,0,,hx,,1,2,,
acT,act_1,0,,yw_2,,2,1,,
acW,acw_1,0,,,,2,0,,
acX,acX,0,,,,1,0,,
acZ,acz_1,0,,ka_0,,1,0,,
ace,ace,0,,,,0,7,,
ach,ach_2,0,,Cs,,1,0,,
acj,acj_1,0,,,,1,0,,
acm,acm_0,0,,,,0,0,,
acn,acn,0,,,,1,0,,
aco,aco_2,0,,,,0,0,,
acr,acr_1,0,,js_2,,1,0,,
act,act,0,,Eq,,2,1,,
acv,acv_1,0,,,,0,0,,
acx,acx_1,0,,,,23,0,,
adA,ada_0,0,,hx,,1,0,,
adB,adb_1,0,,,,0,1,,
adE,ade_2,0,,,,1,0,,
adF,adf_0,0,,,,5,1,,
adH,adh_1,0,,,,6,0,,
adK,adk_2,0,,xs_1,,3,1,,
adL,adl_0,0,,,,33,20,,
adP,adp_2,0,,mt_0,,4,2,,
adQ,adq_2,0,,,,5,0,,
adR,adr_1,0,,np_1,,3,0,,
adU,adu_2,0,,,,1,0,,
adW,adW,0,,aj_1,,0,0,,
adX,adX,0,,,,2,0,,
ada,ada_2,0,,Cs,,1,0,,
adm,adm_1,0,,,,5,3,,
adp,adp,0,,Cs,,1,0,,
adr,adr,0,,,,5,3,,
adt,adt_0,0,,,,0,0,,
adv,adv_2,0,,,,4,6,,
adx,adx_1,0,,,,1,0,,
adz,adz,0,,,,7,5,,
aeB,aeb_1,0,,,,2,0,,
aeF,aeF,0,,,,0,0,,
aeJ,aej_2,0,,np_1,,3,0,,
aeN,aen_0,0,,,,0,11,,
aeO,aeo_2,0,,,,2,0,,
aeQ,aeq_1,0,,,,0,0,,
aeS,aes_1,0,,,,2,2,,
aeV,aev_1,0,,sP,,1,0,,
aeW,aeW,0,,,,3,2,,
aeY,aey_2,0,,,,0,0,,
aeb,aeb,0,,ain_2,,3,0,,
aec,aec_1,0,,,,0,0,,
aed,aed_0,0,,ClassLoader,,3,2,,
aee,aee_0,0,,,,1,0,,
aeg,aeg_1,0,,tj_0,,5,12,,
aei,aei_1,0,,Cs,,1,0,,
aej,aej_0,0,,,,4,0,,
aeo,aeo_0,0,,,,0,0,,
aeq,aeq_0,0,,alm_0,,14,9,,
aes,aes_2,0,,,,1,0,,
aev,aev_0,0,,aFA,,5,2,,
aex,aex,0,,,,31,16,,
af,af_1,0,,,,24,0,,
afA,afa_2,0,,age_2,,1,0,,
afF,aff_0,0,,ub_0,,1,0,,
afG,afg_1,0,,,,1,6,,
afI,afI,0,,,,1,0,,
afJ,afJ,0,,,,1,0,,
afK,afK,0,,,,2,0,,
afM,afm_1,0,,,,0,2,,
afN,afN,0,,jy_2,,0,2,,
afP,afP,0,,,,13,6,,
afU,afu_1,0,,el_0,,6,0,,
afW,afw_0,0,,,,4,0,,
afc,afc_0,0,,ys,,1,0,,
afh,afh_2,0,,gi_2,,1,0,,
afj,afj_1,0,,hz_2,,3,0,,
afl,afl_2,0,,Cs,,1,0,,
afo,afo,0,,,,3,2,,
afp,afp_1,0,,wx_2,,1,0,,
afq,afq_2,0,,,,1,0,,
afs,afs,0,,,,20,0,,
afy,afy_0,0,,,,7,0,,
agB,agb_1,0,,,,8,0,,
agC,agc_2,0,,Cs,,1,0,,
agI,agi_1,0,,,,0,0,,
agJ,agj_2,0,,,,0,0,,
agM,agm_1,0,,,,0,0,,
agN,agN,0,,,,0,0,,
agP,agp_0,0,,,,2,1,,
agS,ags_0,0,,,,0,0,,
agT,agt_0,0,,,,0,0,,
agU,agu_1,0,,,,11,2,,
agW,agW,0,,,,5,4,,
agZ,agz_0,0,,,,0,1,,
agb,agb_2,0,,,,2,0,,
agc,agc_0,0,,,,6,3,,
agd,agd_0,0,,ub_0,,1,1,,
agg,agg,0,,,,10,6,,
agh,agh_1,0,,aiz_1,,5,1,,
agk,agk,0,,mp_0,,2,0,,
agp,agp,0,,np_1,,5,0,,
agx,agx_1,0,,,,9,0,,
ahB,ahB,0,,,,0,17,,
ahD,ahd_2,0,,,,0,0,,
ahE,ahe_2,0,,Cs,,1,0,,
ahF,ahF,0,,atn,,1,0,,
ahG,ahG,0,,hx,,1,0,,
ahH,ahH,0,,akw_0,,3,0,,
ahL,ahl_1,0,,,,7,0,,
ahO,aho_2,0,,Cs,,1,0,,
ahQ,ahq_2,0,,Cs,,1,0,,
ahS,ahs_1,0,,,,0,1,,
ahW,ahw_2,0,,Cs,,1,0,,
ahX,ahx_2,0,,Cs,,1,0,,
ahY,ahy_0,0,,alt_0,,2,0,,
ahZ,ahz_2,0,,za_1,,5,1,,
aha,aha_1,0,,,,0,0,,
ahc,ahc,0,,,,1,0,,
ahg,ahg_2,0,,,,3,3,,
ahj,ahj_1,0,,aba_1,,1,0,,
ahl,ahl_0,0,,aba_1,,1,0,,
aho,aho_0,0,,,,6,0,,
ahs,ahs_0,0,,Cs,,1,0,,
aht,aht_2,0,,,,1,0,,
ahu,ahu_2,0,,,,0,0,,
ahv,ahv_1,0,,Eq,,2,0,,
ahw,ahw_1,0,,ke,,3,1,,
ai,ai_1,0,,a_0,,4,0,,
aiB,aib_0,0,,Cs,,1,0,,
aiC,aic_2,0,,ys,,1,0,,
aiD,aiD,0,,,,6,0,,
aiE,aie_1,0,,ua_0,,1,4,,
aiF,aiF,0,,,,0,0,,
aiG,aig_2,0,,ov_2,,3,1,,
aiH,aih_2,0,,Exception,,0,1,,
aiQ,aiQ,0,,,,2,0,,
aiS,ais_0,0,,Cs,,1,0,,
aiT,ait_1,0,,,,5,2,,
aiU,aiU,0,,abd_1,,12,6,,
aiV,aiV,0,,Cs,,1,0,,
aic,aic_1,0,,akw_0,,5,0,,
aif,aif_0,0,,,,0,0,,
aig,aig_0,0,,Cs,,1,0,,
aii,aii_0,0,,,,3,0,,
ail,ail_0,0,,,,0,0,,
aio,aio_2,0,,,,1,0,,
aiq,aiq_0,0,,,,3,0,,
air,air,0,,,,2,1,,
aiw,aiw,0,,,,0,0,,
aiy,aiy_0,0,,Cs,,1,0,,
aiz,aiz_1,0,,,,4,3,,
ajA,aja_2,0,,BufferedOutputStream,,1,0,,
ajB,ajb_2,0,,,,1,0,,
ajE,aje_0,0,,,,1,0,,
ajG,ajg_1,0,,za_1,,5,1,,
ajH,ajh_1,0,,abq_2,,1,0,,
ajI,aji_1,0,,,,23,11,,
ajJ,ajj_1,0,,,,1,0,,
ajL,ajl_1,0,,Exception,,0,1,,
ajQ,ajq_0,0,,,,1,0,,
ajU,aju_0,0,,Cs,,1,0,,
ajY,ajY,0,,,,1,0,,
aja,aja,0,,mp_0,,3,2,,
ajb,ajb_0,0,,,,1,0,,
ajd,ajd_1,0,,,,1,0,,
aje,aje,0,,,,1,0,,
ajf,ajf_2,0,,,,0,0,,
ajh,ajh_2,0,,,,3,1,,
aji,aji,0,,jz_0,,5,2,,
ajt,ajt_2,0,,Bb,,2,1,,
aju,aju,0,,nF,,2,2,,
ajw,ajw,0,,dj_1,,4,3,,
ajx,ajx_1,0,,jz,,4,0,,
akD,akd_1,0,,amw_2,,0,0,,
akF,akf_2,0,,,,0,0,,
akI,aki_0,0,,,,4,0,,
akJ,akj_0,0,,so_1,,2,2,,
akK,akK,0,,,,5,4,,
akR,akR,0,,,,3,3,,
akU,akU,0,,,,2,0,,
akY,aky_0,0,,,,1,0,,
aka,aka_1,0,,Cs,,1,0,,
akb,akb_1,0,,,,8,1,,
akc,akc_2,0,,,,0,0,,
akg,akg_1,0,,,,1,0,,
akh,akh_0,0,,Es,,0,0,,
aki,aki_1,0,,,,0,0,,
akj,akj_2,0,,,,6,3,,
akk,akk_2,0,,,,1,22,,
akl,akl,0,,akw_0,,4,0,,
akm,akm,0,,,,5,0,,
akp,akp_0,0,,,,0,0,,
akt,akt_2,0,,,,1,0,,
akw,akw_2,0,,a_0,,4,0,,
akz,akz,0,,,,1,0,,
al,al_2,0,,Cs,,1,0,,
alB,alb_2,0,,a_0,,4,0,,
alC,alc_0,0,,apm_0,,2,2,,
alH,alh_0,0,,Cs,,1,0,,
alI,ali_1,0,,gi_2,,1,0,,
alJ,alj_1,0,,,,6,2,,
alL,all_0,0,,Cs,,1,0,,
alN,aln_1,0,,,,6,0,,
alP,alp_0,0,,,,6,0,,
alT,alt_1,0,,,,1,0,,
alU,alu_0,0,,Cs,,1,0,,
alW,alW,0,,,,2,0,,
alZ,alz_1,0,,hs_2,,4,1,,
ala,ala,0,,,,2,0,,
ald,ald,0,,,,6,2,,
ale,ale_0,0,,,,7,0,,
alg,alg,0,,,,1,0,,
alh,alh_1,0,,,,11,0,,
ali,ali_2,0,,gi_2,,1,0,,
alk,alk,0,,np_1,,3,1,,
all,all_2,0,,aIz,,1,0,,
alm,alm_0,0,,,,27,1,,
alo,alo_1,0,,gi_2,,1,0,,
alq,alq_1,0,,ub_0,,1,1,,
alu,alu_2,0,,np_1,,4,0,,
alv,alv,0,,apF,,2,0,,
alw,alw_1,0,,Cs,,1,0,,
amG,amg_0,0,,,,0,0,,
amJ,amj_1,0,,,,9,0,,
amK,amk_1,0,,,,0,0,,
amM,amm_2,0,,,,1,0,,
amQ,amq_0,0,,,,0,1,,
amS,ams_0,0,,,,3,1,,
amT,amT,0,,Cs,,1,0,,
amU,amu_2,0,,Cs,,1,0,,
amW,amw_0,0,,,,4,0,,
amX,amx_1,0,,air_1,,3,0,,
amY,amY,0,,,,8,9,,
amZ,amz_1,0,,JComponent,,2,2,,
amb,amb,0,,,,10,3,,
amd,amd,0,,,,7,0,,
amh,amh,0,,,,4,1,,
ami,ami_0,0,,Cs,,1,0,,
amn,amn_1,0,,,,3,0,,
amo,amo_2,0,,,,2,5,,
amr,amr_0,0,,,,0,0,,
amt,amt_2,0,,yd_2,,9,3,,
amw,amw_2,0,,,,0,1,,
amx,amx_0,0,,,,0,0,,
amz,amz_2,0,,,,14,4,,
anC,anc_2,0,,aCP,,0,0,,
anD,and_0,0,,,,0,0,,
anF,anf_2,0,,,,1,0,,
anM,anM,0,,anw,,7,3,,
anR,anR,0,,anw,,4,2,,
anU,anu_1,0,,ff_2,,7,3,,
anY,any_0,0,,ff_2,,7,3,,
anZ,anz_0,0,,jy_2,,3,1,,
anb,anb_1,0,,aj_1,,1,4,,
anf,anf,0,,,,6,0,,
ank,ank_2,0,,,,9,0,,
anl,anl_0,0,,am_1,,0,0,,
anm,anm_1,0,,,,0,0,,
ann,ann,0,,,,0,0,,
anr,anr_1,0,,RuntimeException,,0,1,,
anw,anw,0,,jy_2,,2,0,,
anz,anz_1,0,,ki_1,,3,0,,
aoF,aof_2,0,,Cs,,1,0,,
aoJ,aoj_2,0,,,,7,4,,
aoK,aok_0,0,,ub_0,,1,2,,
aoL,aol_1,0,,,,2,4,,
aoR,aor_0,0,,,,0,0,,
aoU,aoU,0,,,,1,0,,
aoW,aow_0,0,,jy_2,,3,1,,
aoX,aox_2,0,,,,1,0,,
aoa,aoa_1,0,,anw,,4,1,,
aob,aob_0,0,,ff_2,,7,3,,
aoc,aoc,0,,adi_0,,3,2,,
aoh,aoh_0,0,,jy_2,,3,1,,
aoj,aoj_0,0,,alb_0,,2,2,,
aok,aok,0,,za_1,,5,1,,
aom,aom_1,0,,,,1,0,,
aoo,aoo_0,0,,yd_2,,9,3,,
aou,aou_0,0,,,,0,3,,
aoy,aoy_1,0,,,,6,0,,
ap,ap_1,0,,,,1,0,,
apA,apa_1,0,,aos_1,,1,0,,
apB,apb_0,0,,aos_1,,1,0,,
apC,apc_0,0,,,,2,0,,
apD,apd_1,0,,,,0,0,,
apE,ape_0,0,,a_0,,4,0,,
apF,apF,0,,ua,,1,0,,
apG,apG,0,,,,6,0,,
apH,apH,0,,,,2,1,,
apI,apI,0,,agu_1,,2,5,,
apQ,apQ,0,,aMg,,0,0,,
apR,apr_1,0,,aos_1,,1,0,,
apU,apu_1,0,,aos_1,,1,0,,
apW,apW,0,,aos_1,,1,0,,
apX,apx_0,0,,aos_1,,1,0,,
apZ,apz_0,0,,aos_1,,1,0,,
apa,apa,0,,,,1,0,,
apc,apc,0,,atn,,1,0,,
apg,apg_0,0,,,,0,0,,
apk,apk_1,0,,,,1,0,,
apl,apl_0,0,,akw_0,,4,0,,
apo,apo_1,0,,Cs,,1,0,,
app,app_1,0,,Cs,,1,0,,
apq,apq_1,0,,,,0,0,,
aps,aps_1,0,,aea_0,,2,0,,
apt,apt_1,0,,,,5,2,,
apv,apv,0,,Cs,,1,0,,
apw,apw_1,0,,,,8,4,,
apx,apx,0,,,,1,0,,
apy,apy_0,0,,,,18,4,,
apz,apz,0,,aos_1,,1,0,,
aq,aq_0,0,,atn,,1,0,,
aqD,aqD,0,,,,7,0,,
aqI,aqI,0,,,,1,0,,
aqJ,aqj_0,0,,ub_0,,1,0,,
aqM,aqm_0,0,,akw_0,,4,0,,
aqT,aqt_0,0,,el_0,,5,0,,
aqW,aqw_0,0,,,,0,4,,
aqZ,aqz_0,0,,tj_0,,3,0,,
aqa,aqa_0,0,,aos_1,,1,0,,
aqd,aqd_0,0,,fv_2,,1,0,,
aqh,aqh_0,0,,Cs,,1,0,,
aqi,aqi_0,0,,,,4,0,,
aqj,aqj,0,,,,0,0,,
aqm,aqm,0,,,,6,4,,
aqn,aqn_0,0,,xL,,1,1,,
aqo,aqo,0,,ke,,2,2,,
aqp,aqp_0,0,,Exception,,0,1,,
aqu,aqu,0,,vz_1,,22,11,,
aqz,aqz,0,,atn,,1,0,,
ar,ar_2,0,,Cs,,1,0,,
arC,arc_0,0,,,,1,0,,
arI,ari_0,0,,,,17,7,,
arK,ark_0,0,,mm_2,,0,0,,
arO,aro_0,0,,Cs,,1,0,,
arP,arp_0,0,,,,6,0,,
arQ,arQ,0,,,,5,0,,
arT,arT,0,,akw_0,,4,0,,
arV,arV,0,,,,2,0,,
arW,arw_0,0,,akw_0,,4,0,,
arX,arX,0,,Enum,,3,1,,
ara,ara,0,,rK,,1,2,,
arb,arb,0,,rK,,1,3,,
arc,arc,0,,rK,,1,2,,
ard,ard,0,,rK,,1,2,,
are,are,0,,rK,,1,2,,
arg,arg_0,0,,,,0,0,,
ari,ari,0,,amw_2,,0,2,,
arj,arj,0,,amw_2,,0,2,,
aro,aro,0,,,,2,2,,
ars,ars_0,0,,ahg_2,,2,0,,
arv,arv_0,0,,,,2,1,,
arx,arx_0,0,,ua_0,,1,1,,
ary,ary_0,0,,,,0,1,,
arz,arz,0,,Cs,,1,0,,
asF,asF,0,,adt_2,,4,1,,
asJ,asj_0,0,,tU,,0,0,,
asK,ask_0,0,,,,1,0,,
asP,asP,0,,,,0,0,,
asQ,asq_0,0,,Cs,,1,0,,
asS,ass_0,0,,,,2,0,,
asY,asy_0,0,,JPanel,,3,2,,
asZ,asz_0,0,,,,1,0,,
asa,asa_0,0,,ov_2,,2,1,,
asb,asb_0,0,,hs_2,,4,1,,
ask,ask,0,,ub_0,,1,1,,
asl,asl_0,0,,,,0,0,,
asv,asv_0,0,,,,1,0,,
asw,asw_0,0,,,,14,14,,
asx,asx,0,,apc,,1,0,,
atC,atC,0,,aea_0,,2,0,,
atG,atG,0,,,,2,0,,
atH,ath_0,0,,,,0,4,,
atI,atI,0,,,,3,3,,
atK,atK,0,,Cs,,1,0,,
atL,atl_0,0,,,,1,0,,
atP,atP,0,,,,0,1,,
atQ,atQ,0,,,,11,11,,
atR,atr_0,0,,,,2,2,,
atW,atW,0,,,,3,2,,
atX,atx_0,0,,aiz_1,,5,1,,
ata,ata_0,0,,np_1,,3,0,,
ate,ate,0,,Cs,,1,0,,
atl,atl,0,,,,0,0,,
atq,atq_0,0,,,,1,0,,
ats,ats_0,0,,InheritableThreadLocal,,1,0,,
att,att,0,,jy_1,,22,0,,
atw,atw_0,0,,,,0,1,,
atx,atx,0,,,,0,0,,
atz,atz_0,0,,ub_0,,1,2,,
auG,aug_0,0,,,,0,1,,
auH,auh_0,0,,atn,,1,0,,
auJ,auJ,0,,ub_0,,1,1,,
auP,auP,0,,Cs,,1,0,,
aua,aua_0,0,,,,7,5,,
aue,aue_0,0,,atn,,1,0,,
auh,auh,0,,,,4,4,,
auj,auj_0,0,,,,0,0,,
auk,auk,0,,,,11,0,,
aun,aun,0,,,,0,4,,
aup,aup_0,0,,atD,,8,2,,
aur,aur,0,,,,1,0,,
auv,auv_0,0,,,,2,4,,
avA,avA,0,,,,2,1,,
avD,avD,0,,,,0,0,,
avG,avg_0,0,,,,6,5,,
avH,avh_0,0,,akw_0,,4,0,,
avI,avi_0,0,,lr_0,,2,0,,
avJ,avJ,0,,qs_0,,2,4,,
avK,avk_0,0,,,,3,0,,
avL,avL,0,,,,4,2,,
avM,avM,0,,,,2,0,,
avN,avN,0,,,,0,0,,
avS,avs_0,0,,aea_0,,2,0,,
avU,avU,0,,Cs,,1,0,,
avW,avw_0,0,,aMn,,2,14,,
avY,avy_0,0,,Cs,,1,0,,
avd,avd_0,0,,,,0,1,,
avi,avi,0,,,,0,0,,
avm,avm_0,0,,,,5,3,,
avn,avn_0,0,,,,3,2,,
avq,avq_0,0,,,,2,1,,
avw,avw,0,,,,9,6,,
avy,avy,0,,Cs,,1,0,,
avz,avz,0,,ams_0,,24,5,,
awB,awb_0,0,,RuntimeException,,0,1,,
awD,awD,0,,,,1,0,,
awG,awG,0,,,,1,0,,
awL,awL,0,,,,4,4,,
awM,awM,0,,,,0,0,,
awO,awO,0,,di_1,,4,0,,
awP,awp_0,0,,,,0,0,,
awQ,awQ,0,,,,9,0,,
awT,awt_0,0,,,,8,6,,
awU,awU,0,,,,0,0,,
awV,awv_0,0,,,,21,0,,
awX,awX,0,,atn,,1,0,,
awZ,awZ,0,,,,2,4,,
awd,awd_0,0,,Cs,,1,0,,
awi,awi,0,,,,16,10,,
awl,awl_0,0,,te_1,,6,5,,
awo,awo_0,0,,,,1,0,,
awp,awp,0,,,,15,0,,
aww,aww,0,,,,4,2,,
ax,ax_1,0,,,,0,0,,
axC,axC,0,,arf_0,,2,1,,
axD,axD,0,,yg_0,,6,2,,
axG,axG,0,,,,1,4,,
axM,axm_0,0,,,,1,0,,
axO,axo_0,0,,,,6,4,,
axQ,axQ,0,,aea_0,,2,0,,
axT,axT,0,,Cs,,1,0,,
axU,axu_0,0,,,,11,0,,
axV,axV,0,,,,0,0,,
axW,axw_0,0,,np_1,,3,0,,
axe,axe,0,,,,10,2,,
axg,axg_0,0,,Cs,,1,0,,
axi,axi,0,,,,8,6,,
axk,axk,0,,,,1,2,,
axo,axo,0,,Cs,,1,0,,
axp,axp_0,0,,cf_2,,0,0,,
axq,axq_0,0,,,,1,0,,
axv,axv_0,0,,EventObject,,8,7,,
axx,axx_0,0,,,,3,0,,
axy,axy,0,,nk_2,,1,0,,
axz,axz_0,0,,Cs,,1,0,,
ayC,ayc_0,0,,,,6,2,,
ayE,aye_0,0,,Cs,,1,0,,
ayH,ayh_0,0,,aqw,,0,0,,
ayN,ayN,0,,jy_2,,3,3,,
ayR,ayR,0,,,,0,0,,
ayS,ays_0,0,,,,1,0,,
ayT,ayT,0,,,,1,0,,
ayY,ayy_0,0,,,,7,0,,
ayZ,ayZ,0,,,,0,4,,
ayb,ayb,0,,qs_2,,8,6,,
ayc,ayc,0,,,,2,0,,
ayd,ayd,0,,,,10,4,,
aye,aye,0,,hs_2,,4,1,,
ayi,ayi,0,,,,2,0,,
ayk,ayk,0,,,,0,1,,
ayl,ayl_0,0,,TP,,2,0,,
ayn,ayn_0,0,,,,1,1,,
ayo,ayo,0,,th_2,,7,2,,
ayp,ayp,0,,,,4,1,,
ays,ays,0,,ZT,,7,0,,
ayt,ayt_0,0,,,,1,0,,
ayx,ayx,0,,,,3,0,,
ayz,ayz_0,0,,CopyOnWriteArrayList,,1,1,,
azA,aza_0,0,,atn,,1,0,,
azB,azB,0,,cp_1,,3,1,,
azG,azG,0,,Exception,,0,1,,
azM,azm_0,0,,aj_1,,0,1,,
azO,azo_0,0,,,,19,0,,
azV,azV,0,,DM,,3,2,,
azY,azy_0,0,,,,2,0,,
azZ,azZ,0,,Cs,,1,0,,
azd,azd,0,,,,2,0,,
aze,aze,0,,,,0,0,,
azj,azj,0,,InputStream,,9,1,,
azn,azn_0,0,,Cs,,1,0,,
azp,azp_0,0,,Cs,,1,0,,
azq,azq,0,,,,5,2,,
b,b_0,0,,Exception,,0,0,,
bC,bc_1,0,,,,6,7,,
bE,bE,0,,,,6,0,,
bF,bf_1,0,,,,5,4,,
bG,bg_1,0,,,,35,0,,
bO,bo_2,0,,Hashtable,,2,0,,
bU,bU,0,,OutputStream,,9,7,,
bV,bv_2,0,,,,2,0,,
ba,ba_0,0,,,,1,1,,
bb,bb_2,0,,,,6,12,,
bd,bd,0,,,,14,20,,
be,be_2,0,,amf_2,,1,0,,
bh,bh,0,,Cs,,1,0,,
bn,bn,0,,,,2,5,,
bt,bt_2,0,,,,6,5,,
bz,bz_0,0,,,,1,0,,
c,c_0,0,,,,7,3,,
cA,cA,0,,,,4,0,,
cI,ci_1,0,,Cs,,1,0,,
cL,cl_0,0,,,,0,0,,
cM,cm_1,0,,akw_0,,5,0,,
cO,co_2,0,,Exception,,0,0,,
cP,cp_1,0,,ahy_0,,1,1,,
cQ,cq_2,0,,ke,,3,2,,
cR,cr_1,0,,,,0,0,,
cS,cs_2,0,,,,1,0,,
cV,cv_0,0,,,,0,0,,
cY,cY,0,,Cs,,1,0,,
cd,cd,0,,sP,,1,0,,
ce,ce_0,0,,,,0,0,,
cg,cg_1,0,,atu_0,,3,2,,
ch,ch,0,,a_0,,4,0,,
ci,ci_2,0,,Cs,,1,0,,
ck,ck,0,,alr_2,,1,0,,
cl,cl,0,,,,2,1,,
cn,cn_1,0,,,,1,0,,
cs,cs_1,0,,DataInputStream,,2,1,,
ct,ct_1,0,,mp_2,,2,0,,
cv,cv,0,,nt_1,,3,1,,
cx,cx_2,0,,anv,,5,2,,
cy,cy_2,0,,,,5,1,,
d,d_0,0,,,,0,0,,
dA,dA,0,,,,1,0,,
dB,db_0,0,,,,0,0,,
dC,dc_2,0,,Cs,,1,0,,
dE,dE,0,,,,1,0,,
dF,df_0,0,,jv,,1,0,,
dI,di_0,0,,,,0,0,,
dK,dK,0,,,,0,0,,
dM,dm_2,0,,,,16,2,,
dT,dT,0,,,,3,3,,
dV,dv_0,0,,ayd_0,,2,1,,
dZ,dZ,0,,,,1,1,,
da,da_1,0,,ayd_0,,2,1,,
dd,dd,0,,a_0,,4,0,,
dk,dk_1,0,,hs_2,,4,1,,
dl,dl,0,,,,0,0,,
do,do,0,,Cs,,1,0,,
dp,dp_1,0,,,,1,0,,
dr,dr_2,0,,,,0,2,,
dv,dv_2,0,,Cs,,1,0,,
dx,dx,0,,aea_0,,2,0,,
dz,dz_1,0,,anv,,5,2,,
e,e_0,0,,Cs,,1,0,,
eA,ea_2,0,,,,6,0,,
eC,ec_0,0,,,,3,0,,
eE,ee_1,0,,,,1,0,,
eF,eF,0,,,,0,0,,
eJ,ej_0,0,,,,58,21,,
eL,el_1,0,,,,9,0,,
eP,eP,0,,adm_1,,0,0,,
eS,es_1,0,,mi_2,,2,0,,
eU,eU,0,,,,1,0,,
eY,ey_0,0,,,,0,0,,
ea,ea_0,0,,,,8,0,,
eb,eb_2,0,,Cs,,1,0,,
ee,ee,0,,alk_2,,2,1,,
ef,ef_2,0,,,,3,1,,
eg,eg_0,0,,,,3,0,,
ei,ei_2,0,,,,6,0,,
ek,ek_0,0,,akE,,2,0,,
eo,eo_2,0,,,,3,0,,
ez,ez,0,,,,0,0,,
fA,fa_0,0,,Enum,,3,0,,
fC,fc_0,0,,,,1,0,,
fD,fd_2,0,,,,0,0,,
fL,fl_2,0,,,,0,6,,
fO,fo_0,0,,gi_2,,1,0,,
fP,fp_1,0,,mp_2,,2,0,,
fQ,fq_2,0,,RuntimeException,,0,1,,
fS,fS,0,,np_1,,4,0,,
fU,fu_0,0,,Cs,,1,0,,
fV,fv_0,0,,,,1,0,,
fZ,fZ,0,,hq_1,,1,0,,
fb,fb,0,,aEZ,,2,1,,
fd,fd_1,0,,np_1,,3,0,,
fe,fe,0,,Exception,,1,1,,
ff,ff_0,0,,,,2,0,,
fg,fg,0,,aL,,10,0,,
fj,fj,0,,,,4,0,,
fk,fk,0,,atn,,1,0,,
fo,fo_1,0,,arX,,1,1,,
ft,ft,0,,atu_0,,3,1,,
fx,fx_2,0,,Cs,,1,0,,
fy,fy_1,0,,,,0,0,,
g,g_0,0,,wa_0,,2,1,,
gB,gb_2,0,,abq_2,,1,1,,
gH,gH,0,,RuntimeException,,0,1,,
gI,gi_0,0,,,,0,0,,
gK,gk_2,0,,,,0,0,,
gQ,gq_0,0,,hs_2,,1,1,,
gR,gr_2,0,,,,1,0,,
gU,gu_2,0,,,,2,1,,
gX,gx_2,0,,,,1,0,,
ga,ga_0,0,,akw_0,,3,0,,
gb,gb_0,0,,atn,,1,0,,
gc,gc_2,0,,aan_1,,3,1,,
gd,gd_1,0,,,,0,0,,
ge,ge_0,0,,,,5,0,,
gf,gf_0,0,,,,4,5,,
gg,gg,0,,b_0,,0,0,,
gi,gi,0,,,,4,0,,
gm,gm_2,0,,np_1,,3,0,,
h,h,0,,abx_2,,3,2,,
hF,hf_2,0,,aan_1,,2,0,,
hI,hi_1,0,,Cs,,1,0,,
hJ,hj_2,0,,Hashtable,,4,2,,
hL,hl_0,0,,,,1,5,,
hM,hm_0,0,,,,1,0,,
hN,hN,0,,,,0,0,,
hO,hO,0,,,,0,0,,
hP,hp_0,0,,hs_2,,4,1,,
hQ,hq_2,0,,a_0,,4,0,,
hR,hR,0,,,,2,0,,
hT,ht_1,0,,Cs,,1,0,,
hV,hv_2,0,,,,0,0,,
hW,hw_2,0,,,,0,0,,
hY,hY,0,,,,0,0,,
hZ,hz_1,0,,,,1,0,,
hb,hb_1,0,,,,14,0,,
hc,hc_1,0,,,,6,0,,
he,he_2,0,,,,1,0,,
hf,hf_0,0,,ke,,7,3,,
hn,hn_1,0,,hs_2,,4,1,,
hp,hp_1,0,,,,2,0,,
hs,hs_2,0,,aiz_1,,1,1,,
hx,hx,0,,,,2,0,,
hy,hy_2,0,,,,2,18,,
hz,hz,0,,,,0,0,,
i,i,0,,abx_2,,3,1,,
iC,ic_2,0,,,,2,0,,
iE,ie_1,0,,,,1,0,,
iI,ii_1,0,,np_1,,3,0,,
iK,ik_0,0,,,,0,0,,
iT,iT,0,,tj_0,,2,5,,
iW,iw_0,0,,,,0,0,,
iZ,iz_2,0,,aea_0,,2,0,,
ia,ia_2,0,,ct_2,,4,2,,
if,if_0,0,,np_1,,3,0,,
ig,ig,0,,,,0,0,,
im,im_1,0,,ov_2,,3,1,,
iq,iq,0,,tj_0,,2,4,,
it,it_1,0,,aFA,,4,2,,
iv,iv_2,0,,FilterReader,,3,2,,
iw,iw_1,0,,,,0,1,,
jA,jA,0,,,,4,0,,
jB,jB,0,,,,0,0,,
jC,jc_2,0,,,,0,0,,
jE,je_2,0,,,,40,24,,
jF,jF,0,,iz_0,,6,2,,
jI,jI,0,,aan_1,,2,0,,
jK,jk_2,0,,aj_1,,1,4,,
jP,jP,0,,aMg,,0,0,,
jX,jx_1,0,,a_0,,7,0,,
ja,ja_2,0,,asn,,18,3,,
jd,jd_2,0,,atn,,1,0,,
jf,jf_2,0,,aea_0,,2,0,,
jh,jh_2,0,,xX,,1,0,,
ji,ji_2,0,,aea_0,,2,0,,
jn,jn_2,0,,,,2,0,,
jp,jp_0,0,,Cs,,1,0,,
jq,jq,0,,,,0,0,,
jr,jr_2,0,,,,1,0,,
jt,jt_0,0,,,,4,2,,
jy,jy_1,0,,aei_2,,7,6,,
k,k,0,,xs_1,,2,1,,
kA,ka_1,0,,,,5,1,,
kG,kG,0,,,,4,0,,
kK,kk_0,0,,,,4,1,,
kL,kl_2,0,,ub_0,,1,0,,
kN,kn_2,0,,ub_0,,1,0,,
kO,ko_0,0,,,,3,2,,
kQ,kq_1,0,,ub_0,,1,0,,
kR,kr_1,0,,ub_0,,1,0,,
kT,kt_2,0,,,,0,0,,
kV,kV,0,,Cs,,1,0,,
kW,kw_0,0,,,,4,0,,
kX,kx_1,0,,,,4,0,,
ka,ka,0,,,,0,1,,
kb,kb_2,0,,ub_0,,1,2,,
kc,kc_1,0,,,,1,0,,
kk,kk_1,0,,,,24,0,,
ko,ko_1,0,,,,6,2,,
ks,ks_0,0,,,,1,0,,
kv,kv_1,0,,ari_0,,10,8,,
kz,kz_2,0,,ams_0,,5,0,,
lF,lf_0,0,,ayd_0,,2,1,,
lG,lG,0,,akE,,2,3,,
lH,lH,0,,,,0,0,,
lL,ll_1,0,,hs_2,,4,1,,
lM,lm_1,0,,,,1,3,,
lT,lt_0,0,,abd_1,,9,1,,
lU,lu_1,0,,ke,,5,1,,
lW,lw_0,0,,,,1,0,,
le,le_0,0,,,,2,0,,
lf,lf,0,,,,11,2,,
lh,lh_0,0,,,,5,2,,
lk,lk,0,,,,7,0,,
lu,lu,0,,Cs,,1,0,,
lv,lv,0,,ua_0,,1,4,,
lw,lw_1,0,,,,2,0,,
lz,lz_1,0,,,,2,0,,
m,m_0,0,,,,1,0,,
mB,mb_2,0,,iz_0,,9,2,,
mF,mf_0,0,,,,0,0,,
mH,mH,0,,,,4,0,,
mI,mI,0,,,,1,0,,
mN,mn_0,0,,Cs,,1,0,,
mO,mo_0,0,,Cs,,1,0,,
mQ,mQ,0,,,,0,0,,
mR,mr_1,0,,,,1,0,,
mX,mX,0,,,,0,0,,
mY,my_2,0,,Cs,,1,0,,
ma,ma_1,0,,,,4,4,,
me,me_2,0,,un_2,,1,1,,
mf,mf_2,0,,,,4,4,,
mg,mg_1,0,,,,10,18,,
mh,mh_1,0,,,,4,3,,
mk,mk,0,,,,2,1,,
mr,mr_0,0,,,,0,0,,
mt,mt_2,0,,,,3,0,,
mu,mu,0,,,,7,7,,
mw,mw,0,,km_1,,1,1,,
nA,na_0,0,,ub_0,,1,0,,
nB,nB,0,,ax_0,,0,0,,
nC,nc_0,0,,iz_0,,7,2,,
nD,nd_2,0,,wt_0,,2,0,,
nE,ne_1,0,,,,0,0,,
nF,nF,0,,,,4,3,,
nG,ng_1,0,,anv,,5,2,,
nH,nh_1,0,,aFA,,3,2,,
nK,nk_2,0,,,,2,0,,
nM,nm_2,0,,,,0,6,,
nQ,nq_0,0,,aml_1,,0,0,,
nR,nr_0,0,,,,4,31,,
nT,nt_0,0,,,,0,0,,
nW,nW,0,,,,3,11,,
nX,nX,0,,atn,,1,0,,
nY,ny_2,0,,,,16,19,,
nZ,nz_0,0,,,,5,0,,
nb,nb_2,0,,Cs,,1,0,,
nf,nf_2,0,,,,0,0,,
ng,ng_0,0,,,,2,5,,
nl,nl_2,0,,AbstractCollection,,2,2,,
ns,ns_0,0,,,,6,3,,
nt,nt,0,,ua_0,,1,1,,
nx,nx_2,0,,ke,,3,1,,
nz,nz,0,,,,2,0,,
oA,oa_0,0,,af_1,,24,11,,
oD,od_1,0,,,,7,0,,
oE,oe_2,0,,oc_1,,1,0,,
oF,oF,0,,,,1,0,,
oH,oh_0,0,,,,1,0,,
oJ,oj_1,0,,,,0,0,,
oK,ok_0,0,,,,0,0,,
oL,ol_0,0,,,,0,0,,
oO,oo_0,0,,ua_0,,1,5,,
oS,os_1,0,,,,1,0,,
oT,ot_0,0,,,,0,1,,
oU,ou_0,0,,aww,,2,0,,
oV,oV,0,,ep_2,,7,3,,
oY,oY,0,,ov_2,,3,1,,
ob,ob_0,0,,,,1,0,,
oe,oe_1,0,,,,3,0,,
og,og,0,,RuntimeException,,0,1,,
ok,ok_2,0,,jz_0,,5,6,,
ol,ol_1,0,,ff_2,,7,7,,
ov,ov_2,0,,,,2,1,,
pF,pf_1,0,,atn,,1,0,,
pG,pg_2,0,,GLCanvas,,4,3,,
pI,pi_1,0,,,,0,1,,
pK,pk_2,0,,hs_2,,4,1,,
pO,po_2,0,,hp_2,,2,0,,
pQ,pq_0,0,,,,4,0,,
pX,pX,0,,Cs,,1,0,,
pa,pa_1,0,,,,0,1,,
pf,pf_2,0,,,,0,0,,
ph,ph_1,0,,,,28,16,,
pi,pi_2,0,,Cs,,1,0,,
pl,pl_0,0,,,,1,0,,
pm,pm_1,0,,,,1,0,,
pn,pn_1,0,,,,2,0,,
pq,pq_2,0,,,,1,3,,
px,px_2,0,,,,11,0,,
py,py_1,0,,,,4,0,,
pz,pz_2,0,,np_1,,3,0,,
q,q,0,,,,4,0,,
qC,qc_1,0,,ua_0,,2,1,,
qL,ql_2,0,,Cs,,1,0,,
qM,qm_2,0,,amq_2,,3,5,,
qN,qn_1,0,,,,1,0,,
qO,qO,0,,,,1,0,,
qP,qP,0,,ua_0,,1,3,,
qf,qf_1,0,,,,9,0,,
qg,qg_1,0,,,,9,2,,
qh,qh,0,,,,1,1,,
qj,qj_0,0,,,,0,9,,
qk,qk,0,,hs_2,,1,1,,
qw,qw,0,,abd_1,,8,6,,
qy,qy,0,,Cs,,1,0,,
qz,qz_1,0,,,,0,0,,
r,r_0,0,,,,13,4,,
rA,rA,0,,Rectangle,,7,1,,
rE,re_2,0,,aFA,,0,1,,
rG,rG,0,,,,5,0,,
rH,rH,0,,,,1,0,,
rI,rI,0,,yw_2,,2,0,,
rK,rK,0,,,,0,1,,
rM,rM,0,,afy_1,,13,18,,
rN,rN,0,,,,0,1,,
rO,ro_1,0,,,,1,0,,
rP,rp_1,0,,,,0,0,,
rR,rr_2,0,,xh_1,,4,3,,
rS,rS,0,,RuntimeException,,0,1,,
rT,rt_1,0,,,,0,0,,
rW,rW,0,,hx,,1,1,,
ra,ra_2,0,,,,3,0,,
rc,rc_1,0,,,,1,0,,
re,re_0,0,,kr_0,,12,10,,
rf,rf,0,,,,0,0,,
ri,ri_0,0,,,,1,0,,
rk,rk_1,0,,Cs,,1,0,,
rm,rm_0,0,,RuntimeException,,0,1,,
rn,rn_1,0,,Cs,,1,0,,
ro,ro_2,0,,,,2,0,,
rq,rq_0,0,,Cs,,1,0,,
rt,rt,0,,,,2,0,,
rv,rv_2,0,,,,0,25,,
sB,sB,0,,,,0,1,,
sG,sg_0,0,,hs_2,,1,1,,
sH,sH,0,,,,14,4,,
sN,sn_0,0,,,,9,4,,
sO,so_1,0,,akE,,0,0,,
sP,sP,0,,,,2,1,,
sS,ss_0,0,,,,2,6,,
sT,st_0,0,,Cs,,1,0,,
sU,sU,0,,vz_1,,19,4,,
sc,sc,0,,,,0,0,,
se,se_0,0,,,,1,0,,
sg,sg_1,0,,,,1,0,,
si,si,0,,za_1,,5,1,,
sj,sj_0,0,,ub_0,,1,2,,
sk,sk_0,0,,rs_2,,4,0,,
sl,sl_1,0,,,,0,5,,
sm,sm_0,0,,,,7,3,,
sn,sn,0,,asn,,17,1,,
sq,sq_0,0,,ars_0,,2,2,,
st,st_1,0,,,,1,0,,
sy,sy_0,0,,,,0,0,,
t,t_0,0,,,,0,0,,
tE,te_2,0,,,,0,29,,
tF,tF,0,,ym_2,,1,0,,
tJ,tj_0,0,,aPk,,2,0,,
tK,tk_1,0,,aL,,2,1,,
tQ,tQ,0,,,,1,0,,
tR,tr_2,0,,,,1,0,,
tS,ts_0,0,,ov_2,,2,0,,
tU,tU,0,,hz_2,,2,0,,
tV,tv_0,0,,,,1,1,,
tX,tx_2,0,,,,0,7,,
ta,ta_2,0,,Cs,,1,0,,
tb,tb_0,0,,,,4,1,,
td,td_2,0,,aaH,,5,5,,
te,te_0,0,,axS,,3,3,,
tf,tf_1,0,,or_1,,1,0,,
th,th_0,0,,hp_2,,2,0,,
tk,tk_2,0,,,,0,0,,
tl,tl_1,0,,RuntimeException,,0,1,,
to,to_0,0,,atn,,1,0,,
tz,tz,0,,,,0,0,,
uB,uB,0,,,,1,0,,
uE,ue_1,0,,Cs,,1,0,,
uJ,uj_2,0,,Cs,,1,0,,
uL,ul_1,0,,,,2,4,,
uS,us_0,0,,,,1,0,,
uT,ut_2,0,,aea_0,,3,0,,
uU,uu_2,0,,aea_0,,3,0,,
uW,uW,0,,os_0,,6,0,,
uX,uX,0,,,,21,10,,
uY,uy_2,0,,aea_0,,3,0,,
ui,ui_1,0,,aim,,0,0,,
ul,ul_0,0,,,,1,0,,
un,un,0,,,,0,0,,
up,up,0,,,,0,19,,
ur,ur_2,0,,,,0,0,,
uw,uw_0,0,,np_1,,3,0,,
uz,uz_2,0,,xX,,1,0,,
vA,vA,0,,,,6,0,,
vB,vb_2,0,,,,0,2,,
vC,vc_2,0,,,,0,0,,
vF,vF,0,,,,0,0,,
vG,vg_2,0,,aFg,,1,1,,
vM,vm_2,0,,akw_0,,7,0,,
vN,vn_2,0,,ayp,,3,0,,
vQ,vQ,0,,,,0,0,,
vU,vU,0,,,,7,0,,
vY,vY,0,,ke,,5,2,,
vZ,vz_0,0,,,,2,1,,
vb,vb_0,0,,,,5,0,,
vj,vj_0,0,,,,6,3,,
vn,vn,0,,,,4,2,,
vq,vq_1,0,,atu_0,,3,1,,
vr,vr_1,0,,RuntimeException,,0,1,,
vt,vt_1,0,,,,0,0,,
wA,wA,0,,,,6,2,,
wB,wb_1,0,,np_1,,3,0,,
wC,wC,0,,aFH,,20,10,,
wD,wd_1,0,,on_1,,4,2,,
wI,wi_1,0,,,,8,0,,
wK,wk_1,0,,iz_0,,7,1,,
wM,wm_1,0,,gi_2,,1,0,,
wO,wo_1,0,,ee_2,,3,0,,
wQ,wq_1,0,,,,7,8,,
wS,wS,0,,,,1,0,,
wV,wv_1,0,,,,0,0,,
wX,wX,0,,,,2,0,,
wb,wb_2,0,,,,1,0,,
wc,wc_1,0,,,,1,0,,
wd,wd_2,0,,,,0,0,,
we,we_2,0,,,,6,2,,
wf,wf_1,0,,atn,,1,0,,
wh,wh_1,0,,,,5,4,,
wi,wi_0,0,,np_1,,8,1,,
wl,wl_2,0,,Eq,,2,1,,
wq,wq_0,0,,Enum,,2,0,,
wv,wv_0,0,,RuntimeException,,0,1,,
wx,wx_2,0,,gi_2,,3,0,,
wz,wz_1,0,,akC,,12,19,,
xA,xa_0,0,,aEZ,,2,1,,
xC,xc_1,0,,,,0,0,,
xD,xd_1,0,,,,3,1,,
xE,xe_1,0,,Cs,,1,0,,
xI,xi_1,0,,a_0,,4,0,,
xL,xL,0,,,,4,0,,
xM,xM,0,,,,8,5,,
xS,xS,0,,,,1,2,,
xT,xt_2,0,,dj_2,,0,0,,
xf,xf,0,,,,1,0,,
xg,xg_0,0,,,,4,4,,
xh,xh_1,0,,jy_2,,0,0,,
xi,xi_2,0,,,,1,0,,
xo,xo_2,0,,ThreadLocal,,1,0,,
xt,xt,0,,Cs,,1,0,,
xu,xu_1,0,,,,21,0,,
xv,xv_0,0,,DV,,1,1,,
xy,xy,0,,,,1,0,,
y,y,0,,rs_2,,2,0,,
yD,yd_2,0,,atD,,2,0,,
yF,yF,0,,AbstractCollection,,2,2,,
yH,yh_0,0,,,,1,21,,
yI,yi_2,0,,,,2,0,,
yJ,yJ,0,,,,0,0,,
yM,yM,0,,aan_1,,2,0,,
yN,yn_2,0,,vx_1,,0,0,,
yO,yo_1,0,,,,0,0,,
yS,ys_0,0,,,,0,14,,
yT,yt_0,0,,akw_0,,4,0,,
yV,yV,0,,atn,,1,0,,
yZ,yZ,0,,ThreadLocal,,1,0,,
ya,ya_0,0,,,,1,0,,
yc,yc_2,0,,,,5,0,,
ye,ye_1,0,,,,10,26,,
yj,yj_2,0,,or_1,,1,0,,
yk,yk_2,0,,wh_1,,1,0,,
yo,yo_2,0,,Cs,,1,0,,
yr,yr_0,0,,,,1,0,,
ys,ys,0,,,,1,4,,
yv,yv_1,0,,,,12,4,,
yx,yx_0,0,,,,1,0,,
yy,yy_1,0,,Cs,,1,0,,
yz,yz_1,0,,Cs,,1,0,,
z,z_0,0,,np_1,,3,0,,
zD,zD,0,,,,1,0,,
zE,ze_0,0,,tr_1,,2,0,,
zF,zF,0,,ub_0,,1,4,,
zG,zG,0,,aaf_2,,2,1,,
zH,zH,0,,tj_0,,1,0,,
zM,zM,0,,,,8,3,,
zR,zr_0,0,,np_1,,4,0,,
zS,zS,0,,anw,,4,1,,
zT,zt_1,0,,,,5,0,,
zY,zY,0,,Cs,,1,0,,
zZ,zZ,0,,,,0,0,,
zc,zc_2,0,,,,7,0,,
zd,zd_0,0,,ub_0,,1,0,,
ze,ze_2,0,,RuntimeException,,0,0,,
zf,zf_0,0,,,,11,0,,
zg,zg_2,0,,ahl_1,,5,1,,
zn,zn_2,0,,aez_2,,2,0,,
zo,zo_1,0,,,,25,13,,
zp,zp,0,,,,1,0,,
zq,zq_2,0,,aez_2,,1,0,,
zs,zs_2,0,,,,0,0,,
zv,zv,0,,,,1,0,,
zw,zw,0,,,,2,0,,
